2026-06-12 00:02:52.133 +05:30 [ERR] Failed executing DbCommand (5ms) [Parameters=[], CommandType='"Text"', CommandTimeout='30']
SELECT [j].[Id], [j].[ACCOUNT_NO], [j].[BANK_ID], [j].[BANK_NAME], [j].[DELETE_DATE], [j].[ENTRY_DATE], [j].[MODIFY_DATE], [j].[STATUS]
FROM [jal_bank_master] AS [j]
ORDER BY [j].[BANK_NAME]
2026-06-12 00:02:52.156 +05:30 [ERR] An exception occurred while iterating over the results of a query for context type 'Water.Bill.Infrastructure.Data.ApplicationDbContext'.
Microsoft.Data.SqlClient.SqlException (0x80131904): Invalid column name 'Id'.
   at System.Threading.Tasks.ContinuationResultTaskFromResultTask`2.InnerInvoke()
   at System.Threading.ExecutionContext.RunInternal(ExecutionContext executionContext, ContextCallback callback, Object state)
--- End of stack trace from previous location ---
   at System.Threading.ExecutionContext.RunInternal(ExecutionContext executionContext, ContextCallback callback, Object state)
   at System.Threading.Tasks.Task.ExecuteWithThreadLocal(Task& currentTaskSlot, Thread threadPoolThread)
--- End of stack trace from previous location ---
   at Microsoft.EntityFrameworkCore.Storage.RelationalCommand.ExecuteReaderAsync(RelationalCommandParameterObject parameterObject, CancellationToken cancellationToken)
   at Microsoft.EntityFrameworkCore.Storage.RelationalCommand.ExecuteReaderAsync(RelationalCommandParameterObject parameterObject, CancellationToken cancellationToken)
   at Microsoft.EntityFrameworkCore.Query.Internal.SingleQueryingEnumerable`1.AsyncEnumerator.InitializeReaderAsync(AsyncEnumerator enumerator, CancellationToken cancellationToken)
   at Microsoft.EntityFrameworkCore.Storage.ExecutionStrategy.<>c__DisplayClass30_0`2.<<ExecuteAsync>b__0>d.MoveNext()
--- End of stack trace from previous location ---
   at Microsoft.EntityFrameworkCore.Storage.ExecutionStrategy.ExecuteImplementationAsync[TState,TResult](Func`4 operation, Func`4 verifySucceeded, TState state, CancellationToken cancellationToken)
   at Microsoft.EntityFrameworkCore.Storage.ExecutionStrategy.ExecuteImplementationAsync[TState,TResult](Func`4 operation, Func`4 verifySucceeded, TState state, CancellationToken cancellationToken)
   at Microsoft.EntityFrameworkCore.Storage.ExecutionStrategy.ExecuteAsync[TState,TResult](TState state, Func`4 operation, Func`4 verifySucceeded, CancellationToken cancellationToken)
   at Microsoft.EntityFrameworkCore.Query.Internal.SingleQueryingEnumerable`1.AsyncEnumerator.MoveNextAsync()
ClientConnectionId:4e4dd7c4-e9aa-4824-ae4d-098f79cd6982
Error Number:207,State:1,Class:16
Microsoft.Data.SqlClient.SqlException (0x80131904): Invalid column name 'Id'.
   at System.Threading.Tasks.ContinuationResultTaskFromResultTask`2.InnerInvoke()
   at System.Threading.ExecutionContext.RunInternal(ExecutionContext executionContext, ContextCallback callback, Object state)
--- End of stack trace from previous location ---
   at System.Threading.ExecutionContext.RunInternal(ExecutionContext executionContext, ContextCallback callback, Object state)
   at System.Threading.Tasks.Task.ExecuteWithThreadLocal(Task& currentTaskSlot, Thread threadPoolThread)
--- End of stack trace from previous location ---
   at Microsoft.EntityFrameworkCore.Storage.RelationalCommand.ExecuteReaderAsync(RelationalCommandParameterObject parameterObject, CancellationToken cancellationToken)
   at Microsoft.EntityFrameworkCore.Storage.RelationalCommand.ExecuteReaderAsync(RelationalCommandParameterObject parameterObject, CancellationToken cancellationToken)
   at Microsoft.EntityFrameworkCore.Query.Internal.SingleQueryingEnumerable`1.AsyncEnumerator.InitializeReaderAsync(AsyncEnumerator enumerator, CancellationToken cancellationToken)
   at Microsoft.EntityFrameworkCore.Storage.ExecutionStrategy.<>c__DisplayClass30_0`2.<<ExecuteAsync>b__0>d.MoveNext()
--- End of stack trace from previous location ---
   at Microsoft.EntityFrameworkCore.Storage.ExecutionStrategy.ExecuteImplementationAsync[TState,TResult](Func`4 operation, Func`4 verifySucceeded, TState state, CancellationToken cancellationToken)
   at Microsoft.EntityFrameworkCore.Storage.ExecutionStrategy.ExecuteImplementationAsync[TState,TResult](Func`4 operation, Func`4 verifySucceeded, TState state, CancellationToken cancellationToken)
   at Microsoft.EntityFrameworkCore.Storage.ExecutionStrategy.ExecuteAsync[TState,TResult](TState state, Func`4 operation, Func`4 verifySucceeded, CancellationToken cancellationToken)
   at Microsoft.EntityFrameworkCore.Query.Internal.SingleQueryingEnumerable`1.AsyncEnumerator.MoveNextAsync()
ClientConnectionId:4e4dd7c4-e9aa-4824-ae4d-098f79cd6982
Error Number:207,State:1,Class:16
2026-06-12 00:02:53.622 +05:30 [ERR] An unhandled exception has occurred while executing the request.
Microsoft.Data.SqlClient.SqlException (0x80131904): Invalid column name 'Id'.
   at System.Threading.Tasks.ContinuationResultTaskFromResultTask`2.InnerInvoke()
   at System.Threading.ExecutionContext.RunInternal(ExecutionContext executionContext, ContextCallback callback, Object state)
--- End of stack trace from previous location ---
   at System.Threading.ExecutionContext.RunInternal(ExecutionContext executionContext, ContextCallback callback, Object state)
   at System.Threading.Tasks.Task.ExecuteWithThreadLocal(Task& currentTaskSlot, Thread threadPoolThread)
--- End of stack trace from previous location ---
   at Microsoft.EntityFrameworkCore.Storage.RelationalCommand.ExecuteReaderAsync(RelationalCommandParameterObject parameterObject, CancellationToken cancellationToken)
   at Microsoft.EntityFrameworkCore.Storage.RelationalCommand.ExecuteReaderAsync(RelationalCommandParameterObject parameterObject, CancellationToken cancellationToken)
   at Microsoft.EntityFrameworkCore.Query.Internal.SingleQueryingEnumerable`1.AsyncEnumerator.InitializeReaderAsync(AsyncEnumerator enumerator, CancellationToken cancellationToken)
   at Microsoft.EntityFrameworkCore.Storage.ExecutionStrategy.<>c__DisplayClass30_0`2.<<ExecuteAsync>b__0>d.MoveNext()
--- End of stack trace from previous location ---
   at Microsoft.EntityFrameworkCore.Storage.ExecutionStrategy.ExecuteImplementationAsync[TState,TResult](Func`4 operation, Func`4 verifySucceeded, TState state, CancellationToken cancellationToken)
   at Microsoft.EntityFrameworkCore.Storage.ExecutionStrategy.ExecuteImplementationAsync[TState,TResult](Func`4 operation, Func`4 verifySucceeded, TState state, CancellationToken cancellationToken)
   at Microsoft.EntityFrameworkCore.Storage.ExecutionStrategy.ExecuteAsync[TState,TResult](TState state, Func`4 operation, Func`4 verifySucceeded, CancellationToken cancellationToken)
   at Microsoft.EntityFrameworkCore.Query.Internal.SingleQueryingEnumerable`1.AsyncEnumerator.MoveNextAsync()
   at Microsoft.EntityFrameworkCore.EntityFrameworkQueryableExtensions.ToListAsync[TSource](IQueryable`1 source, CancellationToken cancellationToken)
   at Microsoft.EntityFrameworkCore.EntityFrameworkQueryableExtensions.ToListAsync[TSource](IQueryable`1 source, CancellationToken cancellationToken)
   at Water.Bill.API.Controllers.Mvc.MastersController.GetRowsAsync(String key, CancellationToken ct) in C:\Users\Lekesh\Prince Yadav\Vedang Projects\Water Bill\VedangSoft.BPMS\Water.Bill\src\Water.Bill.API\Controllers\Mvc\MastersController.cs:line 369
   at Water.Bill.API.Controllers.Mvc.MastersController.Index(String key, Int32 page, Int32 pageSize, CancellationToken ct) in C:\Users\Lekesh\Prince Yadav\Vedang Projects\Water Bill\VedangSoft.BPMS\Water.Bill\src\Water.Bill.API\Controllers\Mvc\MastersController.cs:line 42
   at Microsoft.AspNetCore.Mvc.Infrastructure.ActionMethodExecutor.TaskOfIActionResultExecutor.Execute(ActionContext actionContext, IActionResultTypeMapper mapper, ObjectMethodExecutor executor, Object controller, Object[] arguments)
   at Microsoft.AspNetCore.Mvc.Infrastructure.ControllerActionInvoker.<InvokeActionMethodAsync>g__Awaited|12_0(ControllerActionInvoker invoker, ValueTask`1 actionResultValueTask)
   at Microsoft.AspNetCore.Mvc.Infrastructure.ControllerActionInvoker.<InvokeNextActionFilterAsync>g__Awaited|10_0(ControllerActionInvoker invoker, Task lastTask, State next, Scope scope, Object state, Boolean isCompleted)
   at Microsoft.AspNetCore.Mvc.Infrastructure.ControllerActionInvoker.Rethrow(ActionExecutedContextSealed context)
   at Microsoft.AspNetCore.Mvc.Infrastructure.ControllerActionInvoker.Next(State& next, Scope& scope, Object& state, Boolean& isCompleted)
   at Microsoft.AspNetCore.Mvc.Infrastructure.ControllerActionInvoker.<InvokeInnerFilterAsync>g__Awaited|13_0(ControllerActionInvoker invoker, Task lastTask, State next, Scope scope, Object state, Boolean isCompleted)
   at Microsoft.AspNetCore.Mvc.Infrastructure.ResourceInvoker.<InvokeNextResourceFilter>g__Awaited|25_0(ResourceInvoker invoker, Task lastTask, State next, Scope scope, Object state, Boolean isCompleted)
   at Microsoft.AspNetCore.Mvc.Infrastructure.ResourceInvoker.Rethrow(ResourceExecutedContextSealed context)
   at Microsoft.AspNetCore.Mvc.Infrastructure.ResourceInvoker.Next(State& next, Scope& scope, Object& state, Boolean& isCompleted)
   at Microsoft.AspNetCore.Mvc.Infrastructure.ResourceInvoker.<InvokeFilterPipelineAsync>g__Awaited|20_0(ResourceInvoker invoker, Task lastTask, State next, Scope scope, Object state, Boolean isCompleted)
   at Microsoft.AspNetCore.Mvc.Infrastructure.ResourceInvoker.<InvokeAsync>g__Awaited|17_0(ResourceInvoker invoker, Task task, IDisposable scope)
   at Microsoft.AspNetCore.Mvc.Infrastructure.ResourceInvoker.<InvokeAsync>g__Awaited|17_0(ResourceInvoker invoker, Task task, IDisposable scope)
   at Microsoft.AspNetCore.Authorization.AuthorizationMiddleware.Invoke(HttpContext context)
   at Program.<>c.<<<Main>$>b__0_2>d.MoveNext() in C:\Users\Lekesh\Prince Yadav\Vedang Projects\Water Bill\VedangSoft.BPMS\Water.Bill\src\Water.Bill.API\Program.cs:line 73
--- End of stack trace from previous location ---
   at Microsoft.AspNetCore.Authentication.AuthenticationMiddleware.Invoke(HttpContext context)
   at Swashbuckle.AspNetCore.SwaggerUI.SwaggerUIMiddleware.Invoke(HttpContext httpContext)
   at Swashbuckle.AspNetCore.Swagger.SwaggerMiddleware.Invoke(HttpContext httpContext, ISwaggerProvider swaggerProvider)
   at Microsoft.AspNetCore.Diagnostics.DeveloperExceptionPageMiddlewareImpl.Invoke(HttpContext context)
ClientConnectionId:4e4dd7c4-e9aa-4824-ae4d-098f79cd6982
Error Number:207,State:1,Class:16
2026-06-12 00:16:39.030 +05:30 [INF] Now listening on: https://localhost:7183
2026-06-12 00:16:39.156 +05:30 [INF] Now listening on: http://localhost:5264
2026-06-12 00:16:40.233 +05:30 [INF] Application started. Press Ctrl+C to shut down.
2026-06-12 00:16:40.494 +05:30 [INF] Hosting environment: Development
2026-06-12 00:16:40.503 +05:30 [INF] Content root path: C:\Users\Lekesh\Prince Yadav\Vedang Projects\Water Bill\VedangSoft.BPMS\Water.Bill\src\Water.Bill.API
2026-06-12 00:16:57.344 +05:30 [WRN] The 'bool' property 'IsActive' on entity type 'CommunicationPurpose' is configured with a database-generated default, but has no configured sentinel value. The database-generated default will always be used for inserts when the property has the value 'False', since this is the CLR default for the 'bool' type. Consider using a nullable type, using a nullable backing field, or setting the sentinel value for the property to ensure the database default is used when, and only when, appropriate. See https://aka.ms/efcore-docs-default-values for more information.
2026-06-12 00:16:57.979 +05:30 [WRN] The 'bool' property 'IsSystem' on entity type 'CommunicationPurpose' is configured with a database-generated default, but has no configured sentinel value. The database-generated default will always be used for inserts when the property has the value 'False', since this is the CLR default for the 'bool' type. Consider using a nullable type, using a nullable backing field, or setting the sentinel value for the property to ensure the database default is used when, and only when, appropriate. See https://aka.ms/efcore-docs-default-values for more information.
2026-06-12 00:16:58.680 +05:30 [WRN] The 'bool' property 'IsActive' on entity type 'CommunicationTemplate' is configured with a database-generated default, but has no configured sentinel value. The database-generated default will always be used for inserts when the property has the value 'False', since this is the CLR default for the 'bool' type. Consider using a nullable type, using a nullable backing field, or setting the sentinel value for the property to ensure the database default is used when, and only when, appropriate. See https://aka.ms/efcore-docs-default-values for more information.
2026-06-12 00:16:59.317 +05:30 [WRN] The 'bool' property 'IsDefault' on entity type 'CommunicationTemplate' is configured with a database-generated default, but has no configured sentinel value. The database-generated default will always be used for inserts when the property has the value 'False', since this is the CLR default for the 'bool' type. Consider using a nullable type, using a nullable backing field, or setting the sentinel value for the property to ensure the database default is used when, and only when, appropriate. See https://aka.ms/efcore-docs-default-values for more information.
2026-06-12 00:16:59.407 +05:30 [WRN] The 'bool' property 'IsDeleted' on entity type 'CommunicationTemplate' is configured with a database-generated default, but has no configured sentinel value. The database-generated default will always be used for inserts when the property has the value 'False', since this is the CLR default for the 'bool' type. Consider using a nullable type, using a nullable backing field, or setting the sentinel value for the property to ensure the database default is used when, and only when, appropriate. See https://aka.ms/efcore-docs-default-values for more information.
2026-06-12 00:16:59.417 +05:30 [WRN] The 'bool' property 'IsActive' on entity type 'ConsumerOtpVerification' is configured with a database-generated default, but has no configured sentinel value. The database-generated default will always be used for inserts when the property has the value 'False', since this is the CLR default for the 'bool' type. Consider using a nullable type, using a nullable backing field, or setting the sentinel value for the property to ensure the database default is used when, and only when, appropriate. See https://aka.ms/efcore-docs-default-values for more information.
2026-06-12 00:16:59.423 +05:30 [WRN] The 'bool' property 'IsDeleted' on entity type 'ConsumerOtpVerification' is configured with a database-generated default, but has no configured sentinel value. The database-generated default will always be used for inserts when the property has the value 'False', since this is the CLR default for the 'bool' type. Consider using a nullable type, using a nullable backing field, or setting the sentinel value for the property to ensure the database default is used when, and only when, appropriate. See https://aka.ms/efcore-docs-default-values for more information.
2026-06-12 00:16:59.469 +05:30 [WRN] The 'bool' property 'IsDeleted' on entity type 'InAppNotification' is configured with a database-generated default, but has no configured sentinel value. The database-generated default will always be used for inserts when the property has the value 'False', since this is the CLR default for the 'bool' type. Consider using a nullable type, using a nullable backing field, or setting the sentinel value for the property to ensure the database default is used when, and only when, appropriate. See https://aka.ms/efcore-docs-default-values for more information.
2026-06-12 00:16:59.504 +05:30 [WRN] The 'bool' property 'IsRead' on entity type 'InAppNotification' is configured with a database-generated default, but has no configured sentinel value. The database-generated default will always be used for inserts when the property has the value 'False', since this is the CLR default for the 'bool' type. Consider using a nullable type, using a nullable backing field, or setting the sentinel value for the property to ensure the database default is used when, and only when, appropriate. See https://aka.ms/efcore-docs-default-values for more information.
2026-06-12 00:16:59.517 +05:30 [WRN] The 'bool' property 'ShowInSidebar' on entity type 'Menuitem' is configured with a database-generated default, but has no configured sentinel value. The database-generated default will always be used for inserts when the property has the value 'False', since this is the CLR default for the 'bool' type. Consider using a nullable type, using a nullable backing field, or setting the sentinel value for the property to ensure the database default is used when, and only when, appropriate. See https://aka.ms/efcore-docs-default-values for more information.
2026-06-12 00:16:59.527 +05:30 [WRN] The 'bool' property 'IsActive' on entity type 'PermissionModule' is configured with a database-generated default, but has no configured sentinel value. The database-generated default will always be used for inserts when the property has the value 'False', since this is the CLR default for the 'bool' type. Consider using a nullable type, using a nullable backing field, or setting the sentinel value for the property to ensure the database default is used when, and only when, appropriate. See https://aka.ms/efcore-docs-default-values for more information.
2026-06-12 00:16:59.533 +05:30 [WRN] The 'bool' property 'IsDeleted' on entity type 'PermissionModule' is configured with a database-generated default, but has no configured sentinel value. The database-generated default will always be used for inserts when the property has the value 'False', since this is the CLR default for the 'bool' type. Consider using a nullable type, using a nullable backing field, or setting the sentinel value for the property to ensure the database default is used when, and only when, appropriate. See https://aka.ms/efcore-docs-default-values for more information.
2026-06-12 01:10:30.944 +05:30 [INF] Now listening on: https://localhost:7183
2026-06-12 01:10:31.420 +05:30 [INF] Now listening on: http://localhost:5264
2026-06-12 01:10:32.355 +05:30 [INF] Application started. Press Ctrl+C to shut down.
2026-06-12 01:10:32.493 +05:30 [INF] Hosting environment: Development
2026-06-12 01:10:32.598 +05:30 [INF] Content root path: C:\Users\Lekesh\Prince Yadav\Vedang Projects\Water Bill\VedangSoft.BPMS\Water.Bill\src\Water.Bill.API
2026-06-12 01:10:41.628 +05:30 [WRN] The 'bool' property 'IsActive' on entity type 'CommunicationPurpose' is configured with a database-generated default, but has no configured sentinel value. The database-generated default will always be used for inserts when the property has the value 'False', since this is the CLR default for the 'bool' type. Consider using a nullable type, using a nullable backing field, or setting the sentinel value for the property to ensure the database default is used when, and only when, appropriate. See https://aka.ms/efcore-docs-default-values for more information.
2026-06-12 01:10:41.641 +05:30 [WRN] The 'bool' property 'IsSystem' on entity type 'CommunicationPurpose' is configured with a database-generated default, but has no configured sentinel value. The database-generated default will always be used for inserts when the property has the value 'False', since this is the CLR default for the 'bool' type. Consider using a nullable type, using a nullable backing field, or setting the sentinel value for the property to ensure the database default is used when, and only when, appropriate. See https://aka.ms/efcore-docs-default-values for more information.
2026-06-12 01:10:41.645 +05:30 [WRN] The 'bool' property 'IsActive' on entity type 'CommunicationTemplate' is configured with a database-generated default, but has no configured sentinel value. The database-generated default will always be used for inserts when the property has the value 'False', since this is the CLR default for the 'bool' type. Consider using a nullable type, using a nullable backing field, or setting the sentinel value for the property to ensure the database default is used when, and only when, appropriate. See https://aka.ms/efcore-docs-default-values for more information.
2026-06-12 01:10:41.649 +05:30 [WRN] The 'bool' property 'IsDefault' on entity type 'CommunicationTemplate' is configured with a database-generated default, but has no configured sentinel value. The database-generated default will always be used for inserts when the property has the value 'False', since this is the CLR default for the 'bool' type. Consider using a nullable type, using a nullable backing field, or setting the sentinel value for the property to ensure the database default is used when, and only when, appropriate. See https://aka.ms/efcore-docs-default-values for more information.
2026-06-12 01:10:41.679 +05:30 [WRN] The 'bool' property 'IsDeleted' on entity type 'CommunicationTemplate' is configured with a database-generated default, but has no configured sentinel value. The database-generated default will always be used for inserts when the property has the value 'False', since this is the CLR default for the 'bool' type. Consider using a nullable type, using a nullable backing field, or setting the sentinel value for the property to ensure the database default is used when, and only when, appropriate. See https://aka.ms/efcore-docs-default-values for more information.
2026-06-12 01:10:41.686 +05:30 [WRN] The 'bool' property 'IsActive' on entity type 'ConsumerOtpVerification' is configured with a database-generated default, but has no configured sentinel value. The database-generated default will always be used for inserts when the property has the value 'False', since this is the CLR default for the 'bool' type. Consider using a nullable type, using a nullable backing field, or setting the sentinel value for the property to ensure the database default is used when, and only when, appropriate. See https://aka.ms/efcore-docs-default-values for more information.
2026-06-12 01:10:41.693 +05:30 [WRN] The 'bool' property 'IsDeleted' on entity type 'ConsumerOtpVerification' is configured with a database-generated default, but has no configured sentinel value. The database-generated default will always be used for inserts when the property has the value 'False', since this is the CLR default for the 'bool' type. Consider using a nullable type, using a nullable backing field, or setting the sentinel value for the property to ensure the database default is used when, and only when, appropriate. See https://aka.ms/efcore-docs-default-values for more information.
2026-06-12 01:10:41.701 +05:30 [WRN] The 'bool' property 'IsDeleted' on entity type 'InAppNotification' is configured with a database-generated default, but has no configured sentinel value. The database-generated default will always be used for inserts when the property has the value 'False', since this is the CLR default for the 'bool' type. Consider using a nullable type, using a nullable backing field, or setting the sentinel value for the property to ensure the database default is used when, and only when, appropriate. See https://aka.ms/efcore-docs-default-values for more information.
2026-06-12 01:10:41.712 +05:30 [WRN] The 'bool' property 'IsRead' on entity type 'InAppNotification' is configured with a database-generated default, but has no configured sentinel value. The database-generated default will always be used for inserts when the property has the value 'False', since this is the CLR default for the 'bool' type. Consider using a nullable type, using a nullable backing field, or setting the sentinel value for the property to ensure the database default is used when, and only when, appropriate. See https://aka.ms/efcore-docs-default-values for more information.
2026-06-12 01:10:41.869 +05:30 [WRN] The 'bool' property 'ShowInSidebar' on entity type 'Menuitem' is configured with a database-generated default, but has no configured sentinel value. The database-generated default will always be used for inserts when the property has the value 'False', since this is the CLR default for the 'bool' type. Consider using a nullable type, using a nullable backing field, or setting the sentinel value for the property to ensure the database default is used when, and only when, appropriate. See https://aka.ms/efcore-docs-default-values for more information.
2026-06-12 01:10:41.881 +05:30 [WRN] The 'bool' property 'IsActive' on entity type 'PermissionModule' is configured with a database-generated default, but has no configured sentinel value. The database-generated default will always be used for inserts when the property has the value 'False', since this is the CLR default for the 'bool' type. Consider using a nullable type, using a nullable backing field, or setting the sentinel value for the property to ensure the database default is used when, and only when, appropriate. See https://aka.ms/efcore-docs-default-values for more information.
2026-06-12 01:10:42.211 +05:30 [WRN] The 'bool' property 'IsDeleted' on entity type 'PermissionModule' is configured with a database-generated default, but has no configured sentinel value. The database-generated default will always be used for inserts when the property has the value 'False', since this is the CLR default for the 'bool' type. Consider using a nullable type, using a nullable backing field, or setting the sentinel value for the property to ensure the database default is used when, and only when, appropriate. See https://aka.ms/efcore-docs-default-values for more information.
2026-06-12 01:33:31.603 +05:30 [INF] Now listening on: https://localhost:7183
2026-06-12 01:33:32.054 +05:30 [INF] Now listening on: http://localhost:5264
2026-06-12 01:33:32.857 +05:30 [INF] Application started. Press Ctrl+C to shut down.
2026-06-12 01:33:33.300 +05:30 [INF] Hosting environment: Development
2026-06-12 01:33:33.301 +05:30 [INF] Content root path: C:\Users\Lekesh\Prince Yadav\Vedang Projects\Water Bill\VedangSoft.BPMS\Water.Bill\src\Water.Bill.API
2026-06-12 01:33:42.583 +05:30 [WRN] The 'bool' property 'IsActive' on entity type 'CommunicationPurpose' is configured with a database-generated default, but has no configured sentinel value. The database-generated default will always be used for inserts when the property has the value 'False', since this is the CLR default for the 'bool' type. Consider using a nullable type, using a nullable backing field, or setting the sentinel value for the property to ensure the database default is used when, and only when, appropriate. See https://aka.ms/efcore-docs-default-values for more information.
2026-06-12 01:33:42.782 +05:30 [WRN] The 'bool' property 'IsSystem' on entity type 'CommunicationPurpose' is configured with a database-generated default, but has no configured sentinel value. The database-generated default will always be used for inserts when the property has the value 'False', since this is the CLR default for the 'bool' type. Consider using a nullable type, using a nullable backing field, or setting the sentinel value for the property to ensure the database default is used when, and only when, appropriate. See https://aka.ms/efcore-docs-default-values for more information.
2026-06-12 01:33:42.786 +05:30 [WRN] The 'bool' property 'IsActive' on entity type 'CommunicationTemplate' is configured with a database-generated default, but has no configured sentinel value. The database-generated default will always be used for inserts when the property has the value 'False', since this is the CLR default for the 'bool' type. Consider using a nullable type, using a nullable backing field, or setting the sentinel value for the property to ensure the database default is used when, and only when, appropriate. See https://aka.ms/efcore-docs-default-values for more information.
2026-06-12 01:33:42.794 +05:30 [WRN] The 'bool' property 'IsDefault' on entity type 'CommunicationTemplate' is configured with a database-generated default, but has no configured sentinel value. The database-generated default will always be used for inserts when the property has the value 'False', since this is the CLR default for the 'bool' type. Consider using a nullable type, using a nullable backing field, or setting the sentinel value for the property to ensure the database default is used when, and only when, appropriate. See https://aka.ms/efcore-docs-default-values for more information.
2026-06-12 01:33:42.868 +05:30 [WRN] The 'bool' property 'IsDeleted' on entity type 'CommunicationTemplate' is configured with a database-generated default, but has no configured sentinel value. The database-generated default will always be used for inserts when the property has the value 'False', since this is the CLR default for the 'bool' type. Consider using a nullable type, using a nullable backing field, or setting the sentinel value for the property to ensure the database default is used when, and only when, appropriate. See https://aka.ms/efcore-docs-default-values for more information.
2026-06-12 01:33:42.877 +05:30 [WRN] The 'bool' property 'IsActive' on entity type 'ConsumerOtpVerification' is configured with a database-generated default, but has no configured sentinel value. The database-generated default will always be used for inserts when the property has the value 'False', since this is the CLR default for the 'bool' type. Consider using a nullable type, using a nullable backing field, or setting the sentinel value for the property to ensure the database default is used when, and only when, appropriate. See https://aka.ms/efcore-docs-default-values for more information.
2026-06-12 01:33:42.883 +05:30 [WRN] The 'bool' property 'IsDeleted' on entity type 'ConsumerOtpVerification' is configured with a database-generated default, but has no configured sentinel value. The database-generated default will always be used for inserts when the property has the value 'False', since this is the CLR default for the 'bool' type. Consider using a nullable type, using a nullable backing field, or setting the sentinel value for the property to ensure the database default is used when, and only when, appropriate. See https://aka.ms/efcore-docs-default-values for more information.
2026-06-12 01:33:42.893 +05:30 [WRN] The 'bool' property 'IsDeleted' on entity type 'InAppNotification' is configured with a database-generated default, but has no configured sentinel value. The database-generated default will always be used for inserts when the property has the value 'False', since this is the CLR default for the 'bool' type. Consider using a nullable type, using a nullable backing field, or setting the sentinel value for the property to ensure the database default is used when, and only when, appropriate. See https://aka.ms/efcore-docs-default-values for more information.
2026-06-12 01:33:42.935 +05:30 [WRN] The 'bool' property 'IsRead' on entity type 'InAppNotification' is configured with a database-generated default, but has no configured sentinel value. The database-generated default will always be used for inserts when the property has the value 'False', since this is the CLR default for the 'bool' type. Consider using a nullable type, using a nullable backing field, or setting the sentinel value for the property to ensure the database default is used when, and only when, appropriate. See https://aka.ms/efcore-docs-default-values for more information.
2026-06-12 01:33:42.947 +05:30 [WRN] The 'bool' property 'ShowInSidebar' on entity type 'Menuitem' is configured with a database-generated default, but has no configured sentinel value. The database-generated default will always be used for inserts when the property has the value 'False', since this is the CLR default for the 'bool' type. Consider using a nullable type, using a nullable backing field, or setting the sentinel value for the property to ensure the database default is used when, and only when, appropriate. See https://aka.ms/efcore-docs-default-values for more information.
2026-06-12 01:33:42.955 +05:30 [WRN] The 'bool' property 'IsActive' on entity type 'PermissionModule' is configured with a database-generated default, but has no configured sentinel value. The database-generated default will always be used for inserts when the property has the value 'False', since this is the CLR default for the 'bool' type. Consider using a nullable type, using a nullable backing field, or setting the sentinel value for the property to ensure the database default is used when, and only when, appropriate. See https://aka.ms/efcore-docs-default-values for more information.
2026-06-12 01:33:42.965 +05:30 [WRN] The 'bool' property 'IsDeleted' on entity type 'PermissionModule' is configured with a database-generated default, but has no configured sentinel value. The database-generated default will always be used for inserts when the property has the value 'False', since this is the CLR default for the 'bool' type. Consider using a nullable type, using a nullable backing field, or setting the sentinel value for the property to ensure the database default is used when, and only when, appropriate. See https://aka.ms/efcore-docs-default-values for more information.
2026-06-12 01:54:20.748 +05:30 [INF] Now listening on: https://localhost:7183
2026-06-12 01:54:20.865 +05:30 [INF] Now listening on: http://localhost:5264
2026-06-12 01:54:21.783 +05:30 [INF] Application started. Press Ctrl+C to shut down.
2026-06-12 01:54:22.464 +05:30 [INF] Hosting environment: Development
2026-06-12 01:54:22.465 +05:30 [INF] Content root path: C:\Users\Lekesh\Prince Yadav\Vedang Projects\Water Bill\VedangSoft.BPMS\Water.Bill\src\Water.Bill.API
2026-06-12 01:54:32.393 +05:30 [WRN] The 'bool' property 'IsActive' on entity type 'CommunicationPurpose' is configured with a database-generated default, but has no configured sentinel value. The database-generated default will always be used for inserts when the property has the value 'False', since this is the CLR default for the 'bool' type. Consider using a nullable type, using a nullable backing field, or setting the sentinel value for the property to ensure the database default is used when, and only when, appropriate. See https://aka.ms/efcore-docs-default-values for more information.
2026-06-12 01:54:32.405 +05:30 [WRN] The 'bool' property 'IsSystem' on entity type 'CommunicationPurpose' is configured with a database-generated default, but has no configured sentinel value. The database-generated default will always be used for inserts when the property has the value 'False', since this is the CLR default for the 'bool' type. Consider using a nullable type, using a nullable backing field, or setting the sentinel value for the property to ensure the database default is used when, and only when, appropriate. See https://aka.ms/efcore-docs-default-values for more information.
2026-06-12 01:54:32.411 +05:30 [WRN] The 'bool' property 'IsActive' on entity type 'CommunicationTemplate' is configured with a database-generated default, but has no configured sentinel value. The database-generated default will always be used for inserts when the property has the value 'False', since this is the CLR default for the 'bool' type. Consider using a nullable type, using a nullable backing field, or setting the sentinel value for the property to ensure the database default is used when, and only when, appropriate. See https://aka.ms/efcore-docs-default-values for more information.
2026-06-12 01:54:32.416 +05:30 [WRN] The 'bool' property 'IsDefault' on entity type 'CommunicationTemplate' is configured with a database-generated default, but has no configured sentinel value. The database-generated default will always be used for inserts when the property has the value 'False', since this is the CLR default for the 'bool' type. Consider using a nullable type, using a nullable backing field, or setting the sentinel value for the property to ensure the database default is used when, and only when, appropriate. See https://aka.ms/efcore-docs-default-values for more information.
2026-06-12 01:54:32.420 +05:30 [WRN] The 'bool' property 'IsDeleted' on entity type 'CommunicationTemplate' is configured with a database-generated default, but has no configured sentinel value. The database-generated default will always be used for inserts when the property has the value 'False', since this is the CLR default for the 'bool' type. Consider using a nullable type, using a nullable backing field, or setting the sentinel value for the property to ensure the database default is used when, and only when, appropriate. See https://aka.ms/efcore-docs-default-values for more information.
2026-06-12 01:54:32.426 +05:30 [WRN] The 'bool' property 'IsActive' on entity type 'ConsumerOtpVerification' is configured with a database-generated default, but has no configured sentinel value. The database-generated default will always be used for inserts when the property has the value 'False', since this is the CLR default for the 'bool' type. Consider using a nullable type, using a nullable backing field, or setting the sentinel value for the property to ensure the database default is used when, and only when, appropriate. See https://aka.ms/efcore-docs-default-values for more information.
2026-06-12 01:54:32.432 +05:30 [WRN] The 'bool' property 'IsDeleted' on entity type 'ConsumerOtpVerification' is configured with a database-generated default, but has no configured sentinel value. The database-generated default will always be used for inserts when the property has the value 'False', since this is the CLR default for the 'bool' type. Consider using a nullable type, using a nullable backing field, or setting the sentinel value for the property to ensure the database default is used when, and only when, appropriate. See https://aka.ms/efcore-docs-default-values for more information.
2026-06-12 01:54:32.440 +05:30 [WRN] The 'bool' property 'IsDeleted' on entity type 'InAppNotification' is configured with a database-generated default, but has no configured sentinel value. The database-generated default will always be used for inserts when the property has the value 'False', since this is the CLR default for the 'bool' type. Consider using a nullable type, using a nullable backing field, or setting the sentinel value for the property to ensure the database default is used when, and only when, appropriate. See https://aka.ms/efcore-docs-default-values for more information.
2026-06-12 01:54:32.449 +05:30 [WRN] The 'bool' property 'IsRead' on entity type 'InAppNotification' is configured with a database-generated default, but has no configured sentinel value. The database-generated default will always be used for inserts when the property has the value 'False', since this is the CLR default for the 'bool' type. Consider using a nullable type, using a nullable backing field, or setting the sentinel value for the property to ensure the database default is used when, and only when, appropriate. See https://aka.ms/efcore-docs-default-values for more information.
2026-06-12 01:54:32.459 +05:30 [WRN] The 'bool' property 'ShowInSidebar' on entity type 'Menuitem' is configured with a database-generated default, but has no configured sentinel value. The database-generated default will always be used for inserts when the property has the value 'False', since this is the CLR default for the 'bool' type. Consider using a nullable type, using a nullable backing field, or setting the sentinel value for the property to ensure the database default is used when, and only when, appropriate. See https://aka.ms/efcore-docs-default-values for more information.
2026-06-12 01:54:32.465 +05:30 [WRN] The 'bool' property 'IsActive' on entity type 'PermissionModule' is configured with a database-generated default, but has no configured sentinel value. The database-generated default will always be used for inserts when the property has the value 'False', since this is the CLR default for the 'bool' type. Consider using a nullable type, using a nullable backing field, or setting the sentinel value for the property to ensure the database default is used when, and only when, appropriate. See https://aka.ms/efcore-docs-default-values for more information.
2026-06-12 01:54:32.476 +05:30 [WRN] The 'bool' property 'IsDeleted' on entity type 'PermissionModule' is configured with a database-generated default, but has no configured sentinel value. The database-generated default will always be used for inserts when the property has the value 'False', since this is the CLR default for the 'bool' type. Consider using a nullable type, using a nullable backing field, or setting the sentinel value for the property to ensure the database default is used when, and only when, appropriate. See https://aka.ms/efcore-docs-default-values for more information.
2026-06-12 02:21:40.787 +05:30 [INF] Now listening on: https://localhost:7183
2026-06-12 02:21:41.311 +05:30 [INF] Now listening on: http://localhost:5264
2026-06-12 02:21:42.196 +05:30 [INF] Application started. Press Ctrl+C to shut down.
2026-06-12 02:21:42.205 +05:30 [INF] Hosting environment: Development
2026-06-12 02:21:42.207 +05:30 [INF] Content root path: C:\Users\Lekesh\Prince Yadav\Vedang Projects\Water Bill\VedangSoft.BPMS\Water.Bill\src\Water.Bill.API
2026-06-12 02:21:55.827 +05:30 [WRN] The 'bool' property 'IsActive' on entity type 'CommunicationPurpose' is configured with a database-generated default, but has no configured sentinel value. The database-generated default will always be used for inserts when the property has the value 'False', since this is the CLR default for the 'bool' type. Consider using a nullable type, using a nullable backing field, or setting the sentinel value for the property to ensure the database default is used when, and only when, appropriate. See https://aka.ms/efcore-docs-default-values for more information.
2026-06-12 02:21:56.646 +05:30 [WRN] The 'bool' property 'IsSystem' on entity type 'CommunicationPurpose' is configured with a database-generated default, but has no configured sentinel value. The database-generated default will always be used for inserts when the property has the value 'False', since this is the CLR default for the 'bool' type. Consider using a nullable type, using a nullable backing field, or setting the sentinel value for the property to ensure the database default is used when, and only when, appropriate. See https://aka.ms/efcore-docs-default-values for more information.
2026-06-12 02:21:56.650 +05:30 [WRN] The 'bool' property 'IsActive' on entity type 'CommunicationTemplate' is configured with a database-generated default, but has no configured sentinel value. The database-generated default will always be used for inserts when the property has the value 'False', since this is the CLR default for the 'bool' type. Consider using a nullable type, using a nullable backing field, or setting the sentinel value for the property to ensure the database default is used when, and only when, appropriate. See https://aka.ms/efcore-docs-default-values for more information.
2026-06-12 02:21:56.659 +05:30 [WRN] The 'bool' property 'IsDefault' on entity type 'CommunicationTemplate' is configured with a database-generated default, but has no configured sentinel value. The database-generated default will always be used for inserts when the property has the value 'False', since this is the CLR default for the 'bool' type. Consider using a nullable type, using a nullable backing field, or setting the sentinel value for the property to ensure the database default is used when, and only when, appropriate. See https://aka.ms/efcore-docs-default-values for more information.
2026-06-12 02:21:56.690 +05:30 [WRN] The 'bool' property 'IsDeleted' on entity type 'CommunicationTemplate' is configured with a database-generated default, but has no configured sentinel value. The database-generated default will always be used for inserts when the property has the value 'False', since this is the CLR default for the 'bool' type. Consider using a nullable type, using a nullable backing field, or setting the sentinel value for the property to ensure the database default is used when, and only when, appropriate. See https://aka.ms/efcore-docs-default-values for more information.
2026-06-12 02:21:56.694 +05:30 [WRN] The 'bool' property 'IsActive' on entity type 'ConsumerOtpVerification' is configured with a database-generated default, but has no configured sentinel value. The database-generated default will always be used for inserts when the property has the value 'False', since this is the CLR default for the 'bool' type. Consider using a nullable type, using a nullable backing field, or setting the sentinel value for the property to ensure the database default is used when, and only when, appropriate. See https://aka.ms/efcore-docs-default-values for more information.
2026-06-12 02:21:56.700 +05:30 [WRN] The 'bool' property 'IsDeleted' on entity type 'ConsumerOtpVerification' is configured with a database-generated default, but has no configured sentinel value. The database-generated default will always be used for inserts when the property has the value 'False', since this is the CLR default for the 'bool' type. Consider using a nullable type, using a nullable backing field, or setting the sentinel value for the property to ensure the database default is used when, and only when, appropriate. See https://aka.ms/efcore-docs-default-values for more information.
2026-06-12 02:21:56.708 +05:30 [WRN] The 'bool' property 'IsDeleted' on entity type 'InAppNotification' is configured with a database-generated default, but has no configured sentinel value. The database-generated default will always be used for inserts when the property has the value 'False', since this is the CLR default for the 'bool' type. Consider using a nullable type, using a nullable backing field, or setting the sentinel value for the property to ensure the database default is used when, and only when, appropriate. See https://aka.ms/efcore-docs-default-values for more information.
2026-06-12 02:21:56.714 +05:30 [WRN] The 'bool' property 'IsRead' on entity type 'InAppNotification' is configured with a database-generated default, but has no configured sentinel value. The database-generated default will always be used for inserts when the property has the value 'False', since this is the CLR default for the 'bool' type. Consider using a nullable type, using a nullable backing field, or setting the sentinel value for the property to ensure the database default is used when, and only when, appropriate. See https://aka.ms/efcore-docs-default-values for more information.
2026-06-12 02:21:56.724 +05:30 [WRN] The 'bool' property 'ShowInSidebar' on entity type 'Menuitem' is configured with a database-generated default, but has no configured sentinel value. The database-generated default will always be used for inserts when the property has the value 'False', since this is the CLR default for the 'bool' type. Consider using a nullable type, using a nullable backing field, or setting the sentinel value for the property to ensure the database default is used when, and only when, appropriate. See https://aka.ms/efcore-docs-default-values for more information.
2026-06-12 02:21:56.729 +05:30 [WRN] The 'bool' property 'IsActive' on entity type 'PermissionModule' is configured with a database-generated default, but has no configured sentinel value. The database-generated default will always be used for inserts when the property has the value 'False', since this is the CLR default for the 'bool' type. Consider using a nullable type, using a nullable backing field, or setting the sentinel value for the property to ensure the database default is used when, and only when, appropriate. See https://aka.ms/efcore-docs-default-values for more information.
2026-06-12 02:21:56.734 +05:30 [WRN] The 'bool' property 'IsDeleted' on entity type 'PermissionModule' is configured with a database-generated default, but has no configured sentinel value. The database-generated default will always be used for inserts when the property has the value 'False', since this is the CLR default for the 'bool' type. Consider using a nullable type, using a nullable backing field, or setting the sentinel value for the property to ensure the database default is used when, and only when, appropriate. See https://aka.ms/efcore-docs-default-values for more information.
2026-06-12 02:32:02.041 +05:30 [INF] Now listening on: https://localhost:7183
2026-06-12 02:32:02.156 +05:30 [INF] Now listening on: http://localhost:5264
2026-06-12 02:32:02.727 +05:30 [INF] Application started. Press Ctrl+C to shut down.
2026-06-12 02:32:02.730 +05:30 [INF] Hosting environment: Development
2026-06-12 02:32:02.733 +05:30 [INF] Content root path: C:\Users\Lekesh\Prince Yadav\Vedang Projects\Water Bill\VedangSoft.BPMS\Water.Bill\src\Water.Bill.API
2026-06-12 02:32:11.300 +05:30 [WRN] The 'bool' property 'IsActive' on entity type 'CommunicationPurpose' is configured with a database-generated default, but has no configured sentinel value. The database-generated default will always be used for inserts when the property has the value 'False', since this is the CLR default for the 'bool' type. Consider using a nullable type, using a nullable backing field, or setting the sentinel value for the property to ensure the database default is used when, and only when, appropriate. See https://aka.ms/efcore-docs-default-values for more information.
2026-06-12 02:32:11.321 +05:30 [WRN] The 'bool' property 'IsSystem' on entity type 'CommunicationPurpose' is configured with a database-generated default, but has no configured sentinel value. The database-generated default will always be used for inserts when the property has the value 'False', since this is the CLR default for the 'bool' type. Consider using a nullable type, using a nullable backing field, or setting the sentinel value for the property to ensure the database default is used when, and only when, appropriate. See https://aka.ms/efcore-docs-default-values for more information.
2026-06-12 02:32:11.326 +05:30 [WRN] The 'bool' property 'IsActive' on entity type 'CommunicationTemplate' is configured with a database-generated default, but has no configured sentinel value. The database-generated default will always be used for inserts when the property has the value 'False', since this is the CLR default for the 'bool' type. Consider using a nullable type, using a nullable backing field, or setting the sentinel value for the property to ensure the database default is used when, and only when, appropriate. See https://aka.ms/efcore-docs-default-values for more information.
2026-06-12 02:32:11.335 +05:30 [WRN] The 'bool' property 'IsDefault' on entity type 'CommunicationTemplate' is configured with a database-generated default, but has no configured sentinel value. The database-generated default will always be used for inserts when the property has the value 'False', since this is the CLR default for the 'bool' type. Consider using a nullable type, using a nullable backing field, or setting the sentinel value for the property to ensure the database default is used when, and only when, appropriate. See https://aka.ms/efcore-docs-default-values for more information.
2026-06-12 02:32:11.340 +05:30 [WRN] The 'bool' property 'IsDeleted' on entity type 'CommunicationTemplate' is configured with a database-generated default, but has no configured sentinel value. The database-generated default will always be used for inserts when the property has the value 'False', since this is the CLR default for the 'bool' type. Consider using a nullable type, using a nullable backing field, or setting the sentinel value for the property to ensure the database default is used when, and only when, appropriate. See https://aka.ms/efcore-docs-default-values for more information.
2026-06-12 02:32:11.351 +05:30 [WRN] The 'bool' property 'IsActive' on entity type 'ConsumerOtpVerification' is configured with a database-generated default, but has no configured sentinel value. The database-generated default will always be used for inserts when the property has the value 'False', since this is the CLR default for the 'bool' type. Consider using a nullable type, using a nullable backing field, or setting the sentinel value for the property to ensure the database default is used when, and only when, appropriate. See https://aka.ms/efcore-docs-default-values for more information.
2026-06-12 02:32:11.356 +05:30 [WRN] The 'bool' property 'IsDeleted' on entity type 'ConsumerOtpVerification' is configured with a database-generated default, but has no configured sentinel value. The database-generated default will always be used for inserts when the property has the value 'False', since this is the CLR default for the 'bool' type. Consider using a nullable type, using a nullable backing field, or setting the sentinel value for the property to ensure the database default is used when, and only when, appropriate. See https://aka.ms/efcore-docs-default-values for more information.
2026-06-12 02:32:11.364 +05:30 [WRN] The 'bool' property 'IsDeleted' on entity type 'InAppNotification' is configured with a database-generated default, but has no configured sentinel value. The database-generated default will always be used for inserts when the property has the value 'False', since this is the CLR default for the 'bool' type. Consider using a nullable type, using a nullable backing field, or setting the sentinel value for the property to ensure the database default is used when, and only when, appropriate. See https://aka.ms/efcore-docs-default-values for more information.
2026-06-12 02:32:11.369 +05:30 [WRN] The 'bool' property 'IsRead' on entity type 'InAppNotification' is configured with a database-generated default, but has no configured sentinel value. The database-generated default will always be used for inserts when the property has the value 'False', since this is the CLR default for the 'bool' type. Consider using a nullable type, using a nullable backing field, or setting the sentinel value for the property to ensure the database default is used when, and only when, appropriate. See https://aka.ms/efcore-docs-default-values for more information.
2026-06-12 02:32:11.376 +05:30 [WRN] The 'bool' property 'ShowInSidebar' on entity type 'Menuitem' is configured with a database-generated default, but has no configured sentinel value. The database-generated default will always be used for inserts when the property has the value 'False', since this is the CLR default for the 'bool' type. Consider using a nullable type, using a nullable backing field, or setting the sentinel value for the property to ensure the database default is used when, and only when, appropriate. See https://aka.ms/efcore-docs-default-values for more information.
2026-06-12 02:32:11.382 +05:30 [WRN] The 'bool' property 'IsActive' on entity type 'PermissionModule' is configured with a database-generated default, but has no configured sentinel value. The database-generated default will always be used for inserts when the property has the value 'False', since this is the CLR default for the 'bool' type. Consider using a nullable type, using a nullable backing field, or setting the sentinel value for the property to ensure the database default is used when, and only when, appropriate. See https://aka.ms/efcore-docs-default-values for more information.
2026-06-12 02:32:11.387 +05:30 [WRN] The 'bool' property 'IsDeleted' on entity type 'PermissionModule' is configured with a database-generated default, but has no configured sentinel value. The database-generated default will always be used for inserts when the property has the value 'False', since this is the CLR default for the 'bool' type. Consider using a nullable type, using a nullable backing field, or setting the sentinel value for the property to ensure the database default is used when, and only when, appropriate. See https://aka.ms/efcore-docs-default-values for more information.
2026-06-12 13:44:51.683 +05:30 [INF] Now listening on: https://localhost:7183
2026-06-12 13:44:51.977 +05:30 [INF] Now listening on: http://localhost:5264
2026-06-12 13:44:54.416 +05:30 [INF] Application started. Press Ctrl+C to shut down.
2026-06-12 13:44:54.536 +05:30 [INF] Hosting environment: Development
2026-06-12 13:44:54.553 +05:30 [INF] Content root path: C:\Users\Lekesh\Prince Yadav\Vedang Projects\Water Bill\VedangSoft.BPMS\Water.Bill\src\Water.Bill.API
2026-06-12 13:45:32.898 +05:30 [WRN] The 'bool' property 'IsActive' on entity type 'CommunicationPurpose' is configured with a database-generated default, but has no configured sentinel value. The database-generated default will always be used for inserts when the property has the value 'False', since this is the CLR default for the 'bool' type. Consider using a nullable type, using a nullable backing field, or setting the sentinel value for the property to ensure the database default is used when, and only when, appropriate. See https://aka.ms/efcore-docs-default-values for more information.
2026-06-12 13:45:36.748 +05:30 [WRN] The 'bool' property 'IsSystem' on entity type 'CommunicationPurpose' is configured with a database-generated default, but has no configured sentinel value. The database-generated default will always be used for inserts when the property has the value 'False', since this is the CLR default for the 'bool' type. Consider using a nullable type, using a nullable backing field, or setting the sentinel value for the property to ensure the database default is used when, and only when, appropriate. See https://aka.ms/efcore-docs-default-values for more information.
2026-06-12 13:45:40.780 +05:30 [WRN] The 'bool' property 'IsActive' on entity type 'CommunicationTemplate' is configured with a database-generated default, but has no configured sentinel value. The database-generated default will always be used for inserts when the property has the value 'False', since this is the CLR default for the 'bool' type. Consider using a nullable type, using a nullable backing field, or setting the sentinel value for the property to ensure the database default is used when, and only when, appropriate. See https://aka.ms/efcore-docs-default-values for more information.
2026-06-12 13:45:43.523 +05:30 [WRN] The 'bool' property 'IsDefault' on entity type 'CommunicationTemplate' is configured with a database-generated default, but has no configured sentinel value. The database-generated default will always be used for inserts when the property has the value 'False', since this is the CLR default for the 'bool' type. Consider using a nullable type, using a nullable backing field, or setting the sentinel value for the property to ensure the database default is used when, and only when, appropriate. See https://aka.ms/efcore-docs-default-values for more information.
2026-06-12 13:45:44.039 +05:30 [WRN] The 'bool' property 'IsDeleted' on entity type 'CommunicationTemplate' is configured with a database-generated default, but has no configured sentinel value. The database-generated default will always be used for inserts when the property has the value 'False', since this is the CLR default for the 'bool' type. Consider using a nullable type, using a nullable backing field, or setting the sentinel value for the property to ensure the database default is used when, and only when, appropriate. See https://aka.ms/efcore-docs-default-values for more information.
2026-06-12 13:45:44.954 +05:30 [WRN] The 'bool' property 'IsActive' on entity type 'ConsumerOtpVerification' is configured with a database-generated default, but has no configured sentinel value. The database-generated default will always be used for inserts when the property has the value 'False', since this is the CLR default for the 'bool' type. Consider using a nullable type, using a nullable backing field, or setting the sentinel value for the property to ensure the database default is used when, and only when, appropriate. See https://aka.ms/efcore-docs-default-values for more information.
2026-06-12 13:45:45.448 +05:30 [WRN] The 'bool' property 'IsDeleted' on entity type 'ConsumerOtpVerification' is configured with a database-generated default, but has no configured sentinel value. The database-generated default will always be used for inserts when the property has the value 'False', since this is the CLR default for the 'bool' type. Consider using a nullable type, using a nullable backing field, or setting the sentinel value for the property to ensure the database default is used when, and only when, appropriate. See https://aka.ms/efcore-docs-default-values for more information.
2026-06-12 13:45:45.790 +05:30 [WRN] The 'bool' property 'IsDeleted' on entity type 'InAppNotification' is configured with a database-generated default, but has no configured sentinel value. The database-generated default will always be used for inserts when the property has the value 'False', since this is the CLR default for the 'bool' type. Consider using a nullable type, using a nullable backing field, or setting the sentinel value for the property to ensure the database default is used when, and only when, appropriate. See https://aka.ms/efcore-docs-default-values for more information.
2026-06-12 13:45:45.877 +05:30 [WRN] The 'bool' property 'IsRead' on entity type 'InAppNotification' is configured with a database-generated default, but has no configured sentinel value. The database-generated default will always be used for inserts when the property has the value 'False', since this is the CLR default for the 'bool' type. Consider using a nullable type, using a nullable backing field, or setting the sentinel value for the property to ensure the database default is used when, and only when, appropriate. See https://aka.ms/efcore-docs-default-values for more information.
2026-06-12 13:45:46.478 +05:30 [WRN] The 'bool' property 'ShowInSidebar' on entity type 'Menuitem' is configured with a database-generated default, but has no configured sentinel value. The database-generated default will always be used for inserts when the property has the value 'False', since this is the CLR default for the 'bool' type. Consider using a nullable type, using a nullable backing field, or setting the sentinel value for the property to ensure the database default is used when, and only when, appropriate. See https://aka.ms/efcore-docs-default-values for more information.
2026-06-12 13:45:46.526 +05:30 [WRN] The 'bool' property 'IsActive' on entity type 'PermissionModule' is configured with a database-generated default, but has no configured sentinel value. The database-generated default will always be used for inserts when the property has the value 'False', since this is the CLR default for the 'bool' type. Consider using a nullable type, using a nullable backing field, or setting the sentinel value for the property to ensure the database default is used when, and only when, appropriate. See https://aka.ms/efcore-docs-default-values for more information.
2026-06-12 13:45:46.537 +05:30 [WRN] The 'bool' property 'IsDeleted' on entity type 'PermissionModule' is configured with a database-generated default, but has no configured sentinel value. The database-generated default will always be used for inserts when the property has the value 'False', since this is the CLR default for the 'bool' type. Consider using a nullable type, using a nullable backing field, or setting the sentinel value for the property to ensure the database default is used when, and only when, appropriate. See https://aka.ms/efcore-docs-default-values for more information.
2026-06-12 14:50:34.225 +05:30 [INF] Now listening on: https://localhost:7183
2026-06-12 14:50:34.341 +05:30 [INF] Now listening on: http://localhost:5264
2026-06-12 14:50:34.653 +05:30 [INF] Application started. Press Ctrl+C to shut down.
2026-06-12 14:50:34.657 +05:30 [INF] Hosting environment: Development
2026-06-12 14:50:34.669 +05:30 [INF] Content root path: C:\Users\Lekesh\Prince Yadav\Vedang Projects\Water Bill\VedangSoft.BPMS\Water.Bill\src\Water.Bill.API
2026-06-12 14:50:45.251 +05:30 [WRN] The 'bool' property 'IsActive' on entity type 'CommunicationPurpose' is configured with a database-generated default, but has no configured sentinel value. The database-generated default will always be used for inserts when the property has the value 'False', since this is the CLR default for the 'bool' type. Consider using a nullable type, using a nullable backing field, or setting the sentinel value for the property to ensure the database default is used when, and only when, appropriate. See https://aka.ms/efcore-docs-default-values for more information.
2026-06-12 14:50:45.258 +05:30 [WRN] The 'bool' property 'IsSystem' on entity type 'CommunicationPurpose' is configured with a database-generated default, but has no configured sentinel value. The database-generated default will always be used for inserts when the property has the value 'False', since this is the CLR default for the 'bool' type. Consider using a nullable type, using a nullable backing field, or setting the sentinel value for the property to ensure the database default is used when, and only when, appropriate. See https://aka.ms/efcore-docs-default-values for more information.
2026-06-12 14:50:45.265 +05:30 [WRN] The 'bool' property 'IsActive' on entity type 'CommunicationTemplate' is configured with a database-generated default, but has no configured sentinel value. The database-generated default will always be used for inserts when the property has the value 'False', since this is the CLR default for the 'bool' type. Consider using a nullable type, using a nullable backing field, or setting the sentinel value for the property to ensure the database default is used when, and only when, appropriate. See https://aka.ms/efcore-docs-default-values for more information.
2026-06-12 14:50:45.270 +05:30 [WRN] The 'bool' property 'IsDefault' on entity type 'CommunicationTemplate' is configured with a database-generated default, but has no configured sentinel value. The database-generated default will always be used for inserts when the property has the value 'False', since this is the CLR default for the 'bool' type. Consider using a nullable type, using a nullable backing field, or setting the sentinel value for the property to ensure the database default is used when, and only when, appropriate. See https://aka.ms/efcore-docs-default-values for more information.
2026-06-12 14:50:45.280 +05:30 [WRN] The 'bool' property 'IsDeleted' on entity type 'CommunicationTemplate' is configured with a database-generated default, but has no configured sentinel value. The database-generated default will always be used for inserts when the property has the value 'False', since this is the CLR default for the 'bool' type. Consider using a nullable type, using a nullable backing field, or setting the sentinel value for the property to ensure the database default is used when, and only when, appropriate. See https://aka.ms/efcore-docs-default-values for more information.
2026-06-12 14:50:45.287 +05:30 [WRN] The 'bool' property 'IsActive' on entity type 'ConsumerOtpVerification' is configured with a database-generated default, but has no configured sentinel value. The database-generated default will always be used for inserts when the property has the value 'False', since this is the CLR default for the 'bool' type. Consider using a nullable type, using a nullable backing field, or setting the sentinel value for the property to ensure the database default is used when, and only when, appropriate. See https://aka.ms/efcore-docs-default-values for more information.
2026-06-12 14:50:45.292 +05:30 [WRN] The 'bool' property 'IsDeleted' on entity type 'ConsumerOtpVerification' is configured with a database-generated default, but has no configured sentinel value. The database-generated default will always be used for inserts when the property has the value 'False', since this is the CLR default for the 'bool' type. Consider using a nullable type, using a nullable backing field, or setting the sentinel value for the property to ensure the database default is used when, and only when, appropriate. See https://aka.ms/efcore-docs-default-values for more information.
2026-06-12 14:50:45.298 +05:30 [WRN] The 'bool' property 'IsDeleted' on entity type 'InAppNotification' is configured with a database-generated default, but has no configured sentinel value. The database-generated default will always be used for inserts when the property has the value 'False', since this is the CLR default for the 'bool' type. Consider using a nullable type, using a nullable backing field, or setting the sentinel value for the property to ensure the database default is used when, and only when, appropriate. See https://aka.ms/efcore-docs-default-values for more information.
2026-06-12 14:50:45.302 +05:30 [WRN] The 'bool' property 'IsRead' on entity type 'InAppNotification' is configured with a database-generated default, but has no configured sentinel value. The database-generated default will always be used for inserts when the property has the value 'False', since this is the CLR default for the 'bool' type. Consider using a nullable type, using a nullable backing field, or setting the sentinel value for the property to ensure the database default is used when, and only when, appropriate. See https://aka.ms/efcore-docs-default-values for more information.
2026-06-12 14:50:45.307 +05:30 [WRN] The 'bool' property 'ShowInSidebar' on entity type 'Menuitem' is configured with a database-generated default, but has no configured sentinel value. The database-generated default will always be used for inserts when the property has the value 'False', since this is the CLR default for the 'bool' type. Consider using a nullable type, using a nullable backing field, or setting the sentinel value for the property to ensure the database default is used when, and only when, appropriate. See https://aka.ms/efcore-docs-default-values for more information.
2026-06-12 14:50:45.313 +05:30 [WRN] The 'bool' property 'IsActive' on entity type 'PermissionModule' is configured with a database-generated default, but has no configured sentinel value. The database-generated default will always be used for inserts when the property has the value 'False', since this is the CLR default for the 'bool' type. Consider using a nullable type, using a nullable backing field, or setting the sentinel value for the property to ensure the database default is used when, and only when, appropriate. See https://aka.ms/efcore-docs-default-values for more information.
2026-06-12 14:50:45.318 +05:30 [WRN] The 'bool' property 'IsDeleted' on entity type 'PermissionModule' is configured with a database-generated default, but has no configured sentinel value. The database-generated default will always be used for inserts when the property has the value 'False', since this is the CLR default for the 'bool' type. Consider using a nullable type, using a nullable backing field, or setting the sentinel value for the property to ensure the database default is used when, and only when, appropriate. See https://aka.ms/efcore-docs-default-values for more information.
2026-06-12 14:50:55.134 +05:30 [ERR] Failed executing DbCommand (13ms) [Parameters=[@__tenantId_0='?' (DbType = Int32)], CommandType='"Text"', CommandTimeout='30']
SELECT [m].[Id], [m].[CreatedAt], [m].[Icon], [m].[IsActive], [m].[IsDeleted], [m].[Label], [m].[ModuleId], [m].[OpenInNewTab], [m].[Order], [m].[ParentId], [m].[SectionLabel], [m].[ShowInSidebar], [m].[TenantId], [m].[UpdatedAt], [m].[Url], [p].[Id], [p].[IsActive], [p].[IsDeleted], [p].[Name], [p].[PortalScope], [t].[Id], [t].[CreatedAt], [t].[Icon], [t].[IsActive], [t].[IsDeleted], [t].[Label], [t].[ModuleId], [t].[OpenInNewTab], [t].[Order], [t].[ParentId], [t].[SectionLabel], [t].[ShowInSidebar], [t].[TenantId], [t].[UpdatedAt], [t].[Url], [t].[Id0], [t].[IsActive0], [t].[IsDeleted0], [t].[Name], [t].[PortalScope]
FROM [menuitems] AS [m]
LEFT JOIN [PermissionModules] AS [p] ON [m].[ModuleId] = [p].[Id]
LEFT JOIN (
    SELECT [m0].[Id], [m0].[CreatedAt], [m0].[Icon], [m0].[IsActive], [m0].[IsDeleted], [m0].[Label], [m0].[ModuleId], [m0].[OpenInNewTab], [m0].[Order], [m0].[ParentId], [m0].[SectionLabel], [m0].[ShowInSidebar], [m0].[TenantId], [m0].[UpdatedAt], [m0].[Url], [p0].[Id] AS [Id0], [p0].[IsActive] AS [IsActive0], [p0].[IsDeleted] AS [IsDeleted0], [p0].[Name], [p0].[PortalScope]
    FROM [menuitems] AS [m0]
    LEFT JOIN [PermissionModules] AS [p0] ON [m0].[ModuleId] = [p0].[Id]
    WHERE [m0].[IsActive] = CAST(1 AS bit) AND [m0].[ShowInSidebar] = CAST(1 AS bit) AND [m0].[IsDeleted] = CAST(0 AS bit)
) AS [t] ON [m].[Id] = [t].[ParentId]
WHERE [m].[TenantId] = @__tenantId_0 AND [m].[ParentId] IS NULL AND [m].[IsActive] = CAST(1 AS bit) AND [m].[ShowInSidebar] = CAST(1 AS bit) AND [m].[IsDeleted] = CAST(0 AS bit)
ORDER BY [m].[Order], [m].[Id], [p].[Id], [t].[Order], [t].[Id]
2026-06-12 14:50:55.178 +05:30 [ERR] An exception occurred while iterating over the results of a query for context type 'Water.Bill.Infrastructure.Data.ApplicationDbContext'.
Microsoft.Data.SqlClient.SqlException (0x80131904): Invalid column name 'PortalScope'.
Invalid column name 'PortalScope'.
   at Microsoft.Data.SqlClient.SqlCommand.<>c.<ExecuteDbDataReaderAsync>b__211_0(Task`1 result)
   at System.Threading.Tasks.ContinuationResultTaskFromResultTask`2.InnerInvoke()
   at System.Threading.ExecutionContext.RunInternal(ExecutionContext executionContext, ContextCallback callback, Object state)
--- End of stack trace from previous location ---
   at System.Threading.ExecutionContext.RunInternal(ExecutionContext executionContext, ContextCallback callback, Object state)
   at System.Threading.Tasks.Task.ExecuteWithThreadLocal(Task& currentTaskSlot, Thread threadPoolThread)
--- End of stack trace from previous location ---
   at Microsoft.EntityFrameworkCore.Storage.RelationalCommand.ExecuteReaderAsync(RelationalCommandParameterObject parameterObject, CancellationToken cancellationToken)
   at Microsoft.EntityFrameworkCore.Storage.RelationalCommand.ExecuteReaderAsync(RelationalCommandParameterObject parameterObject, CancellationToken cancellationToken)
   at Microsoft.EntityFrameworkCore.Query.Internal.SingleQueryingEnumerable`1.AsyncEnumerator.InitializeReaderAsync(AsyncEnumerator enumerator, CancellationToken cancellationToken)
   at Microsoft.EntityFrameworkCore.Storage.ExecutionStrategy.<>c__DisplayClass30_0`2.<<ExecuteAsync>b__0>d.MoveNext()
--- End of stack trace from previous location ---
   at Microsoft.EntityFrameworkCore.Storage.ExecutionStrategy.ExecuteImplementationAsync[TState,TResult](Func`4 operation, Func`4 verifySucceeded, TState state, CancellationToken cancellationToken)
   at Microsoft.EntityFrameworkCore.Storage.ExecutionStrategy.ExecuteImplementationAsync[TState,TResult](Func`4 operation, Func`4 verifySucceeded, TState state, CancellationToken cancellationToken)
   at Microsoft.EntityFrameworkCore.Storage.ExecutionStrategy.ExecuteAsync[TState,TResult](TState state, Func`4 operation, Func`4 verifySucceeded, CancellationToken cancellationToken)
   at Microsoft.EntityFrameworkCore.Query.Internal.SingleQueryingEnumerable`1.AsyncEnumerator.MoveNextAsync()
ClientConnectionId:a2a7e479-06d3-4f23-9d35-a622b503b2f1
Error Number:207,State:1,Class:16
Microsoft.Data.SqlClient.SqlException (0x80131904): Invalid column name 'PortalScope'.
Invalid column name 'PortalScope'.
   at Microsoft.Data.SqlClient.SqlCommand.<>c.<ExecuteDbDataReaderAsync>b__211_0(Task`1 result)
   at System.Threading.Tasks.ContinuationResultTaskFromResultTask`2.InnerInvoke()
   at System.Threading.ExecutionContext.RunInternal(ExecutionContext executionContext, ContextCallback callback, Object state)
--- End of stack trace from previous location ---
   at System.Threading.ExecutionContext.RunInternal(ExecutionContext executionContext, ContextCallback callback, Object state)
   at System.Threading.Tasks.Task.ExecuteWithThreadLocal(Task& currentTaskSlot, Thread threadPoolThread)
--- End of stack trace from previous location ---
   at Microsoft.EntityFrameworkCore.Storage.RelationalCommand.ExecuteReaderAsync(RelationalCommandParameterObject parameterObject, CancellationToken cancellationToken)
   at Microsoft.EntityFrameworkCore.Storage.RelationalCommand.ExecuteReaderAsync(RelationalCommandParameterObject parameterObject, CancellationToken cancellationToken)
   at Microsoft.EntityFrameworkCore.Query.Internal.SingleQueryingEnumerable`1.AsyncEnumerator.InitializeReaderAsync(AsyncEnumerator enumerator, CancellationToken cancellationToken)
   at Microsoft.EntityFrameworkCore.Storage.ExecutionStrategy.<>c__DisplayClass30_0`2.<<ExecuteAsync>b__0>d.MoveNext()
--- End of stack trace from previous location ---
   at Microsoft.EntityFrameworkCore.Storage.ExecutionStrategy.ExecuteImplementationAsync[TState,TResult](Func`4 operation, Func`4 verifySucceeded, TState state, CancellationToken cancellationToken)
   at Microsoft.EntityFrameworkCore.Storage.ExecutionStrategy.ExecuteImplementationAsync[TState,TResult](Func`4 operation, Func`4 verifySucceeded, TState state, CancellationToken cancellationToken)
   at Microsoft.EntityFrameworkCore.Storage.ExecutionStrategy.ExecuteAsync[TState,TResult](TState state, Func`4 operation, Func`4 verifySucceeded, CancellationToken cancellationToken)
   at Microsoft.EntityFrameworkCore.Query.Internal.SingleQueryingEnumerable`1.AsyncEnumerator.MoveNextAsync()
ClientConnectionId:a2a7e479-06d3-4f23-9d35-a622b503b2f1
Error Number:207,State:1,Class:16
2026-06-12 14:50:55.831 +05:30 [ERR] An unhandled exception has occurred while executing the request.
Microsoft.Data.SqlClient.SqlException (0x80131904): Invalid column name 'PortalScope'.
Invalid column name 'PortalScope'.
   at Microsoft.Data.SqlClient.SqlCommand.<>c.<ExecuteDbDataReaderAsync>b__211_0(Task`1 result)
   at System.Threading.Tasks.ContinuationResultTaskFromResultTask`2.InnerInvoke()
   at System.Threading.ExecutionContext.RunInternal(ExecutionContext executionContext, ContextCallback callback, Object state)
--- End of stack trace from previous location ---
   at System.Threading.ExecutionContext.RunInternal(ExecutionContext executionContext, ContextCallback callback, Object state)
   at System.Threading.Tasks.Task.ExecuteWithThreadLocal(Task& currentTaskSlot, Thread threadPoolThread)
--- End of stack trace from previous location ---
   at Microsoft.EntityFrameworkCore.Storage.RelationalCommand.ExecuteReaderAsync(RelationalCommandParameterObject parameterObject, CancellationToken cancellationToken)
   at Microsoft.EntityFrameworkCore.Storage.RelationalCommand.ExecuteReaderAsync(RelationalCommandParameterObject parameterObject, CancellationToken cancellationToken)
   at Microsoft.EntityFrameworkCore.Query.Internal.SingleQueryingEnumerable`1.AsyncEnumerator.InitializeReaderAsync(AsyncEnumerator enumerator, CancellationToken cancellationToken)
   at Microsoft.EntityFrameworkCore.Storage.ExecutionStrategy.<>c__DisplayClass30_0`2.<<ExecuteAsync>b__0>d.MoveNext()
--- End of stack trace from previous location ---
   at Microsoft.EntityFrameworkCore.Storage.ExecutionStrategy.ExecuteImplementationAsync[TState,TResult](Func`4 operation, Func`4 verifySucceeded, TState state, CancellationToken cancellationToken)
   at Microsoft.EntityFrameworkCore.Storage.ExecutionStrategy.ExecuteImplementationAsync[TState,TResult](Func`4 operation, Func`4 verifySucceeded, TState state, CancellationToken cancellationToken)
   at Microsoft.EntityFrameworkCore.Storage.ExecutionStrategy.ExecuteAsync[TState,TResult](TState state, Func`4 operation, Func`4 verifySucceeded, CancellationToken cancellationToken)
   at Microsoft.EntityFrameworkCore.Query.Internal.SingleQueryingEnumerable`1.AsyncEnumerator.MoveNextAsync()
   at Microsoft.EntityFrameworkCore.EntityFrameworkQueryableExtensions.ToListAsync[TSource](IQueryable`1 source, CancellationToken cancellationToken)
   at Microsoft.EntityFrameworkCore.EntityFrameworkQueryableExtensions.ToListAsync[TSource](IQueryable`1 source, CancellationToken cancellationToken)
   at Water.Bill.Infrastructure.Services.PermissionService.LoadMenuTreeAsync(Int32 tenantId, CancellationToken ct) in C:\Users\Lekesh\Prince Yadav\Vedang Projects\Water Bill\VedangSoft.BPMS\Water.Bill\src\Water.Bill.Infrastructure\Services\PermissionService.cs:line 29
   at Water.Bill.Infrastructure.Services.PermissionService.GetMenuTreeAsync(Int32 tenantId, CancellationToken ct) in C:\Users\Lekesh\Prince Yadav\Vedang Projects\Water Bill\VedangSoft.BPMS\Water.Bill\src\Water.Bill.Infrastructure\Services\PermissionService.cs:line 17
   at AspNetCoreGeneratedDocument.Views_Shared__Layout.ExecuteAsync() in C:\Users\Lekesh\Prince Yadav\Vedang Projects\Water Bill\VedangSoft.BPMS\Water.Bill\src\Water.Bill.API\Views\Shared\_Layout.cshtml:line 20
   at Microsoft.AspNetCore.Mvc.Razor.RazorView.RenderPageCoreAsync(IRazorPage page, ViewContext context)
   at Microsoft.AspNetCore.Mvc.Razor.RazorView.RenderPageAsync(IRazorPage page, ViewContext context, Boolean invokeViewStarts)
   at Microsoft.AspNetCore.Mvc.Razor.RazorView.RenderLayoutAsync(ViewContext context, ViewBufferTextWriter bodyWriter)
   at Microsoft.AspNetCore.Mvc.Razor.RazorView.RenderAsync(ViewContext context)
   at Microsoft.AspNetCore.Mvc.ViewFeatures.ViewExecutor.ExecuteAsync(ViewContext viewContext, String contentType, Nullable`1 statusCode)
   at Microsoft.AspNetCore.Mvc.ViewFeatures.ViewExecutor.ExecuteAsync(ViewContext viewContext, String contentType, Nullable`1 statusCode)
   at Microsoft.AspNetCore.Mvc.ViewFeatures.ViewExecutor.ExecuteAsync(ActionContext actionContext, IView view, ViewDataDictionary viewData, ITempDataDictionary tempData, String contentType, Nullable`1 statusCode)
   at Microsoft.AspNetCore.Mvc.ViewFeatures.ViewResultExecutor.ExecuteAsync(ActionContext context, ViewResult result)
   at Microsoft.AspNetCore.Mvc.ViewResult.ExecuteResultAsync(ActionContext context)
   at Microsoft.AspNetCore.Mvc.Infrastructure.ResourceInvoker.<InvokeNextResultFilterAsync>g__Awaited|30_0[TFilter,TFilterAsync](ResourceInvoker invoker, Task lastTask, State next, Scope scope, Object state, Boolean isCompleted)
   at Microsoft.AspNetCore.Mvc.Infrastructure.ResourceInvoker.Rethrow(ResultExecutedContextSealed context)
   at Microsoft.AspNetCore.Mvc.Infrastructure.ResourceInvoker.ResultNext[TFilter,TFilterAsync](State& next, Scope& scope, Object& state, Boolean& isCompleted)
   at Microsoft.AspNetCore.Mvc.Infrastructure.ResourceInvoker.<InvokeResultFilters>g__Awaited|28_0(ResourceInvoker invoker, Task lastTask, State next, Scope scope, Object state, Boolean isCompleted)
   at Microsoft.AspNetCore.Mvc.Infrastructure.ResourceInvoker.<InvokeNextResourceFilter>g__Awaited|25_0(ResourceInvoker invoker, Task lastTask, State next, Scope scope, Object state, Boolean isCompleted)
   at Microsoft.AspNetCore.Mvc.Infrastructure.ResourceInvoker.Rethrow(ResourceExecutedContextSealed context)
   at Microsoft.AspNetCore.Mvc.Infrastructure.ResourceInvoker.Next(State& next, Scope& scope, Object& state, Boolean& isCompleted)
   at Microsoft.AspNetCore.Mvc.Infrastructure.ResourceInvoker.<InvokeFilterPipelineAsync>g__Awaited|20_0(ResourceInvoker invoker, Task lastTask, State next, Scope scope, Object state, Boolean isCompleted)
   at Microsoft.AspNetCore.Mvc.Infrastructure.ResourceInvoker.<InvokeAsync>g__Awaited|17_0(ResourceInvoker invoker, Task task, IDisposable scope)
   at Microsoft.AspNetCore.Mvc.Infrastructure.ResourceInvoker.<InvokeAsync>g__Awaited|17_0(ResourceInvoker invoker, Task task, IDisposable scope)
   at Microsoft.AspNetCore.Authorization.AuthorizationMiddleware.Invoke(HttpContext context)
   at Program.<>c.<<<Main>$>b__0_2>d.MoveNext() in C:\Users\Lekesh\Prince Yadav\Vedang Projects\Water Bill\VedangSoft.BPMS\Water.Bill\src\Water.Bill.API\Program.cs:line 73
--- End of stack trace from previous location ---
   at Microsoft.AspNetCore.Authentication.AuthenticationMiddleware.Invoke(HttpContext context)
   at Swashbuckle.AspNetCore.SwaggerUI.SwaggerUIMiddleware.Invoke(HttpContext httpContext)
   at Swashbuckle.AspNetCore.Swagger.SwaggerMiddleware.Invoke(HttpContext httpContext, ISwaggerProvider swaggerProvider)
   at Microsoft.AspNetCore.Diagnostics.DeveloperExceptionPageMiddlewareImpl.Invoke(HttpContext context)
ClientConnectionId:a2a7e479-06d3-4f23-9d35-a622b503b2f1
Error Number:207,State:1,Class:16
2026-06-12 15:05:26.242 +05:30 [ERR] An unhandled exception has occurred while executing the request.
System.InvalidOperationException: The model item passed into the ViewDataDictionary is of type 'Water.Bill.API.ViewModels.PermissionModuleFormViewModel', but this ViewDataDictionary instance requires a model item of type 'Water.Bill.Infrastructure.Data.Entities.PermissionModule'.
   at Microsoft.AspNetCore.Mvc.ViewFeatures.ViewDataDictionary.EnsureCompatible(Object value)
   at Microsoft.AspNetCore.Mvc.ViewFeatures.ViewDataDictionary..ctor(ViewDataDictionary source, Object model, Type declaredModelType)
   at lambda_method1729(Closure, ViewDataDictionary)
   at Microsoft.AspNetCore.Mvc.Razor.RazorPagePropertyActivator.Activate(Object page, ViewContext context)
   at Microsoft.AspNetCore.Mvc.Razor.RazorView.RenderPageCoreAsync(IRazorPage page, ViewContext context)
   at Microsoft.AspNetCore.Mvc.Razor.RazorView.RenderPageAsync(IRazorPage page, ViewContext context, Boolean invokeViewStarts)
   at Microsoft.AspNetCore.Mvc.Razor.RazorView.RenderAsync(ViewContext context)
   at Microsoft.AspNetCore.Mvc.ViewFeatures.ViewExecutor.ExecuteAsync(ViewContext viewContext, String contentType, Nullable`1 statusCode)
   at Microsoft.AspNetCore.Mvc.ViewFeatures.ViewExecutor.ExecuteAsync(ViewContext viewContext, String contentType, Nullable`1 statusCode)
   at Microsoft.AspNetCore.Mvc.ViewFeatures.ViewExecutor.ExecuteAsync(ActionContext actionContext, IView view, ViewDataDictionary viewData, ITempDataDictionary tempData, String contentType, Nullable`1 statusCode)
   at Microsoft.AspNetCore.Mvc.ViewFeatures.ViewResultExecutor.ExecuteAsync(ActionContext context, ViewResult result)
   at Microsoft.AspNetCore.Mvc.ViewResult.ExecuteResultAsync(ActionContext context)
   at Microsoft.AspNetCore.Mvc.Infrastructure.ResourceInvoker.<InvokeNextResultFilterAsync>g__Awaited|30_0[TFilter,TFilterAsync](ResourceInvoker invoker, Task lastTask, State next, Scope scope, Object state, Boolean isCompleted)
   at Microsoft.AspNetCore.Mvc.Infrastructure.ResourceInvoker.Rethrow(ResultExecutedContextSealed context)
   at Microsoft.AspNetCore.Mvc.Infrastructure.ResourceInvoker.ResultNext[TFilter,TFilterAsync](State& next, Scope& scope, Object& state, Boolean& isCompleted)
   at Microsoft.AspNetCore.Mvc.Infrastructure.ResourceInvoker.InvokeResultFilters()
--- End of stack trace from previous location ---
   at Microsoft.AspNetCore.Mvc.Infrastructure.ResourceInvoker.<InvokeNextResourceFilter>g__Awaited|25_0(ResourceInvoker invoker, Task lastTask, State next, Scope scope, Object state, Boolean isCompleted)
   at Microsoft.AspNetCore.Mvc.Infrastructure.ResourceInvoker.Rethrow(ResourceExecutedContextSealed context)
   at Microsoft.AspNetCore.Mvc.Infrastructure.ResourceInvoker.Next(State& next, Scope& scope, Object& state, Boolean& isCompleted)
   at Microsoft.AspNetCore.Mvc.Infrastructure.ResourceInvoker.<InvokeFilterPipelineAsync>g__Awaited|20_0(ResourceInvoker invoker, Task lastTask, State next, Scope scope, Object state, Boolean isCompleted)
   at Microsoft.AspNetCore.Mvc.Infrastructure.ResourceInvoker.<InvokeAsync>g__Awaited|17_0(ResourceInvoker invoker, Task task, IDisposable scope)
   at Microsoft.AspNetCore.Mvc.Infrastructure.ResourceInvoker.<InvokeAsync>g__Awaited|17_0(ResourceInvoker invoker, Task task, IDisposable scope)
   at Microsoft.AspNetCore.Authorization.AuthorizationMiddleware.Invoke(HttpContext context)
   at Program.<>c.<<<Main>$>b__0_2>d.MoveNext() in C:\Users\Lekesh\Prince Yadav\Vedang Projects\Water Bill\VedangSoft.BPMS\Water.Bill\src\Water.Bill.API\Program.cs:line 73
--- End of stack trace from previous location ---
   at Microsoft.AspNetCore.Authentication.AuthenticationMiddleware.Invoke(HttpContext context)
   at Swashbuckle.AspNetCore.SwaggerUI.SwaggerUIMiddleware.Invoke(HttpContext httpContext)
   at Swashbuckle.AspNetCore.Swagger.SwaggerMiddleware.Invoke(HttpContext httpContext, ISwaggerProvider swaggerProvider)
   at Microsoft.AspNetCore.Diagnostics.DeveloperExceptionPageMiddlewareImpl.Invoke(HttpContext context)
2026-06-12 15:05:32.937 +05:30 [ERR] An unhandled exception has occurred while executing the request.
System.InvalidOperationException: The model item passed into the ViewDataDictionary is of type 'Water.Bill.API.ViewModels.PermissionModuleFormViewModel', but this ViewDataDictionary instance requires a model item of type 'Water.Bill.Infrastructure.Data.Entities.PermissionModule'.
   at Microsoft.AspNetCore.Mvc.ViewFeatures.ViewDataDictionary.EnsureCompatible(Object value)
   at Microsoft.AspNetCore.Mvc.ViewFeatures.ViewDataDictionary..ctor(ViewDataDictionary source, Object model, Type declaredModelType)
   at lambda_method1747(Closure, ViewDataDictionary)
   at Microsoft.AspNetCore.Mvc.Razor.RazorPagePropertyActivator.Activate(Object page, ViewContext context)
   at Microsoft.AspNetCore.Mvc.Razor.RazorView.RenderPageCoreAsync(IRazorPage page, ViewContext context)
   at Microsoft.AspNetCore.Mvc.Razor.RazorView.RenderPageAsync(IRazorPage page, ViewContext context, Boolean invokeViewStarts)
   at Microsoft.AspNetCore.Mvc.Razor.RazorView.RenderAsync(ViewContext context)
   at Microsoft.AspNetCore.Mvc.ViewFeatures.ViewExecutor.ExecuteAsync(ViewContext viewContext, String contentType, Nullable`1 statusCode)
   at Microsoft.AspNetCore.Mvc.ViewFeatures.ViewExecutor.ExecuteAsync(ViewContext viewContext, String contentType, Nullable`1 statusCode)
   at Microsoft.AspNetCore.Mvc.ViewFeatures.ViewExecutor.ExecuteAsync(ActionContext actionContext, IView view, ViewDataDictionary viewData, ITempDataDictionary tempData, String contentType, Nullable`1 statusCode)
   at Microsoft.AspNetCore.Mvc.ViewFeatures.ViewResultExecutor.ExecuteAsync(ActionContext context, ViewResult result)
   at Microsoft.AspNetCore.Mvc.ViewResult.ExecuteResultAsync(ActionContext context)
   at Microsoft.AspNetCore.Mvc.Infrastructure.ResourceInvoker.<InvokeNextResultFilterAsync>g__Awaited|30_0[TFilter,TFilterAsync](ResourceInvoker invoker, Task lastTask, State next, Scope scope, Object state, Boolean isCompleted)
   at Microsoft.AspNetCore.Mvc.Infrastructure.ResourceInvoker.Rethrow(ResultExecutedContextSealed context)
   at Microsoft.AspNetCore.Mvc.Infrastructure.ResourceInvoker.ResultNext[TFilter,TFilterAsync](State& next, Scope& scope, Object& state, Boolean& isCompleted)
   at Microsoft.AspNetCore.Mvc.Infrastructure.ResourceInvoker.InvokeResultFilters()
--- End of stack trace from previous location ---
   at Microsoft.AspNetCore.Mvc.Infrastructure.ResourceInvoker.<InvokeNextResourceFilter>g__Awaited|25_0(ResourceInvoker invoker, Task lastTask, State next, Scope scope, Object state, Boolean isCompleted)
   at Microsoft.AspNetCore.Mvc.Infrastructure.ResourceInvoker.Rethrow(ResourceExecutedContextSealed context)
   at Microsoft.AspNetCore.Mvc.Infrastructure.ResourceInvoker.Next(State& next, Scope& scope, Object& state, Boolean& isCompleted)
   at Microsoft.AspNetCore.Mvc.Infrastructure.ResourceInvoker.<InvokeFilterPipelineAsync>g__Awaited|20_0(ResourceInvoker invoker, Task lastTask, State next, Scope scope, Object state, Boolean isCompleted)
   at Microsoft.AspNetCore.Mvc.Infrastructure.ResourceInvoker.<InvokeAsync>g__Awaited|17_0(ResourceInvoker invoker, Task task, IDisposable scope)
   at Microsoft.AspNetCore.Mvc.Infrastructure.ResourceInvoker.<InvokeAsync>g__Awaited|17_0(ResourceInvoker invoker, Task task, IDisposable scope)
   at Microsoft.AspNetCore.Authorization.AuthorizationMiddleware.Invoke(HttpContext context)
   at Program.<>c.<<<Main>$>b__0_2>d.MoveNext() in C:\Users\Lekesh\Prince Yadav\Vedang Projects\Water Bill\VedangSoft.BPMS\Water.Bill\src\Water.Bill.API\Program.cs:line 73
--- End of stack trace from previous location ---
   at Microsoft.AspNetCore.Authentication.AuthenticationMiddleware.Invoke(HttpContext context)
   at Swashbuckle.AspNetCore.SwaggerUI.SwaggerUIMiddleware.Invoke(HttpContext httpContext)
   at Swashbuckle.AspNetCore.Swagger.SwaggerMiddleware.Invoke(HttpContext httpContext, ISwaggerProvider swaggerProvider)
   at Microsoft.AspNetCore.Diagnostics.DeveloperExceptionPageMiddlewareImpl.Invoke(HttpContext context)
2026-06-12 15:05:37.926 +05:30 [ERR] An unhandled exception has occurred while executing the request.
System.InvalidOperationException: The model item passed into the ViewDataDictionary is of type 'Water.Bill.API.ViewModels.PermissionModuleFormViewModel', but this ViewDataDictionary instance requires a model item of type 'Water.Bill.Infrastructure.Data.Entities.PermissionModule'.
   at Microsoft.AspNetCore.Mvc.ViewFeatures.ViewDataDictionary.EnsureCompatible(Object value)
   at Microsoft.AspNetCore.Mvc.ViewFeatures.ViewDataDictionary..ctor(ViewDataDictionary source, Object model, Type declaredModelType)
   at lambda_method1729(Closure, ViewDataDictionary)
   at Microsoft.AspNetCore.Mvc.Razor.RazorPagePropertyActivator.Activate(Object page, ViewContext context)
   at Microsoft.AspNetCore.Mvc.Razor.RazorView.RenderPageCoreAsync(IRazorPage page, ViewContext context)
   at Microsoft.AspNetCore.Mvc.Razor.RazorView.RenderPageAsync(IRazorPage page, ViewContext context, Boolean invokeViewStarts)
   at Microsoft.AspNetCore.Mvc.Razor.RazorView.RenderAsync(ViewContext context)
   at Microsoft.AspNetCore.Mvc.ViewFeatures.ViewExecutor.ExecuteAsync(ViewContext viewContext, String contentType, Nullable`1 statusCode)
   at Microsoft.AspNetCore.Mvc.ViewFeatures.ViewExecutor.ExecuteAsync(ViewContext viewContext, String contentType, Nullable`1 statusCode)
   at Microsoft.AspNetCore.Mvc.ViewFeatures.ViewExecutor.ExecuteAsync(ActionContext actionContext, IView view, ViewDataDictionary viewData, ITempDataDictionary tempData, String contentType, Nullable`1 statusCode)
   at Microsoft.AspNetCore.Mvc.ViewFeatures.ViewResultExecutor.ExecuteAsync(ActionContext context, ViewResult result)
   at Microsoft.AspNetCore.Mvc.ViewResult.ExecuteResultAsync(ActionContext context)
   at Microsoft.AspNetCore.Mvc.Infrastructure.ResourceInvoker.<InvokeNextResultFilterAsync>g__Awaited|30_0[TFilter,TFilterAsync](ResourceInvoker invoker, Task lastTask, State next, Scope scope, Object state, Boolean isCompleted)
   at Microsoft.AspNetCore.Mvc.Infrastructure.ResourceInvoker.Rethrow(ResultExecutedContextSealed context)
   at Microsoft.AspNetCore.Mvc.Infrastructure.ResourceInvoker.ResultNext[TFilter,TFilterAsync](State& next, Scope& scope, Object& state, Boolean& isCompleted)
   at Microsoft.AspNetCore.Mvc.Infrastructure.ResourceInvoker.InvokeResultFilters()
--- End of stack trace from previous location ---
   at Microsoft.AspNetCore.Mvc.Infrastructure.ResourceInvoker.<InvokeNextResourceFilter>g__Awaited|25_0(ResourceInvoker invoker, Task lastTask, State next, Scope scope, Object state, Boolean isCompleted)
   at Microsoft.AspNetCore.Mvc.Infrastructure.ResourceInvoker.Rethrow(ResourceExecutedContextSealed context)
   at Microsoft.AspNetCore.Mvc.Infrastructure.ResourceInvoker.Next(State& next, Scope& scope, Object& state, Boolean& isCompleted)
   at Microsoft.AspNetCore.Mvc.Infrastructure.ResourceInvoker.<InvokeFilterPipelineAsync>g__Awaited|20_0(ResourceInvoker invoker, Task lastTask, State next, Scope scope, Object state, Boolean isCompleted)
   at Microsoft.AspNetCore.Mvc.Infrastructure.ResourceInvoker.<InvokeAsync>g__Awaited|17_0(ResourceInvoker invoker, Task task, IDisposable scope)
   at Microsoft.AspNetCore.Mvc.Infrastructure.ResourceInvoker.<InvokeAsync>g__Awaited|17_0(ResourceInvoker invoker, Task task, IDisposable scope)
   at Microsoft.AspNetCore.Authorization.AuthorizationMiddleware.Invoke(HttpContext context)
   at Program.<>c.<<<Main>$>b__0_2>d.MoveNext() in C:\Users\Lekesh\Prince Yadav\Vedang Projects\Water Bill\VedangSoft.BPMS\Water.Bill\src\Water.Bill.API\Program.cs:line 73
--- End of stack trace from previous location ---
   at Microsoft.AspNetCore.Authentication.AuthenticationMiddleware.Invoke(HttpContext context)
   at Swashbuckle.AspNetCore.SwaggerUI.SwaggerUIMiddleware.Invoke(HttpContext httpContext)
   at Swashbuckle.AspNetCore.Swagger.SwaggerMiddleware.Invoke(HttpContext httpContext, ISwaggerProvider swaggerProvider)
   at Microsoft.AspNetCore.Diagnostics.DeveloperExceptionPageMiddlewareImpl.Invoke(HttpContext context)
2026-06-12 15:21:25.292 +05:30 [INF] Now listening on: https://localhost:7183
2026-06-12 15:21:28.339 +05:30 [INF] Now listening on: http://localhost:5264
2026-06-12 15:21:28.856 +05:30 [INF] Application started. Press Ctrl+C to shut down.
2026-06-12 15:21:29.060 +05:30 [INF] Hosting environment: Development
2026-06-12 15:21:29.061 +05:30 [INF] Content root path: C:\Users\Lekesh\Prince Yadav\Vedang Projects\Water Bill\VedangSoft.BPMS\Water.Bill\src\Water.Bill.API
2026-06-12 15:21:38.961 +05:30 [WRN] The 'bool' property 'IsActive' on entity type 'CommunicationPurpose' is configured with a database-generated default, but has no configured sentinel value. The database-generated default will always be used for inserts when the property has the value 'False', since this is the CLR default for the 'bool' type. Consider using a nullable type, using a nullable backing field, or setting the sentinel value for the property to ensure the database default is used when, and only when, appropriate. See https://aka.ms/efcore-docs-default-values for more information.
2026-06-12 15:21:38.970 +05:30 [WRN] The 'bool' property 'IsSystem' on entity type 'CommunicationPurpose' is configured with a database-generated default, but has no configured sentinel value. The database-generated default will always be used for inserts when the property has the value 'False', since this is the CLR default for the 'bool' type. Consider using a nullable type, using a nullable backing field, or setting the sentinel value for the property to ensure the database default is used when, and only when, appropriate. See https://aka.ms/efcore-docs-default-values for more information.
2026-06-12 15:21:38.975 +05:30 [WRN] The 'bool' property 'IsActive' on entity type 'CommunicationTemplate' is configured with a database-generated default, but has no configured sentinel value. The database-generated default will always be used for inserts when the property has the value 'False', since this is the CLR default for the 'bool' type. Consider using a nullable type, using a nullable backing field, or setting the sentinel value for the property to ensure the database default is used when, and only when, appropriate. See https://aka.ms/efcore-docs-default-values for more information.
2026-06-12 15:21:38.980 +05:30 [WRN] The 'bool' property 'IsDefault' on entity type 'CommunicationTemplate' is configured with a database-generated default, but has no configured sentinel value. The database-generated default will always be used for inserts when the property has the value 'False', since this is the CLR default for the 'bool' type. Consider using a nullable type, using a nullable backing field, or setting the sentinel value for the property to ensure the database default is used when, and only when, appropriate. See https://aka.ms/efcore-docs-default-values for more information.
2026-06-12 15:21:38.984 +05:30 [WRN] The 'bool' property 'IsDeleted' on entity type 'CommunicationTemplate' is configured with a database-generated default, but has no configured sentinel value. The database-generated default will always be used for inserts when the property has the value 'False', since this is the CLR default for the 'bool' type. Consider using a nullable type, using a nullable backing field, or setting the sentinel value for the property to ensure the database default is used when, and only when, appropriate. See https://aka.ms/efcore-docs-default-values for more information.
2026-06-12 15:21:38.990 +05:30 [WRN] The 'bool' property 'IsActive' on entity type 'ConsumerOtpVerification' is configured with a database-generated default, but has no configured sentinel value. The database-generated default will always be used for inserts when the property has the value 'False', since this is the CLR default for the 'bool' type. Consider using a nullable type, using a nullable backing field, or setting the sentinel value for the property to ensure the database default is used when, and only when, appropriate. See https://aka.ms/efcore-docs-default-values for more information.
2026-06-12 15:21:38.995 +05:30 [WRN] The 'bool' property 'IsDeleted' on entity type 'ConsumerOtpVerification' is configured with a database-generated default, but has no configured sentinel value. The database-generated default will always be used for inserts when the property has the value 'False', since this is the CLR default for the 'bool' type. Consider using a nullable type, using a nullable backing field, or setting the sentinel value for the property to ensure the database default is used when, and only when, appropriate. See https://aka.ms/efcore-docs-default-values for more information.
2026-06-12 15:21:39.005 +05:30 [WRN] The 'bool' property 'IsDeleted' on entity type 'InAppNotification' is configured with a database-generated default, but has no configured sentinel value. The database-generated default will always be used for inserts when the property has the value 'False', since this is the CLR default for the 'bool' type. Consider using a nullable type, using a nullable backing field, or setting the sentinel value for the property to ensure the database default is used when, and only when, appropriate. See https://aka.ms/efcore-docs-default-values for more information.
2026-06-12 15:21:39.012 +05:30 [WRN] The 'bool' property 'IsRead' on entity type 'InAppNotification' is configured with a database-generated default, but has no configured sentinel value. The database-generated default will always be used for inserts when the property has the value 'False', since this is the CLR default for the 'bool' type. Consider using a nullable type, using a nullable backing field, or setting the sentinel value for the property to ensure the database default is used when, and only when, appropriate. See https://aka.ms/efcore-docs-default-values for more information.
2026-06-12 15:21:39.021 +05:30 [WRN] The 'bool' property 'ShowInSidebar' on entity type 'Menuitem' is configured with a database-generated default, but has no configured sentinel value. The database-generated default will always be used for inserts when the property has the value 'False', since this is the CLR default for the 'bool' type. Consider using a nullable type, using a nullable backing field, or setting the sentinel value for the property to ensure the database default is used when, and only when, appropriate. See https://aka.ms/efcore-docs-default-values for more information.
2026-06-12 15:21:39.026 +05:30 [WRN] The 'bool' property 'IsActive' on entity type 'PermissionModule' is configured with a database-generated default, but has no configured sentinel value. The database-generated default will always be used for inserts when the property has the value 'False', since this is the CLR default for the 'bool' type. Consider using a nullable type, using a nullable backing field, or setting the sentinel value for the property to ensure the database default is used when, and only when, appropriate. See https://aka.ms/efcore-docs-default-values for more information.
2026-06-12 15:21:39.030 +05:30 [WRN] The 'bool' property 'IsDeleted' on entity type 'PermissionModule' is configured with a database-generated default, but has no configured sentinel value. The database-generated default will always be used for inserts when the property has the value 'False', since this is the CLR default for the 'bool' type. Consider using a nullable type, using a nullable backing field, or setting the sentinel value for the property to ensure the database default is used when, and only when, appropriate. See https://aka.ms/efcore-docs-default-values for more information.
2026-06-12 15:29:41.188 +05:30 [INF] Now listening on: https://localhost:7183
2026-06-12 15:29:41.897 +05:30 [INF] Now listening on: http://localhost:5264
2026-06-12 15:29:43.066 +05:30 [INF] Application started. Press Ctrl+C to shut down.
2026-06-12 15:29:43.644 +05:30 [INF] Hosting environment: Development
2026-06-12 15:29:44.370 +05:30 [INF] Content root path: C:\Users\Lekesh\Prince Yadav\Vedang Projects\Water Bill\VedangSoft.BPMS\Water.Bill\src\Water.Bill.API
2026-06-12 15:29:56.511 +05:30 [WRN] The 'bool' property 'IsActive' on entity type 'CommunicationPurpose' is configured with a database-generated default, but has no configured sentinel value. The database-generated default will always be used for inserts when the property has the value 'False', since this is the CLR default for the 'bool' type. Consider using a nullable type, using a nullable backing field, or setting the sentinel value for the property to ensure the database default is used when, and only when, appropriate. See https://aka.ms/efcore-docs-default-values for more information.
2026-06-12 15:29:56.546 +05:30 [WRN] The 'bool' property 'IsSystem' on entity type 'CommunicationPurpose' is configured with a database-generated default, but has no configured sentinel value. The database-generated default will always be used for inserts when the property has the value 'False', since this is the CLR default for the 'bool' type. Consider using a nullable type, using a nullable backing field, or setting the sentinel value for the property to ensure the database default is used when, and only when, appropriate. See https://aka.ms/efcore-docs-default-values for more information.
2026-06-12 15:29:56.577 +05:30 [WRN] The 'bool' property 'IsActive' on entity type 'CommunicationTemplate' is configured with a database-generated default, but has no configured sentinel value. The database-generated default will always be used for inserts when the property has the value 'False', since this is the CLR default for the 'bool' type. Consider using a nullable type, using a nullable backing field, or setting the sentinel value for the property to ensure the database default is used when, and only when, appropriate. See https://aka.ms/efcore-docs-default-values for more information.
2026-06-12 15:29:56.590 +05:30 [WRN] The 'bool' property 'IsDefault' on entity type 'CommunicationTemplate' is configured with a database-generated default, but has no configured sentinel value. The database-generated default will always be used for inserts when the property has the value 'False', since this is the CLR default for the 'bool' type. Consider using a nullable type, using a nullable backing field, or setting the sentinel value for the property to ensure the database default is used when, and only when, appropriate. See https://aka.ms/efcore-docs-default-values for more information.
2026-06-12 15:29:56.608 +05:30 [WRN] The 'bool' property 'IsDeleted' on entity type 'CommunicationTemplate' is configured with a database-generated default, but has no configured sentinel value. The database-generated default will always be used for inserts when the property has the value 'False', since this is the CLR default for the 'bool' type. Consider using a nullable type, using a nullable backing field, or setting the sentinel value for the property to ensure the database default is used when, and only when, appropriate. See https://aka.ms/efcore-docs-default-values for more information.
2026-06-12 15:29:56.626 +05:30 [WRN] The 'bool' property 'IsActive' on entity type 'ConsumerOtpVerification' is configured with a database-generated default, but has no configured sentinel value. The database-generated default will always be used for inserts when the property has the value 'False', since this is the CLR default for the 'bool' type. Consider using a nullable type, using a nullable backing field, or setting the sentinel value for the property to ensure the database default is used when, and only when, appropriate. See https://aka.ms/efcore-docs-default-values for more information.
2026-06-12 15:29:56.637 +05:30 [WRN] The 'bool' property 'IsDeleted' on entity type 'ConsumerOtpVerification' is configured with a database-generated default, but has no configured sentinel value. The database-generated default will always be used for inserts when the property has the value 'False', since this is the CLR default for the 'bool' type. Consider using a nullable type, using a nullable backing field, or setting the sentinel value for the property to ensure the database default is used when, and only when, appropriate. See https://aka.ms/efcore-docs-default-values for more information.
2026-06-12 15:29:56.645 +05:30 [WRN] The 'bool' property 'IsDeleted' on entity type 'InAppNotification' is configured with a database-generated default, but has no configured sentinel value. The database-generated default will always be used for inserts when the property has the value 'False', since this is the CLR default for the 'bool' type. Consider using a nullable type, using a nullable backing field, or setting the sentinel value for the property to ensure the database default is used when, and only when, appropriate. See https://aka.ms/efcore-docs-default-values for more information.
2026-06-12 15:29:56.663 +05:30 [WRN] The 'bool' property 'IsRead' on entity type 'InAppNotification' is configured with a database-generated default, but has no configured sentinel value. The database-generated default will always be used for inserts when the property has the value 'False', since this is the CLR default for the 'bool' type. Consider using a nullable type, using a nullable backing field, or setting the sentinel value for the property to ensure the database default is used when, and only when, appropriate. See https://aka.ms/efcore-docs-default-values for more information.
2026-06-12 15:29:56.688 +05:30 [WRN] The 'bool' property 'ShowInSidebar' on entity type 'Menuitem' is configured with a database-generated default, but has no configured sentinel value. The database-generated default will always be used for inserts when the property has the value 'False', since this is the CLR default for the 'bool' type. Consider using a nullable type, using a nullable backing field, or setting the sentinel value for the property to ensure the database default is used when, and only when, appropriate. See https://aka.ms/efcore-docs-default-values for more information.
2026-06-12 15:29:56.699 +05:30 [WRN] The 'bool' property 'IsActive' on entity type 'PermissionModule' is configured with a database-generated default, but has no configured sentinel value. The database-generated default will always be used for inserts when the property has the value 'False', since this is the CLR default for the 'bool' type. Consider using a nullable type, using a nullable backing field, or setting the sentinel value for the property to ensure the database default is used when, and only when, appropriate. See https://aka.ms/efcore-docs-default-values for more information.
2026-06-12 15:29:56.706 +05:30 [WRN] The 'bool' property 'IsDeleted' on entity type 'PermissionModule' is configured with a database-generated default, but has no configured sentinel value. The database-generated default will always be used for inserts when the property has the value 'False', since this is the CLR default for the 'bool' type. Consider using a nullable type, using a nullable backing field, or setting the sentinel value for the property to ensure the database default is used when, and only when, appropriate. See https://aka.ms/efcore-docs-default-values for more information.
2026-06-12 15:45:23.781 +05:30 [INF] Now listening on: https://localhost:7183
2026-06-12 15:45:23.866 +05:30 [INF] Now listening on: http://localhost:5264
2026-06-12 15:45:24.252 +05:30 [INF] Application started. Press Ctrl+C to shut down.
2026-06-12 15:45:24.499 +05:30 [INF] Hosting environment: Development
2026-06-12 15:45:24.500 +05:30 [INF] Content root path: C:\Users\Lekesh\Prince Yadav\Vedang Projects\Water Bill\VedangSoft.BPMS\Water.Bill\src\Water.Bill.API
2026-06-12 15:45:36.843 +05:30 [WRN] The 'bool' property 'IsActive' on entity type 'CommunicationPurpose' is configured with a database-generated default, but has no configured sentinel value. The database-generated default will always be used for inserts when the property has the value 'False', since this is the CLR default for the 'bool' type. Consider using a nullable type, using a nullable backing field, or setting the sentinel value for the property to ensure the database default is used when, and only when, appropriate. See https://aka.ms/efcore-docs-default-values for more information.
2026-06-12 15:45:36.852 +05:30 [WRN] The 'bool' property 'IsSystem' on entity type 'CommunicationPurpose' is configured with a database-generated default, but has no configured sentinel value. The database-generated default will always be used for inserts when the property has the value 'False', since this is the CLR default for the 'bool' type. Consider using a nullable type, using a nullable backing field, or setting the sentinel value for the property to ensure the database default is used when, and only when, appropriate. See https://aka.ms/efcore-docs-default-values for more information.
2026-06-12 15:45:36.857 +05:30 [WRN] The 'bool' property 'IsActive' on entity type 'CommunicationTemplate' is configured with a database-generated default, but has no configured sentinel value. The database-generated default will always be used for inserts when the property has the value 'False', since this is the CLR default for the 'bool' type. Consider using a nullable type, using a nullable backing field, or setting the sentinel value for the property to ensure the database default is used when, and only when, appropriate. See https://aka.ms/efcore-docs-default-values for more information.
2026-06-12 15:45:36.860 +05:30 [WRN] The 'bool' property 'IsDefault' on entity type 'CommunicationTemplate' is configured with a database-generated default, but has no configured sentinel value. The database-generated default will always be used for inserts when the property has the value 'False', since this is the CLR default for the 'bool' type. Consider using a nullable type, using a nullable backing field, or setting the sentinel value for the property to ensure the database default is used when, and only when, appropriate. See https://aka.ms/efcore-docs-default-values for more information.
2026-06-12 15:45:36.869 +05:30 [WRN] The 'bool' property 'IsDeleted' on entity type 'CommunicationTemplate' is configured with a database-generated default, but has no configured sentinel value. The database-generated default will always be used for inserts when the property has the value 'False', since this is the CLR default for the 'bool' type. Consider using a nullable type, using a nullable backing field, or setting the sentinel value for the property to ensure the database default is used when, and only when, appropriate. See https://aka.ms/efcore-docs-default-values for more information.
2026-06-12 15:45:36.875 +05:30 [WRN] The 'bool' property 'IsActive' on entity type 'ConsumerOtpVerification' is configured with a database-generated default, but has no configured sentinel value. The database-generated default will always be used for inserts when the property has the value 'False', since this is the CLR default for the 'bool' type. Consider using a nullable type, using a nullable backing field, or setting the sentinel value for the property to ensure the database default is used when, and only when, appropriate. See https://aka.ms/efcore-docs-default-values for more information.
2026-06-12 15:45:36.885 +05:30 [WRN] The 'bool' property 'IsDeleted' on entity type 'ConsumerOtpVerification' is configured with a database-generated default, but has no configured sentinel value. The database-generated default will always be used for inserts when the property has the value 'False', since this is the CLR default for the 'bool' type. Consider using a nullable type, using a nullable backing field, or setting the sentinel value for the property to ensure the database default is used when, and only when, appropriate. See https://aka.ms/efcore-docs-default-values for more information.
2026-06-12 15:45:36.896 +05:30 [WRN] The 'bool' property 'IsDeleted' on entity type 'InAppNotification' is configured with a database-generated default, but has no configured sentinel value. The database-generated default will always be used for inserts when the property has the value 'False', since this is the CLR default for the 'bool' type. Consider using a nullable type, using a nullable backing field, or setting the sentinel value for the property to ensure the database default is used when, and only when, appropriate. See https://aka.ms/efcore-docs-default-values for more information.
2026-06-12 15:45:36.902 +05:30 [WRN] The 'bool' property 'IsRead' on entity type 'InAppNotification' is configured with a database-generated default, but has no configured sentinel value. The database-generated default will always be used for inserts when the property has the value 'False', since this is the CLR default for the 'bool' type. Consider using a nullable type, using a nullable backing field, or setting the sentinel value for the property to ensure the database default is used when, and only when, appropriate. See https://aka.ms/efcore-docs-default-values for more information.
2026-06-12 15:45:36.913 +05:30 [WRN] The 'bool' property 'ShowInSidebar' on entity type 'Menuitem' is configured with a database-generated default, but has no configured sentinel value. The database-generated default will always be used for inserts when the property has the value 'False', since this is the CLR default for the 'bool' type. Consider using a nullable type, using a nullable backing field, or setting the sentinel value for the property to ensure the database default is used when, and only when, appropriate. See https://aka.ms/efcore-docs-default-values for more information.
2026-06-12 15:45:36.920 +05:30 [WRN] The 'bool' property 'IsActive' on entity type 'PermissionModule' is configured with a database-generated default, but has no configured sentinel value. The database-generated default will always be used for inserts when the property has the value 'False', since this is the CLR default for the 'bool' type. Consider using a nullable type, using a nullable backing field, or setting the sentinel value for the property to ensure the database default is used when, and only when, appropriate. See https://aka.ms/efcore-docs-default-values for more information.
2026-06-12 15:45:36.931 +05:30 [WRN] The 'bool' property 'IsDeleted' on entity type 'PermissionModule' is configured with a database-generated default, but has no configured sentinel value. The database-generated default will always be used for inserts when the property has the value 'False', since this is the CLR default for the 'bool' type. Consider using a nullable type, using a nullable backing field, or setting the sentinel value for the property to ensure the database default is used when, and only when, appropriate. See https://aka.ms/efcore-docs-default-values for more information.
2026-06-12 15:50:49.657 +05:30 [INF] Now listening on: https://localhost:7183
2026-06-12 15:50:49.751 +05:30 [INF] Now listening on: http://localhost:5264
2026-06-12 15:50:51.592 +05:30 [INF] Application started. Press Ctrl+C to shut down.
2026-06-12 15:50:52.271 +05:30 [INF] Hosting environment: Development
2026-06-12 15:50:52.272 +05:30 [INF] Content root path: C:\Users\Lekesh\Prince Yadav\Vedang Projects\Water Bill\VedangSoft.BPMS\Water.Bill\src\Water.Bill.API
2026-06-12 15:51:00.884 +05:30 [WRN] The 'bool' property 'IsActive' on entity type 'CommunicationPurpose' is configured with a database-generated default, but has no configured sentinel value. The database-generated default will always be used for inserts when the property has the value 'False', since this is the CLR default for the 'bool' type. Consider using a nullable type, using a nullable backing field, or setting the sentinel value for the property to ensure the database default is used when, and only when, appropriate. See https://aka.ms/efcore-docs-default-values for more information.
2026-06-12 15:51:00.898 +05:30 [WRN] The 'bool' property 'IsSystem' on entity type 'CommunicationPurpose' is configured with a database-generated default, but has no configured sentinel value. The database-generated default will always be used for inserts when the property has the value 'False', since this is the CLR default for the 'bool' type. Consider using a nullable type, using a nullable backing field, or setting the sentinel value for the property to ensure the database default is used when, and only when, appropriate. See https://aka.ms/efcore-docs-default-values for more information.
2026-06-12 15:51:00.904 +05:30 [WRN] The 'bool' property 'IsActive' on entity type 'CommunicationTemplate' is configured with a database-generated default, but has no configured sentinel value. The database-generated default will always be used for inserts when the property has the value 'False', since this is the CLR default for the 'bool' type. Consider using a nullable type, using a nullable backing field, or setting the sentinel value for the property to ensure the database default is used when, and only when, appropriate. See https://aka.ms/efcore-docs-default-values for more information.
2026-06-12 15:51:00.914 +05:30 [WRN] The 'bool' property 'IsDefault' on entity type 'CommunicationTemplate' is configured with a database-generated default, but has no configured sentinel value. The database-generated default will always be used for inserts when the property has the value 'False', since this is the CLR default for the 'bool' type. Consider using a nullable type, using a nullable backing field, or setting the sentinel value for the property to ensure the database default is used when, and only when, appropriate. See https://aka.ms/efcore-docs-default-values for more information.
2026-06-12 15:51:00.917 +05:30 [WRN] The 'bool' property 'IsDeleted' on entity type 'CommunicationTemplate' is configured with a database-generated default, but has no configured sentinel value. The database-generated default will always be used for inserts when the property has the value 'False', since this is the CLR default for the 'bool' type. Consider using a nullable type, using a nullable backing field, or setting the sentinel value for the property to ensure the database default is used when, and only when, appropriate. See https://aka.ms/efcore-docs-default-values for more information.
2026-06-12 15:51:00.923 +05:30 [WRN] The 'bool' property 'IsActive' on entity type 'ConsumerOtpVerification' is configured with a database-generated default, but has no configured sentinel value. The database-generated default will always be used for inserts when the property has the value 'False', since this is the CLR default for the 'bool' type. Consider using a nullable type, using a nullable backing field, or setting the sentinel value for the property to ensure the database default is used when, and only when, appropriate. See https://aka.ms/efcore-docs-default-values for more information.
2026-06-12 15:51:00.933 +05:30 [WRN] The 'bool' property 'IsDeleted' on entity type 'ConsumerOtpVerification' is configured with a database-generated default, but has no configured sentinel value. The database-generated default will always be used for inserts when the property has the value 'False', since this is the CLR default for the 'bool' type. Consider using a nullable type, using a nullable backing field, or setting the sentinel value for the property to ensure the database default is used when, and only when, appropriate. See https://aka.ms/efcore-docs-default-values for more information.
2026-06-12 15:51:00.939 +05:30 [WRN] The 'bool' property 'IsDeleted' on entity type 'InAppNotification' is configured with a database-generated default, but has no configured sentinel value. The database-generated default will always be used for inserts when the property has the value 'False', since this is the CLR default for the 'bool' type. Consider using a nullable type, using a nullable backing field, or setting the sentinel value for the property to ensure the database default is used when, and only when, appropriate. See https://aka.ms/efcore-docs-default-values for more information.
2026-06-12 15:51:00.949 +05:30 [WRN] The 'bool' property 'IsRead' on entity type 'InAppNotification' is configured with a database-generated default, but has no configured sentinel value. The database-generated default will always be used for inserts when the property has the value 'False', since this is the CLR default for the 'bool' type. Consider using a nullable type, using a nullable backing field, or setting the sentinel value for the property to ensure the database default is used when, and only when, appropriate. See https://aka.ms/efcore-docs-default-values for more information.
2026-06-12 15:51:00.955 +05:30 [WRN] The 'bool' property 'ShowInSidebar' on entity type 'Menuitem' is configured with a database-generated default, but has no configured sentinel value. The database-generated default will always be used for inserts when the property has the value 'False', since this is the CLR default for the 'bool' type. Consider using a nullable type, using a nullable backing field, or setting the sentinel value for the property to ensure the database default is used when, and only when, appropriate. See https://aka.ms/efcore-docs-default-values for more information.
2026-06-12 15:51:00.966 +05:30 [WRN] The 'bool' property 'IsActive' on entity type 'PermissionModule' is configured with a database-generated default, but has no configured sentinel value. The database-generated default will always be used for inserts when the property has the value 'False', since this is the CLR default for the 'bool' type. Consider using a nullable type, using a nullable backing field, or setting the sentinel value for the property to ensure the database default is used when, and only when, appropriate. See https://aka.ms/efcore-docs-default-values for more information.
2026-06-12 15:51:00.977 +05:30 [WRN] The 'bool' property 'IsDeleted' on entity type 'PermissionModule' is configured with a database-generated default, but has no configured sentinel value. The database-generated default will always be used for inserts when the property has the value 'False', since this is the CLR default for the 'bool' type. Consider using a nullable type, using a nullable backing field, or setting the sentinel value for the property to ensure the database default is used when, and only when, appropriate. See https://aka.ms/efcore-docs-default-values for more information.
2026-06-12 16:02:26.898 +05:30 [INF] Now listening on: https://localhost:7183
2026-06-12 16:02:27.025 +05:30 [INF] Now listening on: http://localhost:5264
2026-06-12 16:02:27.318 +05:30 [INF] Application started. Press Ctrl+C to shut down.
2026-06-12 16:02:27.320 +05:30 [INF] Hosting environment: Development
2026-06-12 16:02:27.323 +05:30 [INF] Content root path: C:\Users\Lekesh\Prince Yadav\Vedang Projects\Water Bill\VedangSoft.BPMS\Water.Bill\src\Water.Bill.API
2026-06-12 16:02:36.460 +05:30 [WRN] The 'bool' property 'IsActive' on entity type 'CommunicationPurpose' is configured with a database-generated default, but has no configured sentinel value. The database-generated default will always be used for inserts when the property has the value 'False', since this is the CLR default for the 'bool' type. Consider using a nullable type, using a nullable backing field, or setting the sentinel value for the property to ensure the database default is used when, and only when, appropriate. See https://aka.ms/efcore-docs-default-values for more information.
2026-06-12 16:02:36.471 +05:30 [WRN] The 'bool' property 'IsSystem' on entity type 'CommunicationPurpose' is configured with a database-generated default, but has no configured sentinel value. The database-generated default will always be used for inserts when the property has the value 'False', since this is the CLR default for the 'bool' type. Consider using a nullable type, using a nullable backing field, or setting the sentinel value for the property to ensure the database default is used when, and only when, appropriate. See https://aka.ms/efcore-docs-default-values for more information.
2026-06-12 16:02:36.475 +05:30 [WRN] The 'bool' property 'IsActive' on entity type 'CommunicationTemplate' is configured with a database-generated default, but has no configured sentinel value. The database-generated default will always be used for inserts when the property has the value 'False', since this is the CLR default for the 'bool' type. Consider using a nullable type, using a nullable backing field, or setting the sentinel value for the property to ensure the database default is used when, and only when, appropriate. See https://aka.ms/efcore-docs-default-values for more information.
2026-06-12 16:02:36.480 +05:30 [WRN] The 'bool' property 'IsDefault' on entity type 'CommunicationTemplate' is configured with a database-generated default, but has no configured sentinel value. The database-generated default will always be used for inserts when the property has the value 'False', since this is the CLR default for the 'bool' type. Consider using a nullable type, using a nullable backing field, or setting the sentinel value for the property to ensure the database default is used when, and only when, appropriate. See https://aka.ms/efcore-docs-default-values for more information.
2026-06-12 16:02:36.485 +05:30 [WRN] The 'bool' property 'IsDeleted' on entity type 'CommunicationTemplate' is configured with a database-generated default, but has no configured sentinel value. The database-generated default will always be used for inserts when the property has the value 'False', since this is the CLR default for the 'bool' type. Consider using a nullable type, using a nullable backing field, or setting the sentinel value for the property to ensure the database default is used when, and only when, appropriate. See https://aka.ms/efcore-docs-default-values for more information.
2026-06-12 16:02:36.490 +05:30 [WRN] The 'bool' property 'IsActive' on entity type 'ConsumerOtpVerification' is configured with a database-generated default, but has no configured sentinel value. The database-generated default will always be used for inserts when the property has the value 'False', since this is the CLR default for the 'bool' type. Consider using a nullable type, using a nullable backing field, or setting the sentinel value for the property to ensure the database default is used when, and only when, appropriate. See https://aka.ms/efcore-docs-default-values for more information.
2026-06-12 16:02:36.498 +05:30 [WRN] The 'bool' property 'IsDeleted' on entity type 'ConsumerOtpVerification' is configured with a database-generated default, but has no configured sentinel value. The database-generated default will always be used for inserts when the property has the value 'False', since this is the CLR default for the 'bool' type. Consider using a nullable type, using a nullable backing field, or setting the sentinel value for the property to ensure the database default is used when, and only when, appropriate. See https://aka.ms/efcore-docs-default-values for more information.
2026-06-12 16:02:36.504 +05:30 [WRN] The 'bool' property 'IsDeleted' on entity type 'InAppNotification' is configured with a database-generated default, but has no configured sentinel value. The database-generated default will always be used for inserts when the property has the value 'False', since this is the CLR default for the 'bool' type. Consider using a nullable type, using a nullable backing field, or setting the sentinel value for the property to ensure the database default is used when, and only when, appropriate. See https://aka.ms/efcore-docs-default-values for more information.
2026-06-12 16:02:36.512 +05:30 [WRN] The 'bool' property 'IsRead' on entity type 'InAppNotification' is configured with a database-generated default, but has no configured sentinel value. The database-generated default will always be used for inserts when the property has the value 'False', since this is the CLR default for the 'bool' type. Consider using a nullable type, using a nullable backing field, or setting the sentinel value for the property to ensure the database default is used when, and only when, appropriate. See https://aka.ms/efcore-docs-default-values for more information.
2026-06-12 16:02:36.520 +05:30 [WRN] The 'bool' property 'ShowInSidebar' on entity type 'Menuitem' is configured with a database-generated default, but has no configured sentinel value. The database-generated default will always be used for inserts when the property has the value 'False', since this is the CLR default for the 'bool' type. Consider using a nullable type, using a nullable backing field, or setting the sentinel value for the property to ensure the database default is used when, and only when, appropriate. See https://aka.ms/efcore-docs-default-values for more information.
2026-06-12 16:02:36.528 +05:30 [WRN] The 'bool' property 'IsActive' on entity type 'PermissionModule' is configured with a database-generated default, but has no configured sentinel value. The database-generated default will always be used for inserts when the property has the value 'False', since this is the CLR default for the 'bool' type. Consider using a nullable type, using a nullable backing field, or setting the sentinel value for the property to ensure the database default is used when, and only when, appropriate. See https://aka.ms/efcore-docs-default-values for more information.
2026-06-12 16:02:36.536 +05:30 [WRN] The 'bool' property 'IsDeleted' on entity type 'PermissionModule' is configured with a database-generated default, but has no configured sentinel value. The database-generated default will always be used for inserts when the property has the value 'False', since this is the CLR default for the 'bool' type. Consider using a nullable type, using a nullable backing field, or setting the sentinel value for the property to ensure the database default is used when, and only when, appropriate. See https://aka.ms/efcore-docs-default-values for more information.
2026-06-12 16:08:14.868 +05:30 [INF] Now listening on: https://localhost:7183
2026-06-12 16:08:15.568 +05:30 [INF] Now listening on: http://localhost:5264
2026-06-12 16:08:17.872 +05:30 [INF] Application started. Press Ctrl+C to shut down.
2026-06-12 16:08:17.882 +05:30 [INF] Hosting environment: Development
2026-06-12 16:08:17.891 +05:30 [INF] Content root path: C:\Users\Lekesh\Prince Yadav\Vedang Projects\Water Bill\VedangSoft.BPMS\Water.Bill\src\Water.Bill.API
2026-06-12 16:08:27.283 +05:30 [WRN] The 'bool' property 'IsActive' on entity type 'CommunicationPurpose' is configured with a database-generated default, but has no configured sentinel value. The database-generated default will always be used for inserts when the property has the value 'False', since this is the CLR default for the 'bool' type. Consider using a nullable type, using a nullable backing field, or setting the sentinel value for the property to ensure the database default is used when, and only when, appropriate. See https://aka.ms/efcore-docs-default-values for more information.
2026-06-12 16:08:27.291 +05:30 [WRN] The 'bool' property 'IsSystem' on entity type 'CommunicationPurpose' is configured with a database-generated default, but has no configured sentinel value. The database-generated default will always be used for inserts when the property has the value 'False', since this is the CLR default for the 'bool' type. Consider using a nullable type, using a nullable backing field, or setting the sentinel value for the property to ensure the database default is used when, and only when, appropriate. See https://aka.ms/efcore-docs-default-values for more information.
2026-06-12 16:08:27.297 +05:30 [WRN] The 'bool' property 'IsActive' on entity type 'CommunicationTemplate' is configured with a database-generated default, but has no configured sentinel value. The database-generated default will always be used for inserts when the property has the value 'False', since this is the CLR default for the 'bool' type. Consider using a nullable type, using a nullable backing field, or setting the sentinel value for the property to ensure the database default is used when, and only when, appropriate. See https://aka.ms/efcore-docs-default-values for more information.
2026-06-12 16:08:27.302 +05:30 [WRN] The 'bool' property 'IsDefault' on entity type 'CommunicationTemplate' is configured with a database-generated default, but has no configured sentinel value. The database-generated default will always be used for inserts when the property has the value 'False', since this is the CLR default for the 'bool' type. Consider using a nullable type, using a nullable backing field, or setting the sentinel value for the property to ensure the database default is used when, and only when, appropriate. See https://aka.ms/efcore-docs-default-values for more information.
2026-06-12 16:08:27.306 +05:30 [WRN] The 'bool' property 'IsDeleted' on entity type 'CommunicationTemplate' is configured with a database-generated default, but has no configured sentinel value. The database-generated default will always be used for inserts when the property has the value 'False', since this is the CLR default for the 'bool' type. Consider using a nullable type, using a nullable backing field, or setting the sentinel value for the property to ensure the database default is used when, and only when, appropriate. See https://aka.ms/efcore-docs-default-values for more information.
2026-06-12 16:08:27.315 +05:30 [WRN] The 'bool' property 'IsActive' on entity type 'ConsumerOtpVerification' is configured with a database-generated default, but has no configured sentinel value. The database-generated default will always be used for inserts when the property has the value 'False', since this is the CLR default for the 'bool' type. Consider using a nullable type, using a nullable backing field, or setting the sentinel value for the property to ensure the database default is used when, and only when, appropriate. See https://aka.ms/efcore-docs-default-values for more information.
2026-06-12 16:08:27.323 +05:30 [WRN] The 'bool' property 'IsDeleted' on entity type 'ConsumerOtpVerification' is configured with a database-generated default, but has no configured sentinel value. The database-generated default will always be used for inserts when the property has the value 'False', since this is the CLR default for the 'bool' type. Consider using a nullable type, using a nullable backing field, or setting the sentinel value for the property to ensure the database default is used when, and only when, appropriate. See https://aka.ms/efcore-docs-default-values for more information.
2026-06-12 16:08:27.334 +05:30 [WRN] The 'bool' property 'IsDeleted' on entity type 'InAppNotification' is configured with a database-generated default, but has no configured sentinel value. The database-generated default will always be used for inserts when the property has the value 'False', since this is the CLR default for the 'bool' type. Consider using a nullable type, using a nullable backing field, or setting the sentinel value for the property to ensure the database default is used when, and only when, appropriate. See https://aka.ms/efcore-docs-default-values for more information.
2026-06-12 16:08:27.340 +05:30 [WRN] The 'bool' property 'IsRead' on entity type 'InAppNotification' is configured with a database-generated default, but has no configured sentinel value. The database-generated default will always be used for inserts when the property has the value 'False', since this is the CLR default for the 'bool' type. Consider using a nullable type, using a nullable backing field, or setting the sentinel value for the property to ensure the database default is used when, and only when, appropriate. See https://aka.ms/efcore-docs-default-values for more information.
2026-06-12 16:08:27.351 +05:30 [WRN] The 'bool' property 'ShowInSidebar' on entity type 'Menuitem' is configured with a database-generated default, but has no configured sentinel value. The database-generated default will always be used for inserts when the property has the value 'False', since this is the CLR default for the 'bool' type. Consider using a nullable type, using a nullable backing field, or setting the sentinel value for the property to ensure the database default is used when, and only when, appropriate. See https://aka.ms/efcore-docs-default-values for more information.
2026-06-12 16:08:27.357 +05:30 [WRN] The 'bool' property 'IsActive' on entity type 'PermissionModule' is configured with a database-generated default, but has no configured sentinel value. The database-generated default will always be used for inserts when the property has the value 'False', since this is the CLR default for the 'bool' type. Consider using a nullable type, using a nullable backing field, or setting the sentinel value for the property to ensure the database default is used when, and only when, appropriate. See https://aka.ms/efcore-docs-default-values for more information.
2026-06-12 16:08:27.366 +05:30 [WRN] The 'bool' property 'IsDeleted' on entity type 'PermissionModule' is configured with a database-generated default, but has no configured sentinel value. The database-generated default will always be used for inserts when the property has the value 'False', since this is the CLR default for the 'bool' type. Consider using a nullable type, using a nullable backing field, or setting the sentinel value for the property to ensure the database default is used when, and only when, appropriate. See https://aka.ms/efcore-docs-default-values for more information.
2026-06-12 16:11:26.334 +05:30 [INF] Now listening on: https://localhost:7183
2026-06-12 16:11:27.105 +05:30 [INF] Now listening on: http://localhost:5264
2026-06-12 16:11:29.185 +05:30 [INF] Application started. Press Ctrl+C to shut down.
2026-06-12 16:11:29.668 +05:30 [INF] Hosting environment: Development
2026-06-12 16:11:29.669 +05:30 [INF] Content root path: C:\Users\Lekesh\Prince Yadav\Vedang Projects\Water Bill\VedangSoft.BPMS\Water.Bill\src\Water.Bill.API
2026-06-12 16:11:38.887 +05:30 [WRN] The 'bool' property 'IsActive' on entity type 'CommunicationPurpose' is configured with a database-generated default, but has no configured sentinel value. The database-generated default will always be used for inserts when the property has the value 'False', since this is the CLR default for the 'bool' type. Consider using a nullable type, using a nullable backing field, or setting the sentinel value for the property to ensure the database default is used when, and only when, appropriate. See https://aka.ms/efcore-docs-default-values for more information.
2026-06-12 16:11:38.898 +05:30 [WRN] The 'bool' property 'IsSystem' on entity type 'CommunicationPurpose' is configured with a database-generated default, but has no configured sentinel value. The database-generated default will always be used for inserts when the property has the value 'False', since this is the CLR default for the 'bool' type. Consider using a nullable type, using a nullable backing field, or setting the sentinel value for the property to ensure the database default is used when, and only when, appropriate. See https://aka.ms/efcore-docs-default-values for more information.
2026-06-12 16:11:38.901 +05:30 [WRN] The 'bool' property 'IsActive' on entity type 'CommunicationTemplate' is configured with a database-generated default, but has no configured sentinel value. The database-generated default will always be used for inserts when the property has the value 'False', since this is the CLR default for the 'bool' type. Consider using a nullable type, using a nullable backing field, or setting the sentinel value for the property to ensure the database default is used when, and only when, appropriate. See https://aka.ms/efcore-docs-default-values for more information.
2026-06-12 16:11:38.905 +05:30 [WRN] The 'bool' property 'IsDefault' on entity type 'CommunicationTemplate' is configured with a database-generated default, but has no configured sentinel value. The database-generated default will always be used for inserts when the property has the value 'False', since this is the CLR default for the 'bool' type. Consider using a nullable type, using a nullable backing field, or setting the sentinel value for the property to ensure the database default is used when, and only when, appropriate. See https://aka.ms/efcore-docs-default-values for more information.
2026-06-12 16:11:38.914 +05:30 [WRN] The 'bool' property 'IsDeleted' on entity type 'CommunicationTemplate' is configured with a database-generated default, but has no configured sentinel value. The database-generated default will always be used for inserts when the property has the value 'False', since this is the CLR default for the 'bool' type. Consider using a nullable type, using a nullable backing field, or setting the sentinel value for the property to ensure the database default is used when, and only when, appropriate. See https://aka.ms/efcore-docs-default-values for more information.
2026-06-12 16:11:38.920 +05:30 [WRN] The 'bool' property 'IsActive' on entity type 'ConsumerOtpVerification' is configured with a database-generated default, but has no configured sentinel value. The database-generated default will always be used for inserts when the property has the value 'False', since this is the CLR default for the 'bool' type. Consider using a nullable type, using a nullable backing field, or setting the sentinel value for the property to ensure the database default is used when, and only when, appropriate. See https://aka.ms/efcore-docs-default-values for more information.
2026-06-12 16:11:38.933 +05:30 [WRN] The 'bool' property 'IsDeleted' on entity type 'ConsumerOtpVerification' is configured with a database-generated default, but has no configured sentinel value. The database-generated default will always be used for inserts when the property has the value 'False', since this is the CLR default for the 'bool' type. Consider using a nullable type, using a nullable backing field, or setting the sentinel value for the property to ensure the database default is used when, and only when, appropriate. See https://aka.ms/efcore-docs-default-values for more information.
2026-06-12 16:11:38.945 +05:30 [WRN] The 'bool' property 'IsDeleted' on entity type 'InAppNotification' is configured with a database-generated default, but has no configured sentinel value. The database-generated default will always be used for inserts when the property has the value 'False', since this is the CLR default for the 'bool' type. Consider using a nullable type, using a nullable backing field, or setting the sentinel value for the property to ensure the database default is used when, and only when, appropriate. See https://aka.ms/efcore-docs-default-values for more information.
2026-06-12 16:11:38.953 +05:30 [WRN] The 'bool' property 'IsRead' on entity type 'InAppNotification' is configured with a database-generated default, but has no configured sentinel value. The database-generated default will always be used for inserts when the property has the value 'False', since this is the CLR default for the 'bool' type. Consider using a nullable type, using a nullable backing field, or setting the sentinel value for the property to ensure the database default is used when, and only when, appropriate. See https://aka.ms/efcore-docs-default-values for more information.
2026-06-12 16:11:38.963 +05:30 [WRN] The 'bool' property 'ShowInSidebar' on entity type 'Menuitem' is configured with a database-generated default, but has no configured sentinel value. The database-generated default will always be used for inserts when the property has the value 'False', since this is the CLR default for the 'bool' type. Consider using a nullable type, using a nullable backing field, or setting the sentinel value for the property to ensure the database default is used when, and only when, appropriate. See https://aka.ms/efcore-docs-default-values for more information.
2026-06-12 16:11:38.971 +05:30 [WRN] The 'bool' property 'IsActive' on entity type 'PermissionModule' is configured with a database-generated default, but has no configured sentinel value. The database-generated default will always be used for inserts when the property has the value 'False', since this is the CLR default for the 'bool' type. Consider using a nullable type, using a nullable backing field, or setting the sentinel value for the property to ensure the database default is used when, and only when, appropriate. See https://aka.ms/efcore-docs-default-values for more information.
2026-06-12 16:11:38.982 +05:30 [WRN] The 'bool' property 'IsDeleted' on entity type 'PermissionModule' is configured with a database-generated default, but has no configured sentinel value. The database-generated default will always be used for inserts when the property has the value 'False', since this is the CLR default for the 'bool' type. Consider using a nullable type, using a nullable backing field, or setting the sentinel value for the property to ensure the database default is used when, and only when, appropriate. See https://aka.ms/efcore-docs-default-values for more information.
2026-06-12 16:12:53.637 +05:30 [ERR] An unhandled exception has occurred while executing the request.
System.InvalidOperationException: The model item passed into the ViewDataDictionary is of type 'Water.Bill.API.ViewModels.PermissionModuleFormViewModel', but this ViewDataDictionary instance requires a model item of type 'Water.Bill.Infrastructure.Data.Entities.PermissionModule'.
   at Microsoft.AspNetCore.Mvc.ViewFeatures.ViewDataDictionary.EnsureCompatible(Object value)
   at Microsoft.AspNetCore.Mvc.ViewFeatures.ViewDataDictionary..ctor(ViewDataDictionary source, Object model, Type declaredModelType)
   at lambda_method949(Closure, ViewDataDictionary)
   at Microsoft.AspNetCore.Mvc.Razor.RazorPagePropertyActivator.Activate(Object page, ViewContext context)
   at Microsoft.AspNetCore.Mvc.Razor.RazorView.RenderPageCoreAsync(IRazorPage page, ViewContext context)
   at Microsoft.AspNetCore.Mvc.Razor.RazorView.RenderPageAsync(IRazorPage page, ViewContext context, Boolean invokeViewStarts)
   at Microsoft.AspNetCore.Mvc.Razor.RazorView.RenderAsync(ViewContext context)
   at Microsoft.AspNetCore.Mvc.ViewFeatures.ViewExecutor.ExecuteAsync(ViewContext viewContext, String contentType, Nullable`1 statusCode)
   at Microsoft.AspNetCore.Mvc.ViewFeatures.ViewExecutor.ExecuteAsync(ViewContext viewContext, String contentType, Nullable`1 statusCode)
   at Microsoft.AspNetCore.Mvc.ViewFeatures.ViewExecutor.ExecuteAsync(ActionContext actionContext, IView view, ViewDataDictionary viewData, ITempDataDictionary tempData, String contentType, Nullable`1 statusCode)
   at Microsoft.AspNetCore.Mvc.ViewFeatures.ViewResultExecutor.ExecuteAsync(ActionContext context, ViewResult result)
   at Microsoft.AspNetCore.Mvc.ViewResult.ExecuteResultAsync(ActionContext context)
   at Microsoft.AspNetCore.Mvc.Infrastructure.ResourceInvoker.<InvokeNextResultFilterAsync>g__Awaited|30_0[TFilter,TFilterAsync](ResourceInvoker invoker, Task lastTask, State next, Scope scope, Object state, Boolean isCompleted)
   at Microsoft.AspNetCore.Mvc.Infrastructure.ResourceInvoker.Rethrow(ResultExecutedContextSealed context)
   at Microsoft.AspNetCore.Mvc.Infrastructure.ResourceInvoker.ResultNext[TFilter,TFilterAsync](State& next, Scope& scope, Object& state, Boolean& isCompleted)
   at Microsoft.AspNetCore.Mvc.Infrastructure.ResourceInvoker.InvokeResultFilters()
--- End of stack trace from previous location ---
   at Microsoft.AspNetCore.Mvc.Infrastructure.ResourceInvoker.<InvokeNextResourceFilter>g__Awaited|25_0(ResourceInvoker invoker, Task lastTask, State next, Scope scope, Object state, Boolean isCompleted)
   at Microsoft.AspNetCore.Mvc.Infrastructure.ResourceInvoker.Rethrow(ResourceExecutedContextSealed context)
   at Microsoft.AspNetCore.Mvc.Infrastructure.ResourceInvoker.Next(State& next, Scope& scope, Object& state, Boolean& isCompleted)
   at Microsoft.AspNetCore.Mvc.Infrastructure.ResourceInvoker.<InvokeFilterPipelineAsync>g__Awaited|20_0(ResourceInvoker invoker, Task lastTask, State next, Scope scope, Object state, Boolean isCompleted)
   at Microsoft.AspNetCore.Mvc.Infrastructure.ResourceInvoker.<InvokeAsync>g__Awaited|17_0(ResourceInvoker invoker, Task task, IDisposable scope)
   at Microsoft.AspNetCore.Mvc.Infrastructure.ResourceInvoker.<InvokeAsync>g__Awaited|17_0(ResourceInvoker invoker, Task task, IDisposable scope)
   at Microsoft.AspNetCore.Authorization.AuthorizationMiddleware.Invoke(HttpContext context)
   at Program.<>c.<<<Main>$>b__0_2>d.MoveNext() in C:\Users\Lekesh\Prince Yadav\Vedang Projects\Water Bill\VedangSoft.BPMS\Water.Bill\src\Water.Bill.API\Program.cs:line 73
--- End of stack trace from previous location ---
   at Microsoft.AspNetCore.Authentication.AuthenticationMiddleware.Invoke(HttpContext context)
   at Swashbuckle.AspNetCore.SwaggerUI.SwaggerUIMiddleware.Invoke(HttpContext httpContext)
   at Swashbuckle.AspNetCore.Swagger.SwaggerMiddleware.Invoke(HttpContext httpContext, ISwaggerProvider swaggerProvider)
   at Microsoft.AspNetCore.Diagnostics.DeveloperExceptionPageMiddlewareImpl.Invoke(HttpContext context)
2026-06-12 16:17:27.582 +05:30 [INF] Now listening on: https://localhost:7183
2026-06-12 16:17:27.880 +05:30 [INF] Now listening on: http://localhost:5264
2026-06-12 16:17:28.534 +05:30 [INF] Application started. Press Ctrl+C to shut down.
2026-06-12 16:17:28.784 +05:30 [INF] Hosting environment: Development
2026-06-12 16:17:28.786 +05:30 [INF] Content root path: C:\Users\Lekesh\Prince Yadav\Vedang Projects\Water Bill\VedangSoft.BPMS\Water.Bill\src\Water.Bill.API
2026-06-12 16:17:39.330 +05:30 [WRN] The 'bool' property 'IsActive' on entity type 'CommunicationPurpose' is configured with a database-generated default, but has no configured sentinel value. The database-generated default will always be used for inserts when the property has the value 'False', since this is the CLR default for the 'bool' type. Consider using a nullable type, using a nullable backing field, or setting the sentinel value for the property to ensure the database default is used when, and only when, appropriate. See https://aka.ms/efcore-docs-default-values for more information.
2026-06-12 16:17:39.339 +05:30 [WRN] The 'bool' property 'IsSystem' on entity type 'CommunicationPurpose' is configured with a database-generated default, but has no configured sentinel value. The database-generated default will always be used for inserts when the property has the value 'False', since this is the CLR default for the 'bool' type. Consider using a nullable type, using a nullable backing field, or setting the sentinel value for the property to ensure the database default is used when, and only when, appropriate. See https://aka.ms/efcore-docs-default-values for more information.
2026-06-12 16:17:39.348 +05:30 [WRN] The 'bool' property 'IsActive' on entity type 'CommunicationTemplate' is configured with a database-generated default, but has no configured sentinel value. The database-generated default will always be used for inserts when the property has the value 'False', since this is the CLR default for the 'bool' type. Consider using a nullable type, using a nullable backing field, or setting the sentinel value for the property to ensure the database default is used when, and only when, appropriate. See https://aka.ms/efcore-docs-default-values for more information.
2026-06-12 16:17:39.354 +05:30 [WRN] The 'bool' property 'IsDefault' on entity type 'CommunicationTemplate' is configured with a database-generated default, but has no configured sentinel value. The database-generated default will always be used for inserts when the property has the value 'False', since this is the CLR default for the 'bool' type. Consider using a nullable type, using a nullable backing field, or setting the sentinel value for the property to ensure the database default is used when, and only when, appropriate. See https://aka.ms/efcore-docs-default-values for more information.
2026-06-12 16:17:39.357 +05:30 [WRN] The 'bool' property 'IsDeleted' on entity type 'CommunicationTemplate' is configured with a database-generated default, but has no configured sentinel value. The database-generated default will always be used for inserts when the property has the value 'False', since this is the CLR default for the 'bool' type. Consider using a nullable type, using a nullable backing field, or setting the sentinel value for the property to ensure the database default is used when, and only when, appropriate. See https://aka.ms/efcore-docs-default-values for more information.
2026-06-12 16:17:39.371 +05:30 [WRN] The 'bool' property 'IsActive' on entity type 'ConsumerOtpVerification' is configured with a database-generated default, but has no configured sentinel value. The database-generated default will always be used for inserts when the property has the value 'False', since this is the CLR default for the 'bool' type. Consider using a nullable type, using a nullable backing field, or setting the sentinel value for the property to ensure the database default is used when, and only when, appropriate. See https://aka.ms/efcore-docs-default-values for more information.
2026-06-12 16:17:39.381 +05:30 [WRN] The 'bool' property 'IsDeleted' on entity type 'ConsumerOtpVerification' is configured with a database-generated default, but has no configured sentinel value. The database-generated default will always be used for inserts when the property has the value 'False', since this is the CLR default for the 'bool' type. Consider using a nullable type, using a nullable backing field, or setting the sentinel value for the property to ensure the database default is used when, and only when, appropriate. See https://aka.ms/efcore-docs-default-values for more information.
2026-06-12 16:17:39.426 +05:30 [WRN] The 'bool' property 'IsDeleted' on entity type 'InAppNotification' is configured with a database-generated default, but has no configured sentinel value. The database-generated default will always be used for inserts when the property has the value 'False', since this is the CLR default for the 'bool' type. Consider using a nullable type, using a nullable backing field, or setting the sentinel value for the property to ensure the database default is used when, and only when, appropriate. See https://aka.ms/efcore-docs-default-values for more information.
2026-06-12 16:17:39.462 +05:30 [WRN] The 'bool' property 'IsRead' on entity type 'InAppNotification' is configured with a database-generated default, but has no configured sentinel value. The database-generated default will always be used for inserts when the property has the value 'False', since this is the CLR default for the 'bool' type. Consider using a nullable type, using a nullable backing field, or setting the sentinel value for the property to ensure the database default is used when, and only when, appropriate. See https://aka.ms/efcore-docs-default-values for more information.
2026-06-12 16:17:39.479 +05:30 [WRN] The 'bool' property 'ShowInSidebar' on entity type 'Menuitem' is configured with a database-generated default, but has no configured sentinel value. The database-generated default will always be used for inserts when the property has the value 'False', since this is the CLR default for the 'bool' type. Consider using a nullable type, using a nullable backing field, or setting the sentinel value for the property to ensure the database default is used when, and only when, appropriate. See https://aka.ms/efcore-docs-default-values for more information.
2026-06-12 16:17:39.563 +05:30 [WRN] The 'bool' property 'IsActive' on entity type 'PermissionModule' is configured with a database-generated default, but has no configured sentinel value. The database-generated default will always be used for inserts when the property has the value 'False', since this is the CLR default for the 'bool' type. Consider using a nullable type, using a nullable backing field, or setting the sentinel value for the property to ensure the database default is used when, and only when, appropriate. See https://aka.ms/efcore-docs-default-values for more information.
2026-06-12 16:17:39.820 +05:30 [WRN] The 'bool' property 'IsDeleted' on entity type 'PermissionModule' is configured with a database-generated default, but has no configured sentinel value. The database-generated default will always be used for inserts when the property has the value 'False', since this is the CLR default for the 'bool' type. Consider using a nullable type, using a nullable backing field, or setting the sentinel value for the property to ensure the database default is used when, and only when, appropriate. See https://aka.ms/efcore-docs-default-values for more information.
2026-06-12 16:40:48.284 +05:30 [INF] Now listening on: https://localhost:7183
2026-06-12 16:40:48.353 +05:30 [INF] Now listening on: http://localhost:5264
2026-06-12 16:40:48.559 +05:30 [INF] Application started. Press Ctrl+C to shut down.
2026-06-12 16:40:48.561 +05:30 [INF] Hosting environment: Development
2026-06-12 16:40:48.563 +05:30 [INF] Content root path: C:\Users\Lekesh\Prince Yadav\Vedang Projects\Water Bill\VedangSoft.BPMS\Water.Bill\src\Water.Bill.API
2026-06-12 16:47:16.168 +05:30 [INF] Now listening on: https://localhost:7183
2026-06-12 16:47:16.601 +05:30 [INF] Now listening on: http://localhost:5264
2026-06-12 16:47:17.384 +05:30 [INF] Application started. Press Ctrl+C to shut down.
2026-06-12 16:47:17.853 +05:30 [INF] Hosting environment: Development
2026-06-12 16:47:17.854 +05:30 [INF] Content root path: C:\Users\Lekesh\Prince Yadav\Vedang Projects\Water Bill\VedangSoft.BPMS\Water.Bill\src\Water.Bill.API
2026-06-12 16:56:25.735 +05:30 [WRN] The 'bool' property 'IsActive' on entity type 'CommunicationPurpose' is configured with a database-generated default, but has no configured sentinel value. The database-generated default will always be used for inserts when the property has the value 'False', since this is the CLR default for the 'bool' type. Consider using a nullable type, using a nullable backing field, or setting the sentinel value for the property to ensure the database default is used when, and only when, appropriate. See https://aka.ms/efcore-docs-default-values for more information.
2026-06-12 16:56:25.749 +05:30 [WRN] The 'bool' property 'IsSystem' on entity type 'CommunicationPurpose' is configured with a database-generated default, but has no configured sentinel value. The database-generated default will always be used for inserts when the property has the value 'False', since this is the CLR default for the 'bool' type. Consider using a nullable type, using a nullable backing field, or setting the sentinel value for the property to ensure the database default is used when, and only when, appropriate. See https://aka.ms/efcore-docs-default-values for more information.
2026-06-12 16:56:25.757 +05:30 [WRN] The 'bool' property 'IsActive' on entity type 'CommunicationTemplate' is configured with a database-generated default, but has no configured sentinel value. The database-generated default will always be used for inserts when the property has the value 'False', since this is the CLR default for the 'bool' type. Consider using a nullable type, using a nullable backing field, or setting the sentinel value for the property to ensure the database default is used when, and only when, appropriate. See https://aka.ms/efcore-docs-default-values for more information.
2026-06-12 16:56:25.766 +05:30 [WRN] The 'bool' property 'IsDefault' on entity type 'CommunicationTemplate' is configured with a database-generated default, but has no configured sentinel value. The database-generated default will always be used for inserts when the property has the value 'False', since this is the CLR default for the 'bool' type. Consider using a nullable type, using a nullable backing field, or setting the sentinel value for the property to ensure the database default is used when, and only when, appropriate. See https://aka.ms/efcore-docs-default-values for more information.
2026-06-12 16:56:25.773 +05:30 [WRN] The 'bool' property 'IsDeleted' on entity type 'CommunicationTemplate' is configured with a database-generated default, but has no configured sentinel value. The database-generated default will always be used for inserts when the property has the value 'False', since this is the CLR default for the 'bool' type. Consider using a nullable type, using a nullable backing field, or setting the sentinel value for the property to ensure the database default is used when, and only when, appropriate. See https://aka.ms/efcore-docs-default-values for more information.
2026-06-12 16:56:25.780 +05:30 [WRN] The 'bool' property 'IsActive' on entity type 'ConsumerOtpVerification' is configured with a database-generated default, but has no configured sentinel value. The database-generated default will always be used for inserts when the property has the value 'False', since this is the CLR default for the 'bool' type. Consider using a nullable type, using a nullable backing field, or setting the sentinel value for the property to ensure the database default is used when, and only when, appropriate. See https://aka.ms/efcore-docs-default-values for more information.
2026-06-12 16:56:25.793 +05:30 [WRN] The 'bool' property 'IsDeleted' on entity type 'ConsumerOtpVerification' is configured with a database-generated default, but has no configured sentinel value. The database-generated default will always be used for inserts when the property has the value 'False', since this is the CLR default for the 'bool' type. Consider using a nullable type, using a nullable backing field, or setting the sentinel value for the property to ensure the database default is used when, and only when, appropriate. See https://aka.ms/efcore-docs-default-values for more information.
2026-06-12 16:56:25.809 +05:30 [WRN] The 'bool' property 'IsDeleted' on entity type 'InAppNotification' is configured with a database-generated default, but has no configured sentinel value. The database-generated default will always be used for inserts when the property has the value 'False', since this is the CLR default for the 'bool' type. Consider using a nullable type, using a nullable backing field, or setting the sentinel value for the property to ensure the database default is used when, and only when, appropriate. See https://aka.ms/efcore-docs-default-values for more information.
2026-06-12 16:56:25.819 +05:30 [WRN] The 'bool' property 'IsRead' on entity type 'InAppNotification' is configured with a database-generated default, but has no configured sentinel value. The database-generated default will always be used for inserts when the property has the value 'False', since this is the CLR default for the 'bool' type. Consider using a nullable type, using a nullable backing field, or setting the sentinel value for the property to ensure the database default is used when, and only when, appropriate. See https://aka.ms/efcore-docs-default-values for more information.
2026-06-12 16:56:25.836 +05:30 [WRN] The 'bool' property 'ShowInSidebar' on entity type 'Menuitem' is configured with a database-generated default, but has no configured sentinel value. The database-generated default will always be used for inserts when the property has the value 'False', since this is the CLR default for the 'bool' type. Consider using a nullable type, using a nullable backing field, or setting the sentinel value for the property to ensure the database default is used when, and only when, appropriate. See https://aka.ms/efcore-docs-default-values for more information.
2026-06-12 16:56:25.870 +05:30 [WRN] The 'bool' property 'IsActive' on entity type 'PermissionModule' is configured with a database-generated default, but has no configured sentinel value. The database-generated default will always be used for inserts when the property has the value 'False', since this is the CLR default for the 'bool' type. Consider using a nullable type, using a nullable backing field, or setting the sentinel value for the property to ensure the database default is used when, and only when, appropriate. See https://aka.ms/efcore-docs-default-values for more information.
2026-06-12 16:56:25.890 +05:30 [WRN] The 'bool' property 'IsDeleted' on entity type 'PermissionModule' is configured with a database-generated default, but has no configured sentinel value. The database-generated default will always be used for inserts when the property has the value 'False', since this is the CLR default for the 'bool' type. Consider using a nullable type, using a nullable backing field, or setting the sentinel value for the property to ensure the database default is used when, and only when, appropriate. See https://aka.ms/efcore-docs-default-values for more information.
2026-06-12 17:24:23.114 +05:30 [INF] Now listening on: https://localhost:7183
2026-06-12 17:24:23.505 +05:30 [INF] Now listening on: http://localhost:5264
2026-06-12 17:24:24.465 +05:30 [INF] Application started. Press Ctrl+C to shut down.
2026-06-12 17:24:24.525 +05:30 [INF] Hosting environment: Development
2026-06-12 17:24:24.526 +05:30 [INF] Content root path: C:\Users\Lekesh\Prince Yadav\Vedang Projects\Water Bill\VedangSoft.BPMS\Water.Bill\src\Water.Bill.API
2026-06-12 17:24:35.090 +05:30 [WRN] The 'bool' property 'IsActive' on entity type 'CommunicationPurpose' is configured with a database-generated default, but has no configured sentinel value. The database-generated default will always be used for inserts when the property has the value 'False', since this is the CLR default for the 'bool' type. Consider using a nullable type, using a nullable backing field, or setting the sentinel value for the property to ensure the database default is used when, and only when, appropriate. See https://aka.ms/efcore-docs-default-values for more information.
2026-06-12 17:24:35.104 +05:30 [WRN] The 'bool' property 'IsSystem' on entity type 'CommunicationPurpose' is configured with a database-generated default, but has no configured sentinel value. The database-generated default will always be used for inserts when the property has the value 'False', since this is the CLR default for the 'bool' type. Consider using a nullable type, using a nullable backing field, or setting the sentinel value for the property to ensure the database default is used when, and only when, appropriate. See https://aka.ms/efcore-docs-default-values for more information.
2026-06-12 17:24:35.109 +05:30 [WRN] The 'bool' property 'IsActive' on entity type 'CommunicationTemplate' is configured with a database-generated default, but has no configured sentinel value. The database-generated default will always be used for inserts when the property has the value 'False', since this is the CLR default for the 'bool' type. Consider using a nullable type, using a nullable backing field, or setting the sentinel value for the property to ensure the database default is used when, and only when, appropriate. See https://aka.ms/efcore-docs-default-values for more information.
2026-06-12 17:24:35.115 +05:30 [WRN] The 'bool' property 'IsDefault' on entity type 'CommunicationTemplate' is configured with a database-generated default, but has no configured sentinel value. The database-generated default will always be used for inserts when the property has the value 'False', since this is the CLR default for the 'bool' type. Consider using a nullable type, using a nullable backing field, or setting the sentinel value for the property to ensure the database default is used when, and only when, appropriate. See https://aka.ms/efcore-docs-default-values for more information.
2026-06-12 17:24:35.123 +05:30 [WRN] The 'bool' property 'IsDeleted' on entity type 'CommunicationTemplate' is configured with a database-generated default, but has no configured sentinel value. The database-generated default will always be used for inserts when the property has the value 'False', since this is the CLR default for the 'bool' type. Consider using a nullable type, using a nullable backing field, or setting the sentinel value for the property to ensure the database default is used when, and only when, appropriate. See https://aka.ms/efcore-docs-default-values for more information.
2026-06-12 17:24:35.133 +05:30 [WRN] The 'bool' property 'IsActive' on entity type 'ConsumerOtpVerification' is configured with a database-generated default, but has no configured sentinel value. The database-generated default will always be used for inserts when the property has the value 'False', since this is the CLR default for the 'bool' type. Consider using a nullable type, using a nullable backing field, or setting the sentinel value for the property to ensure the database default is used when, and only when, appropriate. See https://aka.ms/efcore-docs-default-values for more information.
2026-06-12 17:24:35.147 +05:30 [WRN] The 'bool' property 'IsDeleted' on entity type 'ConsumerOtpVerification' is configured with a database-generated default, but has no configured sentinel value. The database-generated default will always be used for inserts when the property has the value 'False', since this is the CLR default for the 'bool' type. Consider using a nullable type, using a nullable backing field, or setting the sentinel value for the property to ensure the database default is used when, and only when, appropriate. See https://aka.ms/efcore-docs-default-values for more information.
2026-06-12 17:24:35.162 +05:30 [WRN] The 'bool' property 'IsDeleted' on entity type 'InAppNotification' is configured with a database-generated default, but has no configured sentinel value. The database-generated default will always be used for inserts when the property has the value 'False', since this is the CLR default for the 'bool' type. Consider using a nullable type, using a nullable backing field, or setting the sentinel value for the property to ensure the database default is used when, and only when, appropriate. See https://aka.ms/efcore-docs-default-values for more information.
2026-06-12 17:24:35.171 +05:30 [WRN] The 'bool' property 'IsRead' on entity type 'InAppNotification' is configured with a database-generated default, but has no configured sentinel value. The database-generated default will always be used for inserts when the property has the value 'False', since this is the CLR default for the 'bool' type. Consider using a nullable type, using a nullable backing field, or setting the sentinel value for the property to ensure the database default is used when, and only when, appropriate. See https://aka.ms/efcore-docs-default-values for more information.
2026-06-12 17:24:35.182 +05:30 [WRN] The 'bool' property 'ShowInSidebar' on entity type 'Menuitem' is configured with a database-generated default, but has no configured sentinel value. The database-generated default will always be used for inserts when the property has the value 'False', since this is the CLR default for the 'bool' type. Consider using a nullable type, using a nullable backing field, or setting the sentinel value for the property to ensure the database default is used when, and only when, appropriate. See https://aka.ms/efcore-docs-default-values for more information.
2026-06-12 17:24:35.194 +05:30 [WRN] The 'bool' property 'IsActive' on entity type 'PermissionModule' is configured with a database-generated default, but has no configured sentinel value. The database-generated default will always be used for inserts when the property has the value 'False', since this is the CLR default for the 'bool' type. Consider using a nullable type, using a nullable backing field, or setting the sentinel value for the property to ensure the database default is used when, and only when, appropriate. See https://aka.ms/efcore-docs-default-values for more information.
2026-06-12 17:24:35.205 +05:30 [WRN] The 'bool' property 'IsDeleted' on entity type 'PermissionModule' is configured with a database-generated default, but has no configured sentinel value. The database-generated default will always be used for inserts when the property has the value 'False', since this is the CLR default for the 'bool' type. Consider using a nullable type, using a nullable backing field, or setting the sentinel value for the property to ensure the database default is used when, and only when, appropriate. See https://aka.ms/efcore-docs-default-values for more information.
2026-06-12 18:16:14.747 +05:30 [ERR] Failed executing DbCommand (30,045ms) [Parameters=[@__model_Search_0_contains='?' (Size = 15), @__model_Search_0_contains_1='?' (Size = 150), @__model_Search_0_contains_2='?' (Size = 12), @__p_1='?' (DbType = Int32), @__p_2='?' (DbType = Int32)], CommandType='"Text"', CommandTimeout='30']
SELECT [c].[ID], [c].[A], [c].[acount_no], [c].[ADDRESS], [c].[ARREAR], [c].[ARREAR_FROM], [c].[ARREAR_TO], [c].[bank_id], [c].[BIL_FR_OLD], [c].[BIL_TO_OLD], [c].[BILL_AMT], [c].[BILL_ID], [c].[BL_PAD_OLD], [c].[BL_PER_FR], [c].[BL_PER_TO], [c].[BLK], [c].[BNK_CD], [c].[BR_NM], [c].[CHALLAN_STATUS], [c].[CHALLAN_VIA], [c].[conn_charge], [c].[CONS_NO], [c].[CREDIT], [c].[CSS], [c].[deposeter_name], [c].[DEV_TYPE], [c].[DIS_CD], [c].[disconnection], [c].[DUE_DT], [c].[DUP], [c].[EARL_DT], [c].[ENTRY_DATE], [c].[ERR], [c].[FLAT_NO], [c].[gst], [c].[KEY], [c].[MAN_LED], [c].[MATCH], [c].[MST], [c].[NOC], [c].[PAID_AMT], [c].[panality_charges], [c].[PAY_DATE], [c].[R/T], [c].[REB], [c].[receipt_id], [c].[RECEIPT_ID1], [c].[reconnection], [c].[RECP_NO], [c].[REV_BIL_FR], [c].[REV_CON_DT], [c].[Rid], [c].[RMC], [c].[SEC], [c].[SECU], [c].[STATUS], [c].[SURCHARGE], [c].[T_FEE], [c].[UPD], [c].[USERID], [c0].[CONS_NO], [c0].[BLK_NO], [c0].[CAL_DATE], [c0].[CESS_AMT], [c0].[CON_TP], [c0].[CONN_DT], [c0].[CONS_ADDRESS], [c0].[CONS_CTG], [c0].[CONS_NM1], [c0].[CONS_NM2], [c0].[DELETE_DATE], [c0].[DEV_TYPE], [c0].[EMAIL_ID], [c0].[ENTRY_DATE], [c0].[ESTI1_AMT], [c0].[ESTI_AMT], [c0].[ESTI_DT], [c0].[ESTI_NO], [c0].[FLAT_NO], [c0].[FLAT_TYPE], [c0].[ISSUE_OFFICER], [c0].[KHASRA_NO], [c0].[KILO_LITTER], [c0].[LEDGER_DATE], [c0].[MAONTHY_CHARGES], [c0].[MOB_NO], [c0].[MODIFY_DATE], [c0].[MONTHLY_RATE], [c0].[Narration], [c0].[NEW_STATUS], [c0].[NODUES_DT], [c0].[OLD_NEW_EN], [c0].[OLD_NEW_UP], [c0].[OTHER_CON], [c0].[PIPE_SIZE], [c0].[PlotMapID], [c0].[PLOT_SIZE], [c0].[PURPOSE_CON], [c0].[REG_NO], [c0].[Rid], [c0].[SECTOR], [c0].[SECU], [c0].[status], [c0].[TYPE_CHANGE_DATE], [c0].[USERID], [c0].[VILLGAE_ID], [c0].[VILLGAE_NAME]
FROM [challan] AS [c]
LEFT JOIN [consumer_details_master] AS [c0] ON [c].[CONS_NO] = [c0].[CONS_NO]
WHERE [c].[STATUS] IS NOT NULL AND (([c].[RECP_NO] IS NOT NULL AND [c].[RECP_NO] LIKE @__model_Search_0_contains ESCAPE N'\') OR ([c].[CONS_NO] IS NOT NULL AND [c].[CONS_NO] LIKE @__model_Search_0_contains ESCAPE N'\') OR ([c0].[CONS_NO] IS NOT NULL AND [c0].[CONS_NM1] IS NOT NULL AND [c0].[CONS_NM1] LIKE @__model_Search_0_contains_1 ESCAPE N'\') OR ([c0].[CONS_NO] IS NOT NULL AND [c0].[MOB_NO] IS NOT NULL AND [c0].[MOB_NO] LIKE @__model_Search_0_contains_2 ESCAPE N'\'))
ORDER BY [c].[ID] DESC
OFFSET @__p_1 ROWS FETCH NEXT @__p_2 ROWS ONLY
2026-06-12 18:16:14.821 +05:30 [ERR] An exception occurred while iterating over the results of a query for context type 'Water.Bill.Infrastructure.Data.ApplicationDbContext'.
Microsoft.Data.SqlClient.SqlException (0x80131904): Execution Timeout Expired.  The timeout period elapsed prior to completion of the operation or the server is not responding.
 ---> System.ComponentModel.Win32Exception (258): The wait operation timed out.
   at System.Threading.Tasks.ContinuationResultTaskFromResultTask`2.InnerInvoke()
   at System.Threading.ExecutionContext.RunInternal(ExecutionContext executionContext, ContextCallback callback, Object state)
--- End of stack trace from previous location ---
   at System.Threading.ExecutionContext.RunInternal(ExecutionContext executionContext, ContextCallback callback, Object state)
   at System.Threading.Tasks.Task.ExecuteWithThreadLocal(Task& currentTaskSlot, Thread threadPoolThread)
--- End of stack trace from previous location ---
   at Microsoft.EntityFrameworkCore.Storage.RelationalCommand.ExecuteReaderAsync(RelationalCommandParameterObject parameterObject, CancellationToken cancellationToken)
   at Microsoft.EntityFrameworkCore.Storage.RelationalCommand.ExecuteReaderAsync(RelationalCommandParameterObject parameterObject, CancellationToken cancellationToken)
   at Microsoft.EntityFrameworkCore.Query.Internal.SingleQueryingEnumerable`1.AsyncEnumerator.InitializeReaderAsync(AsyncEnumerator enumerator, CancellationToken cancellationToken)
   at Microsoft.EntityFrameworkCore.Storage.ExecutionStrategy.<>c__DisplayClass30_0`2.<<ExecuteAsync>b__0>d.MoveNext()
--- End of stack trace from previous location ---
   at Microsoft.EntityFrameworkCore.Storage.ExecutionStrategy.ExecuteImplementationAsync[TState,TResult](Func`4 operation, Func`4 verifySucceeded, TState state, CancellationToken cancellationToken)
   at Microsoft.EntityFrameworkCore.Storage.ExecutionStrategy.ExecuteImplementationAsync[TState,TResult](Func`4 operation, Func`4 verifySucceeded, TState state, CancellationToken cancellationToken)
   at Microsoft.EntityFrameworkCore.Storage.ExecutionStrategy.ExecuteAsync[TState,TResult](TState state, Func`4 operation, Func`4 verifySucceeded, CancellationToken cancellationToken)
   at Microsoft.EntityFrameworkCore.Query.Internal.SingleQueryingEnumerable`1.AsyncEnumerator.MoveNextAsync()
ClientConnectionId:25d938c1-7535-41c9-8c90-b2712ac776b0
Error Number:-2,State:0,Class:11
Microsoft.Data.SqlClient.SqlException (0x80131904): Execution Timeout Expired.  The timeout period elapsed prior to completion of the operation or the server is not responding.
 ---> System.ComponentModel.Win32Exception (258): The wait operation timed out.
   at System.Threading.Tasks.ContinuationResultTaskFromResultTask`2.InnerInvoke()
   at System.Threading.ExecutionContext.RunInternal(ExecutionContext executionContext, ContextCallback callback, Object state)
--- End of stack trace from previous location ---
   at System.Threading.ExecutionContext.RunInternal(ExecutionContext executionContext, ContextCallback callback, Object state)
   at System.Threading.Tasks.Task.ExecuteWithThreadLocal(Task& currentTaskSlot, Thread threadPoolThread)
--- End of stack trace from previous location ---
   at Microsoft.EntityFrameworkCore.Storage.RelationalCommand.ExecuteReaderAsync(RelationalCommandParameterObject parameterObject, CancellationToken cancellationToken)
   at Microsoft.EntityFrameworkCore.Storage.RelationalCommand.ExecuteReaderAsync(RelationalCommandParameterObject parameterObject, CancellationToken cancellationToken)
   at Microsoft.EntityFrameworkCore.Query.Internal.SingleQueryingEnumerable`1.AsyncEnumerator.InitializeReaderAsync(AsyncEnumerator enumerator, CancellationToken cancellationToken)
   at Microsoft.EntityFrameworkCore.Storage.ExecutionStrategy.<>c__DisplayClass30_0`2.<<ExecuteAsync>b__0>d.MoveNext()
--- End of stack trace from previous location ---
   at Microsoft.EntityFrameworkCore.Storage.ExecutionStrategy.ExecuteImplementationAsync[TState,TResult](Func`4 operation, Func`4 verifySucceeded, TState state, CancellationToken cancellationToken)
   at Microsoft.EntityFrameworkCore.Storage.ExecutionStrategy.ExecuteImplementationAsync[TState,TResult](Func`4 operation, Func`4 verifySucceeded, TState state, CancellationToken cancellationToken)
   at Microsoft.EntityFrameworkCore.Storage.ExecutionStrategy.ExecuteAsync[TState,TResult](TState state, Func`4 operation, Func`4 verifySucceeded, CancellationToken cancellationToken)
   at Microsoft.EntityFrameworkCore.Query.Internal.SingleQueryingEnumerable`1.AsyncEnumerator.MoveNextAsync()
ClientConnectionId:25d938c1-7535-41c9-8c90-b2712ac776b0
Error Number:-2,State:0,Class:11
2026-06-12 18:16:15.449 +05:30 [ERR] An unhandled exception has occurred while executing the request.
Microsoft.Data.SqlClient.SqlException (0x80131904): Execution Timeout Expired.  The timeout period elapsed prior to completion of the operation or the server is not responding.
 ---> System.ComponentModel.Win32Exception (258): The wait operation timed out.
   at System.Threading.Tasks.ContinuationResultTaskFromResultTask`2.InnerInvoke()
   at System.Threading.ExecutionContext.RunInternal(ExecutionContext executionContext, ContextCallback callback, Object state)
--- End of stack trace from previous location ---
   at System.Threading.ExecutionContext.RunInternal(ExecutionContext executionContext, ContextCallback callback, Object state)
   at System.Threading.Tasks.Task.ExecuteWithThreadLocal(Task& currentTaskSlot, Thread threadPoolThread)
--- End of stack trace from previous location ---
   at Microsoft.EntityFrameworkCore.Storage.RelationalCommand.ExecuteReaderAsync(RelationalCommandParameterObject parameterObject, CancellationToken cancellationToken)
   at Microsoft.EntityFrameworkCore.Storage.RelationalCommand.ExecuteReaderAsync(RelationalCommandParameterObject parameterObject, CancellationToken cancellationToken)
   at Microsoft.EntityFrameworkCore.Query.Internal.SingleQueryingEnumerable`1.AsyncEnumerator.InitializeReaderAsync(AsyncEnumerator enumerator, CancellationToken cancellationToken)
   at Microsoft.EntityFrameworkCore.Storage.ExecutionStrategy.<>c__DisplayClass30_0`2.<<ExecuteAsync>b__0>d.MoveNext()
--- End of stack trace from previous location ---
   at Microsoft.EntityFrameworkCore.Storage.ExecutionStrategy.ExecuteImplementationAsync[TState,TResult](Func`4 operation, Func`4 verifySucceeded, TState state, CancellationToken cancellationToken)
   at Microsoft.EntityFrameworkCore.Storage.ExecutionStrategy.ExecuteImplementationAsync[TState,TResult](Func`4 operation, Func`4 verifySucceeded, TState state, CancellationToken cancellationToken)
   at Microsoft.EntityFrameworkCore.Storage.ExecutionStrategy.ExecuteAsync[TState,TResult](TState state, Func`4 operation, Func`4 verifySucceeded, CancellationToken cancellationToken)
   at Microsoft.EntityFrameworkCore.Query.Internal.SingleQueryingEnumerable`1.AsyncEnumerator.MoveNextAsync()
   at Microsoft.EntityFrameworkCore.EntityFrameworkQueryableExtensions.ToListAsync[TSource](IQueryable`1 source, CancellationToken cancellationToken)
   at Microsoft.EntityFrameworkCore.EntityFrameworkQueryableExtensions.ToListAsync[TSource](IQueryable`1 source, CancellationToken cancellationToken)
   at Water.Bill.API.Controllers.Mvc.ChallanManagementController.SearchChallansPagedAsync(ChallanManagementIndexViewModel model, Int32 page, Int32 pageSize, CancellationToken ct) in C:\Users\Lekesh\Prince Yadav\Vedang Projects\Water Bill\VedangSoft.BPMS\Water.Bill\src\Water.Bill.API\Controllers\Mvc\ChallanManagementController.cs:line 588
   at Water.Bill.API.Controllers.Mvc.ChallanManagementController.Index(String search, String consumerNo, String consumerName, String mobileNo, String sector, String block, String plotNo, String status, Nullable`1 fromDate, Nullable`1 toDate, Int32 page, Int32 pageSize, CancellationToken ct) in C:\Users\Lekesh\Prince Yadav\Vedang Projects\Water Bill\VedangSoft.BPMS\Water.Bill\src\Water.Bill.API\Controllers\Mvc\ChallanManagementController.cs:line 66
   at Microsoft.AspNetCore.Mvc.Infrastructure.ActionMethodExecutor.TaskOfIActionResultExecutor.Execute(ActionContext actionContext, IActionResultTypeMapper mapper, ObjectMethodExecutor executor, Object controller, Object[] arguments)
   at Microsoft.AspNetCore.Mvc.Infrastructure.ControllerActionInvoker.<InvokeActionMethodAsync>g__Awaited|12_0(ControllerActionInvoker invoker, ValueTask`1 actionResultValueTask)
   at Microsoft.AspNetCore.Mvc.Infrastructure.ControllerActionInvoker.<InvokeNextActionFilterAsync>g__Awaited|10_0(ControllerActionInvoker invoker, Task lastTask, State next, Scope scope, Object state, Boolean isCompleted)
   at Microsoft.AspNetCore.Mvc.Infrastructure.ControllerActionInvoker.Rethrow(ActionExecutedContextSealed context)
   at Microsoft.AspNetCore.Mvc.Infrastructure.ControllerActionInvoker.Next(State& next, Scope& scope, Object& state, Boolean& isCompleted)
   at Microsoft.AspNetCore.Mvc.Infrastructure.ControllerActionInvoker.<InvokeInnerFilterAsync>g__Awaited|13_0(ControllerActionInvoker invoker, Task lastTask, State next, Scope scope, Object state, Boolean isCompleted)
   at Microsoft.AspNetCore.Mvc.Infrastructure.ResourceInvoker.<InvokeNextResourceFilter>g__Awaited|25_0(ResourceInvoker invoker, Task lastTask, State next, Scope scope, Object state, Boolean isCompleted)
   at Microsoft.AspNetCore.Mvc.Infrastructure.ResourceInvoker.Rethrow(ResourceExecutedContextSealed context)
   at Microsoft.AspNetCore.Mvc.Infrastructure.ResourceInvoker.Next(State& next, Scope& scope, Object& state, Boolean& isCompleted)
   at Microsoft.AspNetCore.Mvc.Infrastructure.ResourceInvoker.<InvokeFilterPipelineAsync>g__Awaited|20_0(ResourceInvoker invoker, Task lastTask, State next, Scope scope, Object state, Boolean isCompleted)
   at Microsoft.AspNetCore.Mvc.Infrastructure.ResourceInvoker.<InvokeAsync>g__Awaited|17_0(ResourceInvoker invoker, Task task, IDisposable scope)
   at Microsoft.AspNetCore.Mvc.Infrastructure.ResourceInvoker.<InvokeAsync>g__Awaited|17_0(ResourceInvoker invoker, Task task, IDisposable scope)
   at Microsoft.AspNetCore.Authorization.AuthorizationMiddleware.Invoke(HttpContext context)
   at Program.<>c.<<<Main>$>b__0_2>d.MoveNext() in C:\Users\Lekesh\Prince Yadav\Vedang Projects\Water Bill\VedangSoft.BPMS\Water.Bill\src\Water.Bill.API\Program.cs:line 73
--- End of stack trace from previous location ---
   at Microsoft.AspNetCore.Authentication.AuthenticationMiddleware.Invoke(HttpContext context)
   at Swashbuckle.AspNetCore.SwaggerUI.SwaggerUIMiddleware.Invoke(HttpContext httpContext)
   at Swashbuckle.AspNetCore.Swagger.SwaggerMiddleware.Invoke(HttpContext httpContext, ISwaggerProvider swaggerProvider)
   at Microsoft.AspNetCore.Diagnostics.DeveloperExceptionPageMiddlewareImpl.Invoke(HttpContext context)
ClientConnectionId:25d938c1-7535-41c9-8c90-b2712ac776b0
Error Number:-2,State:0,Class:11
2026-06-12 18:20:32.464 +05:30 [FTL] Water.Bill API terminated unexpectedly.
Microsoft.Extensions.Hosting.HostAbortedException: The host was aborted.
   at Microsoft.Extensions.Hosting.HostFactoryResolver.HostingListener.ThrowHostAborted()
   at Microsoft.Extensions.Hosting.HostFactoryResolver.HostingListener.OnNext(KeyValuePair`2 value)
   at System.Diagnostics.DiagnosticListener.Write(String name, Object value)
   at Microsoft.Extensions.Hosting.HostBuilder.ResolveHost(IServiceProvider serviceProvider, DiagnosticListener diagnosticListener)
   at Microsoft.Extensions.Hosting.HostApplicationBuilder.Build()
   at Microsoft.AspNetCore.Builder.WebApplicationBuilder.Build()
   at Program.<Main>$(String[] args) in C:\Users\Lekesh\Prince Yadav\Vedang Projects\Water Bill\VedangSoft.BPMS\Water.Bill\src\Water.Bill.API\Program.cs:line 40
2026-06-12 18:21:58.048 +05:30 [FTL] Water.Bill API terminated unexpectedly.
Microsoft.Extensions.Hosting.HostAbortedException: The host was aborted.
   at Microsoft.Extensions.Hosting.HostFactoryResolver.HostingListener.ThrowHostAborted()
   at Microsoft.Extensions.Hosting.HostFactoryResolver.HostingListener.OnNext(KeyValuePair`2 value)
   at System.Diagnostics.DiagnosticListener.Write(String name, Object value)
   at Microsoft.Extensions.Hosting.HostBuilder.ResolveHost(IServiceProvider serviceProvider, DiagnosticListener diagnosticListener)
   at Microsoft.Extensions.Hosting.HostApplicationBuilder.Build()
   at Microsoft.AspNetCore.Builder.WebApplicationBuilder.Build()
   at Program.<Main>$(String[] args) in C:\Users\Lekesh\Prince Yadav\Vedang Projects\Water Bill\VedangSoft.BPMS\Water.Bill\src\Water.Bill.API\Program.cs:line 40
2026-06-12 18:22:02.424 +05:30 [FTL] Water.Bill API terminated unexpectedly.
Microsoft.Extensions.Hosting.HostAbortedException: The host was aborted.
   at Microsoft.Extensions.Hosting.HostFactoryResolver.HostingListener.ThrowHostAborted()
   at Microsoft.Extensions.Hosting.HostFactoryResolver.HostingListener.OnNext(KeyValuePair`2 value)
   at System.Diagnostics.DiagnosticListener.Write(String name, Object value)
   at Microsoft.Extensions.Hosting.HostBuilder.ResolveHost(IServiceProvider serviceProvider, DiagnosticListener diagnosticListener)
   at Microsoft.Extensions.Hosting.HostApplicationBuilder.Build()
   at Microsoft.AspNetCore.Builder.WebApplicationBuilder.Build()
   at Program.<Main>$(String[] args) in C:\Users\Lekesh\Prince Yadav\Vedang Projects\Water Bill\VedangSoft.BPMS\Water.Bill\src\Water.Bill.API\Program.cs:line 40
2026-06-12 18:41:53.497 +05:30 [INF] Now listening on: https://localhost:7183
2026-06-12 18:41:53.781 +05:30 [INF] Now listening on: http://localhost:5264
2026-06-12 18:41:54.628 +05:30 [INF] Application started. Press Ctrl+C to shut down.
2026-06-12 18:41:56.497 +05:30 [INF] Hosting environment: Development
2026-06-12 18:41:56.554 +05:30 [INF] Content root path: C:\Users\Lekesh\Prince Yadav\Vedang Projects\Water Bill\VedangSoft.BPMS\Water.Bill\src\Water.Bill.API
2026-06-12 18:42:04.507 +05:30 [WRN] The 'bool' property 'IsActive' on entity type 'CommunicationPurpose' is configured with a database-generated default, but has no configured sentinel value. The database-generated default will always be used for inserts when the property has the value 'False', since this is the CLR default for the 'bool' type. Consider using a nullable type, using a nullable backing field, or setting the sentinel value for the property to ensure the database default is used when, and only when, appropriate. See https://aka.ms/efcore-docs-default-values for more information.
2026-06-12 18:42:04.520 +05:30 [WRN] The 'bool' property 'IsSystem' on entity type 'CommunicationPurpose' is configured with a database-generated default, but has no configured sentinel value. The database-generated default will always be used for inserts when the property has the value 'False', since this is the CLR default for the 'bool' type. Consider using a nullable type, using a nullable backing field, or setting the sentinel value for the property to ensure the database default is used when, and only when, appropriate. See https://aka.ms/efcore-docs-default-values for more information.
2026-06-12 18:42:04.528 +05:30 [WRN] The 'bool' property 'IsActive' on entity type 'CommunicationTemplate' is configured with a database-generated default, but has no configured sentinel value. The database-generated default will always be used for inserts when the property has the value 'False', since this is the CLR default for the 'bool' type. Consider using a nullable type, using a nullable backing field, or setting the sentinel value for the property to ensure the database default is used when, and only when, appropriate. See https://aka.ms/efcore-docs-default-values for more information.
2026-06-12 18:42:04.532 +05:30 [WRN] The 'bool' property 'IsDefault' on entity type 'CommunicationTemplate' is configured with a database-generated default, but has no configured sentinel value. The database-generated default will always be used for inserts when the property has the value 'False', since this is the CLR default for the 'bool' type. Consider using a nullable type, using a nullable backing field, or setting the sentinel value for the property to ensure the database default is used when, and only when, appropriate. See https://aka.ms/efcore-docs-default-values for more information.
2026-06-12 18:42:04.536 +05:30 [WRN] The 'bool' property 'IsDeleted' on entity type 'CommunicationTemplate' is configured with a database-generated default, but has no configured sentinel value. The database-generated default will always be used for inserts when the property has the value 'False', since this is the CLR default for the 'bool' type. Consider using a nullable type, using a nullable backing field, or setting the sentinel value for the property to ensure the database default is used when, and only when, appropriate. See https://aka.ms/efcore-docs-default-values for more information.
2026-06-12 18:42:04.543 +05:30 [WRN] The 'bool' property 'IsActive' on entity type 'ConsumerOtpVerification' is configured with a database-generated default, but has no configured sentinel value. The database-generated default will always be used for inserts when the property has the value 'False', since this is the CLR default for the 'bool' type. Consider using a nullable type, using a nullable backing field, or setting the sentinel value for the property to ensure the database default is used when, and only when, appropriate. See https://aka.ms/efcore-docs-default-values for more information.
2026-06-12 18:42:04.547 +05:30 [WRN] The 'bool' property 'IsDeleted' on entity type 'ConsumerOtpVerification' is configured with a database-generated default, but has no configured sentinel value. The database-generated default will always be used for inserts when the property has the value 'False', since this is the CLR default for the 'bool' type. Consider using a nullable type, using a nullable backing field, or setting the sentinel value for the property to ensure the database default is used when, and only when, appropriate. See https://aka.ms/efcore-docs-default-values for more information.
2026-06-12 18:42:04.552 +05:30 [WRN] The 'bool' property 'IsDeleted' on entity type 'InAppNotification' is configured with a database-generated default, but has no configured sentinel value. The database-generated default will always be used for inserts when the property has the value 'False', since this is the CLR default for the 'bool' type. Consider using a nullable type, using a nullable backing field, or setting the sentinel value for the property to ensure the database default is used when, and only when, appropriate. See https://aka.ms/efcore-docs-default-values for more information.
2026-06-12 18:42:04.556 +05:30 [WRN] The 'bool' property 'IsRead' on entity type 'InAppNotification' is configured with a database-generated default, but has no configured sentinel value. The database-generated default will always be used for inserts when the property has the value 'False', since this is the CLR default for the 'bool' type. Consider using a nullable type, using a nullable backing field, or setting the sentinel value for the property to ensure the database default is used when, and only when, appropriate. See https://aka.ms/efcore-docs-default-values for more information.
2026-06-12 18:42:04.562 +05:30 [WRN] The 'bool' property 'ShowInSidebar' on entity type 'Menuitem' is configured with a database-generated default, but has no configured sentinel value. The database-generated default will always be used for inserts when the property has the value 'False', since this is the CLR default for the 'bool' type. Consider using a nullable type, using a nullable backing field, or setting the sentinel value for the property to ensure the database default is used when, and only when, appropriate. See https://aka.ms/efcore-docs-default-values for more information.
2026-06-12 18:42:04.567 +05:30 [WRN] The 'bool' property 'IsActive' on entity type 'PermissionModule' is configured with a database-generated default, but has no configured sentinel value. The database-generated default will always be used for inserts when the property has the value 'False', since this is the CLR default for the 'bool' type. Consider using a nullable type, using a nullable backing field, or setting the sentinel value for the property to ensure the database default is used when, and only when, appropriate. See https://aka.ms/efcore-docs-default-values for more information.
2026-06-12 18:42:04.577 +05:30 [WRN] The 'bool' property 'IsDeleted' on entity type 'PermissionModule' is configured with a database-generated default, but has no configured sentinel value. The database-generated default will always be used for inserts when the property has the value 'False', since this is the CLR default for the 'bool' type. Consider using a nullable type, using a nullable backing field, or setting the sentinel value for the property to ensure the database default is used when, and only when, appropriate. See https://aka.ms/efcore-docs-default-values for more information.
2026-06-12 18:52:39.362 +05:30 [WRN] The query uses a row limiting operator ('Skip'/'Take') without an 'OrderBy' operator. This may lead to unpredictable results. If the 'Distinct' operator is used after 'OrderBy', then make sure to use the 'OrderBy' operator after 'Distinct' as the ordering would otherwise get erased.
2026-06-12 19:10:33.870 +05:30 [ERR] Failed executing DbCommand (57,288ms) [Parameters=[@__userId_0='?' (DbType = Int64)], CommandType='"Text"', CommandTimeout='30']
SELECT COUNT(*)
FROM [InAppNotifications] AS [i]
WHERE [i].[UserId] = @__userId_0 AND [i].[UserType] = N'Internal' AND [i].[IsRead] = CAST(0 AS bit) AND [i].[IsDeleted] = CAST(0 AS bit)
2026-06-12 19:11:03.614 +05:30 [ERR] An unhandled exception has occurred while executing the request.
Microsoft.Data.SqlClient.SqlException (0x80131904): Execution Timeout Expired.  The timeout period elapsed prior to completion of the operation or the server is not responding.
 ---> System.ComponentModel.Win32Exception (258): The wait operation timed out.
   at System.Threading.Tasks.ContinuationResultTaskFromResultTask`2.InnerInvoke()
   at System.Threading.ExecutionContext.RunInternal(ExecutionContext executionContext, ContextCallback callback, Object state)
--- End of stack trace from previous location ---
   at System.Threading.ExecutionContext.RunInternal(ExecutionContext executionContext, ContextCallback callback, Object state)
   at System.Threading.Tasks.Task.ExecuteWithThreadLocal(Task& currentTaskSlot, Thread threadPoolThread)
--- End of stack trace from previous location ---
   at Microsoft.EntityFrameworkCore.Storage.RelationalCommand.ExecuteReaderAsync(RelationalCommandParameterObject parameterObject, CancellationToken cancellationToken)
   at Microsoft.EntityFrameworkCore.Storage.RelationalCommand.ExecuteReaderAsync(RelationalCommandParameterObject parameterObject, CancellationToken cancellationToken)
   at Microsoft.EntityFrameworkCore.Query.Internal.SingleQueryingEnumerable`1.AsyncEnumerator.InitializeReaderAsync(AsyncEnumerator enumerator, CancellationToken cancellationToken)
   at Microsoft.EntityFrameworkCore.Storage.ExecutionStrategy.<>c__DisplayClass30_0`2.<<ExecuteAsync>b__0>d.MoveNext()
--- End of stack trace from previous location ---
   at Microsoft.EntityFrameworkCore.Storage.ExecutionStrategy.ExecuteImplementationAsync[TState,TResult](Func`4 operation, Func`4 verifySucceeded, TState state, CancellationToken cancellationToken)
   at Microsoft.EntityFrameworkCore.Storage.ExecutionStrategy.ExecuteImplementationAsync[TState,TResult](Func`4 operation, Func`4 verifySucceeded, TState state, CancellationToken cancellationToken)
   at Microsoft.EntityFrameworkCore.Storage.ExecutionStrategy.ExecuteAsync[TState,TResult](TState state, Func`4 operation, Func`4 verifySucceeded, CancellationToken cancellationToken)
   at Microsoft.EntityFrameworkCore.Query.Internal.SingleQueryingEnumerable`1.AsyncEnumerator.MoveNextAsync()
   at Microsoft.EntityFrameworkCore.Query.ShapedQueryCompilingExpressionVisitor.SingleAsync[TSource](IAsyncEnumerable`1 asyncEnumerable, CancellationToken cancellationToken)
   at Microsoft.EntityFrameworkCore.Query.ShapedQueryCompilingExpressionVisitor.SingleAsync[TSource](IAsyncEnumerable`1 asyncEnumerable, CancellationToken cancellationToken)
   at Water.Bill.API.Controllers.Mvc.NotificationManagementController.GetUnreadCount(CancellationToken ct) in C:\Users\Lekesh\Prince Yadav\Vedang Projects\Water Bill\VedangSoft.BPMS\Water.Bill\src\Water.Bill.API\Controllers\Mvc\NotificationManagementController.cs:line 259
   at Microsoft.AspNetCore.Mvc.Infrastructure.ActionMethodExecutor.TaskOfIActionResultExecutor.Execute(ActionContext actionContext, IActionResultTypeMapper mapper, ObjectMethodExecutor executor, Object controller, Object[] arguments)
   at Microsoft.AspNetCore.Mvc.Infrastructure.ControllerActionInvoker.<InvokeActionMethodAsync>g__Awaited|12_0(ControllerActionInvoker invoker, ValueTask`1 actionResultValueTask)
   at Microsoft.AspNetCore.Mvc.Infrastructure.ControllerActionInvoker.<InvokeNextActionFilterAsync>g__Awaited|10_0(ControllerActionInvoker invoker, Task lastTask, State next, Scope scope, Object state, Boolean isCompleted)
   at Microsoft.AspNetCore.Mvc.Infrastructure.ControllerActionInvoker.Rethrow(ActionExecutedContextSealed context)
   at Microsoft.AspNetCore.Mvc.Infrastructure.ControllerActionInvoker.Next(State& next, Scope& scope, Object& state, Boolean& isCompleted)
   at Microsoft.AspNetCore.Mvc.Infrastructure.ControllerActionInvoker.<InvokeInnerFilterAsync>g__Awaited|13_0(ControllerActionInvoker invoker, Task lastTask, State next, Scope scope, Object state, Boolean isCompleted)
   at Microsoft.AspNetCore.Mvc.Infrastructure.ResourceInvoker.<InvokeNextResourceFilter>g__Awaited|25_0(ResourceInvoker invoker, Task lastTask, State next, Scope scope, Object state, Boolean isCompleted)
   at Microsoft.AspNetCore.Mvc.Infrastructure.ResourceInvoker.Rethrow(ResourceExecutedContextSealed context)
   at Microsoft.AspNetCore.Mvc.Infrastructure.ResourceInvoker.Next(State& next, Scope& scope, Object& state, Boolean& isCompleted)
   at Microsoft.AspNetCore.Mvc.Infrastructure.ResourceInvoker.<InvokeFilterPipelineAsync>g__Awaited|20_0(ResourceInvoker invoker, Task lastTask, State next, Scope scope, Object state, Boolean isCompleted)
   at Microsoft.AspNetCore.Mvc.Infrastructure.ResourceInvoker.<InvokeAsync>g__Awaited|17_0(ResourceInvoker invoker, Task task, IDisposable scope)
   at Microsoft.AspNetCore.Mvc.Infrastructure.ResourceInvoker.<InvokeAsync>g__Awaited|17_0(ResourceInvoker invoker, Task task, IDisposable scope)
   at Microsoft.AspNetCore.Authorization.AuthorizationMiddleware.Invoke(HttpContext context)
   at Program.<>c.<<<Main>$>b__0_2>d.MoveNext() in C:\Users\Lekesh\Prince Yadav\Vedang Projects\Water Bill\VedangSoft.BPMS\Water.Bill\src\Water.Bill.API\Program.cs:line 73
--- End of stack trace from previous location ---
   at Microsoft.AspNetCore.Authentication.AuthenticationMiddleware.Invoke(HttpContext context)
   at Swashbuckle.AspNetCore.SwaggerUI.SwaggerUIMiddleware.Invoke(HttpContext httpContext)
   at Swashbuckle.AspNetCore.Swagger.SwaggerMiddleware.Invoke(HttpContext httpContext, ISwaggerProvider swaggerProvider)
   at Microsoft.AspNetCore.Diagnostics.DeveloperExceptionPageMiddlewareImpl.Invoke(HttpContext context)
ClientConnectionId:a29f768d-c788-46d1-9f62-e6cd3342d220
Error Number:-2,State:0,Class:11
2026-06-12 19:18:53.413 +05:30 [INF] Now listening on: https://localhost:7183
2026-06-12 19:18:55.863 +05:30 [INF] Now listening on: http://localhost:5264
2026-06-12 19:18:57.024 +05:30 [INF] Application started. Press Ctrl+C to shut down.
2026-06-12 19:18:57.047 +05:30 [INF] Hosting environment: Development
2026-06-12 19:18:57.049 +05:30 [INF] Content root path: C:\Users\Lekesh\Prince Yadav\Vedang Projects\Water Bill\VedangSoft.BPMS\Water.Bill\src\Water.Bill.API
2026-06-12 19:19:06.897 +05:30 [WRN] The 'bool' property 'IsActive' on entity type 'CommunicationPurpose' is configured with a database-generated default, but has no configured sentinel value. The database-generated default will always be used for inserts when the property has the value 'False', since this is the CLR default for the 'bool' type. Consider using a nullable type, using a nullable backing field, or setting the sentinel value for the property to ensure the database default is used when, and only when, appropriate. See https://aka.ms/efcore-docs-default-values for more information.
2026-06-12 19:19:06.905 +05:30 [WRN] The 'bool' property 'IsSystem' on entity type 'CommunicationPurpose' is configured with a database-generated default, but has no configured sentinel value. The database-generated default will always be used for inserts when the property has the value 'False', since this is the CLR default for the 'bool' type. Consider using a nullable type, using a nullable backing field, or setting the sentinel value for the property to ensure the database default is used when, and only when, appropriate. See https://aka.ms/efcore-docs-default-values for more information.
2026-06-12 19:19:06.909 +05:30 [WRN] The 'bool' property 'IsActive' on entity type 'CommunicationTemplate' is configured with a database-generated default, but has no configured sentinel value. The database-generated default will always be used for inserts when the property has the value 'False', since this is the CLR default for the 'bool' type. Consider using a nullable type, using a nullable backing field, or setting the sentinel value for the property to ensure the database default is used when, and only when, appropriate. See https://aka.ms/efcore-docs-default-values for more information.
2026-06-12 19:19:06.912 +05:30 [WRN] The 'bool' property 'IsDefault' on entity type 'CommunicationTemplate' is configured with a database-generated default, but has no configured sentinel value. The database-generated default will always be used for inserts when the property has the value 'False', since this is the CLR default for the 'bool' type. Consider using a nullable type, using a nullable backing field, or setting the sentinel value for the property to ensure the database default is used when, and only when, appropriate. See https://aka.ms/efcore-docs-default-values for more information.
2026-06-12 19:19:06.917 +05:30 [WRN] The 'bool' property 'IsDeleted' on entity type 'CommunicationTemplate' is configured with a database-generated default, but has no configured sentinel value. The database-generated default will always be used for inserts when the property has the value 'False', since this is the CLR default for the 'bool' type. Consider using a nullable type, using a nullable backing field, or setting the sentinel value for the property to ensure the database default is used when, and only when, appropriate. See https://aka.ms/efcore-docs-default-values for more information.
2026-06-12 19:19:06.928 +05:30 [WRN] The 'bool' property 'IsActive' on entity type 'ConsumerOtpVerification' is configured with a database-generated default, but has no configured sentinel value. The database-generated default will always be used for inserts when the property has the value 'False', since this is the CLR default for the 'bool' type. Consider using a nullable type, using a nullable backing field, or setting the sentinel value for the property to ensure the database default is used when, and only when, appropriate. See https://aka.ms/efcore-docs-default-values for more information.
2026-06-12 19:19:06.938 +05:30 [WRN] The 'bool' property 'IsDeleted' on entity type 'ConsumerOtpVerification' is configured with a database-generated default, but has no configured sentinel value. The database-generated default will always be used for inserts when the property has the value 'False', since this is the CLR default for the 'bool' type. Consider using a nullable type, using a nullable backing field, or setting the sentinel value for the property to ensure the database default is used when, and only when, appropriate. See https://aka.ms/efcore-docs-default-values for more information.
2026-06-12 19:19:06.952 +05:30 [WRN] The 'bool' property 'IsDeleted' on entity type 'InAppNotification' is configured with a database-generated default, but has no configured sentinel value. The database-generated default will always be used for inserts when the property has the value 'False', since this is the CLR default for the 'bool' type. Consider using a nullable type, using a nullable backing field, or setting the sentinel value for the property to ensure the database default is used when, and only when, appropriate. See https://aka.ms/efcore-docs-default-values for more information.
2026-06-12 19:19:06.965 +05:30 [WRN] The 'bool' property 'IsRead' on entity type 'InAppNotification' is configured with a database-generated default, but has no configured sentinel value. The database-generated default will always be used for inserts when the property has the value 'False', since this is the CLR default for the 'bool' type. Consider using a nullable type, using a nullable backing field, or setting the sentinel value for the property to ensure the database default is used when, and only when, appropriate. See https://aka.ms/efcore-docs-default-values for more information.
2026-06-12 19:19:06.971 +05:30 [WRN] The 'bool' property 'ShowInSidebar' on entity type 'Menuitem' is configured with a database-generated default, but has no configured sentinel value. The database-generated default will always be used for inserts when the property has the value 'False', since this is the CLR default for the 'bool' type. Consider using a nullable type, using a nullable backing field, or setting the sentinel value for the property to ensure the database default is used when, and only when, appropriate. See https://aka.ms/efcore-docs-default-values for more information.
2026-06-12 19:19:06.979 +05:30 [WRN] The 'bool' property 'IsActive' on entity type 'PermissionModule' is configured with a database-generated default, but has no configured sentinel value. The database-generated default will always be used for inserts when the property has the value 'False', since this is the CLR default for the 'bool' type. Consider using a nullable type, using a nullable backing field, or setting the sentinel value for the property to ensure the database default is used when, and only when, appropriate. See https://aka.ms/efcore-docs-default-values for more information.
2026-06-12 19:19:06.988 +05:30 [WRN] The 'bool' property 'IsDeleted' on entity type 'PermissionModule' is configured with a database-generated default, but has no configured sentinel value. The database-generated default will always be used for inserts when the property has the value 'False', since this is the CLR default for the 'bool' type. Consider using a nullable type, using a nullable backing field, or setting the sentinel value for the property to ensure the database default is used when, and only when, appropriate. See https://aka.ms/efcore-docs-default-values for more information.
2026-06-12 19:32:24.819 +05:30 [INF] Now listening on: https://localhost:7183
2026-06-12 19:32:24.962 +05:30 [INF] Now listening on: http://localhost:5264
2026-06-12 19:32:25.402 +05:30 [INF] Application started. Press Ctrl+C to shut down.
2026-06-12 19:32:25.599 +05:30 [INF] Hosting environment: Development
2026-06-12 19:32:25.604 +05:30 [INF] Content root path: C:\Users\Lekesh\Prince Yadav\Vedang Projects\Water Bill\VedangSoft.BPMS\Water.Bill\src\Water.Bill.API
2026-06-12 19:41:42.112 +05:30 [INF] Now listening on: https://localhost:7183
2026-06-12 19:41:42.575 +05:30 [INF] Now listening on: http://localhost:5264
2026-06-12 19:41:43.837 +05:30 [INF] Application started. Press Ctrl+C to shut down.
2026-06-12 19:41:43.877 +05:30 [INF] Hosting environment: Development
2026-06-12 19:41:44.005 +05:30 [INF] Content root path: C:\Users\Lekesh\Prince Yadav\Vedang Projects\Water Bill\VedangSoft.BPMS\Water.Bill\src\Water.Bill.API
2026-06-12 19:41:54.013 +05:30 [WRN] The 'bool' property 'IsActive' on entity type 'CommunicationPurpose' is configured with a database-generated default, but has no configured sentinel value. The database-generated default will always be used for inserts when the property has the value 'False', since this is the CLR default for the 'bool' type. Consider using a nullable type, using a nullable backing field, or setting the sentinel value for the property to ensure the database default is used when, and only when, appropriate. See https://aka.ms/efcore-docs-default-values for more information.
2026-06-12 19:41:54.021 +05:30 [WRN] The 'bool' property 'IsSystem' on entity type 'CommunicationPurpose' is configured with a database-generated default, but has no configured sentinel value. The database-generated default will always be used for inserts when the property has the value 'False', since this is the CLR default for the 'bool' type. Consider using a nullable type, using a nullable backing field, or setting the sentinel value for the property to ensure the database default is used when, and only when, appropriate. See https://aka.ms/efcore-docs-default-values for more information.
2026-06-12 19:41:54.026 +05:30 [WRN] The 'bool' property 'IsActive' on entity type 'CommunicationTemplate' is configured with a database-generated default, but has no configured sentinel value. The database-generated default will always be used for inserts when the property has the value 'False', since this is the CLR default for the 'bool' type. Consider using a nullable type, using a nullable backing field, or setting the sentinel value for the property to ensure the database default is used when, and only when, appropriate. See https://aka.ms/efcore-docs-default-values for more information.
2026-06-12 19:41:54.032 +05:30 [WRN] The 'bool' property 'IsDefault' on entity type 'CommunicationTemplate' is configured with a database-generated default, but has no configured sentinel value. The database-generated default will always be used for inserts when the property has the value 'False', since this is the CLR default for the 'bool' type. Consider using a nullable type, using a nullable backing field, or setting the sentinel value for the property to ensure the database default is used when, and only when, appropriate. See https://aka.ms/efcore-docs-default-values for more information.
2026-06-12 19:41:54.036 +05:30 [WRN] The 'bool' property 'IsDeleted' on entity type 'CommunicationTemplate' is configured with a database-generated default, but has no configured sentinel value. The database-generated default will always be used for inserts when the property has the value 'False', since this is the CLR default for the 'bool' type. Consider using a nullable type, using a nullable backing field, or setting the sentinel value for the property to ensure the database default is used when, and only when, appropriate. See https://aka.ms/efcore-docs-default-values for more information.
2026-06-12 19:41:54.042 +05:30 [WRN] The 'bool' property 'IsActive' on entity type 'ConsumerOtpVerification' is configured with a database-generated default, but has no configured sentinel value. The database-generated default will always be used for inserts when the property has the value 'False', since this is the CLR default for the 'bool' type. Consider using a nullable type, using a nullable backing field, or setting the sentinel value for the property to ensure the database default is used when, and only when, appropriate. See https://aka.ms/efcore-docs-default-values for more information.
2026-06-12 19:41:54.050 +05:30 [WRN] The 'bool' property 'IsDeleted' on entity type 'ConsumerOtpVerification' is configured with a database-generated default, but has no configured sentinel value. The database-generated default will always be used for inserts when the property has the value 'False', since this is the CLR default for the 'bool' type. Consider using a nullable type, using a nullable backing field, or setting the sentinel value for the property to ensure the database default is used when, and only when, appropriate. See https://aka.ms/efcore-docs-default-values for more information.
2026-06-12 19:41:54.056 +05:30 [WRN] The 'bool' property 'IsDeleted' on entity type 'InAppNotification' is configured with a database-generated default, but has no configured sentinel value. The database-generated default will always be used for inserts when the property has the value 'False', since this is the CLR default for the 'bool' type. Consider using a nullable type, using a nullable backing field, or setting the sentinel value for the property to ensure the database default is used when, and only when, appropriate. See https://aka.ms/efcore-docs-default-values for more information.
2026-06-12 19:41:54.060 +05:30 [WRN] The 'bool' property 'IsRead' on entity type 'InAppNotification' is configured with a database-generated default, but has no configured sentinel value. The database-generated default will always be used for inserts when the property has the value 'False', since this is the CLR default for the 'bool' type. Consider using a nullable type, using a nullable backing field, or setting the sentinel value for the property to ensure the database default is used when, and only when, appropriate. See https://aka.ms/efcore-docs-default-values for more information.
2026-06-12 19:41:54.068 +05:30 [WRN] The 'bool' property 'ShowInSidebar' on entity type 'Menuitem' is configured with a database-generated default, but has no configured sentinel value. The database-generated default will always be used for inserts when the property has the value 'False', since this is the CLR default for the 'bool' type. Consider using a nullable type, using a nullable backing field, or setting the sentinel value for the property to ensure the database default is used when, and only when, appropriate. See https://aka.ms/efcore-docs-default-values for more information.
2026-06-12 19:41:54.073 +05:30 [WRN] The 'bool' property 'IsActive' on entity type 'PermissionModule' is configured with a database-generated default, but has no configured sentinel value. The database-generated default will always be used for inserts when the property has the value 'False', since this is the CLR default for the 'bool' type. Consider using a nullable type, using a nullable backing field, or setting the sentinel value for the property to ensure the database default is used when, and only when, appropriate. See https://aka.ms/efcore-docs-default-values for more information.
2026-06-12 19:41:54.078 +05:30 [WRN] The 'bool' property 'IsDeleted' on entity type 'PermissionModule' is configured with a database-generated default, but has no configured sentinel value. The database-generated default will always be used for inserts when the property has the value 'False', since this is the CLR default for the 'bool' type. Consider using a nullable type, using a nullable backing field, or setting the sentinel value for the property to ensure the database default is used when, and only when, appropriate. See https://aka.ms/efcore-docs-default-values for more information.
2026-06-12 20:08:10.269 +05:30 [INF] Now listening on: https://localhost:7183
2026-06-12 20:08:13.639 +05:30 [INF] Now listening on: http://localhost:5264
2026-06-12 20:08:14.165 +05:30 [INF] Application started. Press Ctrl+C to shut down.
2026-06-12 20:08:14.347 +05:30 [INF] Hosting environment: Development
2026-06-12 20:08:14.353 +05:30 [INF] Content root path: C:\Users\Lekesh\Prince Yadav\Vedang Projects\Water Bill\VedangSoft.BPMS\Water.Bill\src\Water.Bill.API
2026-06-12 20:08:22.199 +05:30 [WRN] The 'bool' property 'IsActive' on entity type 'CommunicationPurpose' is configured with a database-generated default, but has no configured sentinel value. The database-generated default will always be used for inserts when the property has the value 'False', since this is the CLR default for the 'bool' type. Consider using a nullable type, using a nullable backing field, or setting the sentinel value for the property to ensure the database default is used when, and only when, appropriate. See https://aka.ms/efcore-docs-default-values for more information.
2026-06-12 20:08:22.208 +05:30 [WRN] The 'bool' property 'IsSystem' on entity type 'CommunicationPurpose' is configured with a database-generated default, but has no configured sentinel value. The database-generated default will always be used for inserts when the property has the value 'False', since this is the CLR default for the 'bool' type. Consider using a nullable type, using a nullable backing field, or setting the sentinel value for the property to ensure the database default is used when, and only when, appropriate. See https://aka.ms/efcore-docs-default-values for more information.
2026-06-12 20:08:22.214 +05:30 [WRN] The 'bool' property 'IsActive' on entity type 'CommunicationTemplate' is configured with a database-generated default, but has no configured sentinel value. The database-generated default will always be used for inserts when the property has the value 'False', since this is the CLR default for the 'bool' type. Consider using a nullable type, using a nullable backing field, or setting the sentinel value for the property to ensure the database default is used when, and only when, appropriate. See https://aka.ms/efcore-docs-default-values for more information.
2026-06-12 20:08:22.218 +05:30 [WRN] The 'bool' property 'IsDefault' on entity type 'CommunicationTemplate' is configured with a database-generated default, but has no configured sentinel value. The database-generated default will always be used for inserts when the property has the value 'False', since this is the CLR default for the 'bool' type. Consider using a nullable type, using a nullable backing field, or setting the sentinel value for the property to ensure the database default is used when, and only when, appropriate. See https://aka.ms/efcore-docs-default-values for more information.
2026-06-12 20:08:22.223 +05:30 [WRN] The 'bool' property 'IsDeleted' on entity type 'CommunicationTemplate' is configured with a database-generated default, but has no configured sentinel value. The database-generated default will always be used for inserts when the property has the value 'False', since this is the CLR default for the 'bool' type. Consider using a nullable type, using a nullable backing field, or setting the sentinel value for the property to ensure the database default is used when, and only when, appropriate. See https://aka.ms/efcore-docs-default-values for more information.
2026-06-12 20:08:22.228 +05:30 [WRN] The 'bool' property 'IsActive' on entity type 'ConsumerOtpVerification' is configured with a database-generated default, but has no configured sentinel value. The database-generated default will always be used for inserts when the property has the value 'False', since this is the CLR default for the 'bool' type. Consider using a nullable type, using a nullable backing field, or setting the sentinel value for the property to ensure the database default is used when, and only when, appropriate. See https://aka.ms/efcore-docs-default-values for more information.
2026-06-12 20:08:22.234 +05:30 [WRN] The 'bool' property 'IsDeleted' on entity type 'ConsumerOtpVerification' is configured with a database-generated default, but has no configured sentinel value. The database-generated default will always be used for inserts when the property has the value 'False', since this is the CLR default for the 'bool' type. Consider using a nullable type, using a nullable backing field, or setting the sentinel value for the property to ensure the database default is used when, and only when, appropriate. See https://aka.ms/efcore-docs-default-values for more information.
2026-06-12 20:08:22.239 +05:30 [WRN] The 'bool' property 'IsDeleted' on entity type 'InAppNotification' is configured with a database-generated default, but has no configured sentinel value. The database-generated default will always be used for inserts when the property has the value 'False', since this is the CLR default for the 'bool' type. Consider using a nullable type, using a nullable backing field, or setting the sentinel value for the property to ensure the database default is used when, and only when, appropriate. See https://aka.ms/efcore-docs-default-values for more information.
2026-06-12 20:08:22.245 +05:30 [WRN] The 'bool' property 'IsRead' on entity type 'InAppNotification' is configured with a database-generated default, but has no configured sentinel value. The database-generated default will always be used for inserts when the property has the value 'False', since this is the CLR default for the 'bool' type. Consider using a nullable type, using a nullable backing field, or setting the sentinel value for the property to ensure the database default is used when, and only when, appropriate. See https://aka.ms/efcore-docs-default-values for more information.
2026-06-12 20:08:22.251 +05:30 [WRN] The 'bool' property 'ShowInSidebar' on entity type 'Menuitem' is configured with a database-generated default, but has no configured sentinel value. The database-generated default will always be used for inserts when the property has the value 'False', since this is the CLR default for the 'bool' type. Consider using a nullable type, using a nullable backing field, or setting the sentinel value for the property to ensure the database default is used when, and only when, appropriate. See https://aka.ms/efcore-docs-default-values for more information.
2026-06-12 20:08:22.257 +05:30 [WRN] The 'bool' property 'IsActive' on entity type 'PermissionModule' is configured with a database-generated default, but has no configured sentinel value. The database-generated default will always be used for inserts when the property has the value 'False', since this is the CLR default for the 'bool' type. Consider using a nullable type, using a nullable backing field, or setting the sentinel value for the property to ensure the database default is used when, and only when, appropriate. See https://aka.ms/efcore-docs-default-values for more information.
2026-06-12 20:08:22.262 +05:30 [WRN] The 'bool' property 'IsDeleted' on entity type 'PermissionModule' is configured with a database-generated default, but has no configured sentinel value. The database-generated default will always be used for inserts when the property has the value 'False', since this is the CLR default for the 'bool' type. Consider using a nullable type, using a nullable backing field, or setting the sentinel value for the property to ensure the database default is used when, and only when, appropriate. See https://aka.ms/efcore-docs-default-values for more information.
2026-06-12 20:39:14.043 +05:30 [INF] Now listening on: https://localhost:7183
2026-06-12 20:39:16.292 +05:30 [INF] Now listening on: http://localhost:5264
2026-06-12 20:39:17.091 +05:30 [INF] Application started. Press Ctrl+C to shut down.
2026-06-12 20:39:17.310 +05:30 [INF] Hosting environment: Development
2026-06-12 20:39:17.311 +05:30 [INF] Content root path: C:\Users\Lekesh\Prince Yadav\Vedang Projects\Water Bill\VedangSoft.BPMS\Water.Bill\src\Water.Bill.API
2026-06-12 20:39:27.620 +05:30 [WRN] The 'bool' property 'IsActive' on entity type 'CommunicationPurpose' is configured with a database-generated default, but has no configured sentinel value. The database-generated default will always be used for inserts when the property has the value 'False', since this is the CLR default for the 'bool' type. Consider using a nullable type, using a nullable backing field, or setting the sentinel value for the property to ensure the database default is used when, and only when, appropriate. See https://aka.ms/efcore-docs-default-values for more information.
2026-06-12 20:39:27.630 +05:30 [WRN] The 'bool' property 'IsSystem' on entity type 'CommunicationPurpose' is configured with a database-generated default, but has no configured sentinel value. The database-generated default will always be used for inserts when the property has the value 'False', since this is the CLR default for the 'bool' type. Consider using a nullable type, using a nullable backing field, or setting the sentinel value for the property to ensure the database default is used when, and only when, appropriate. See https://aka.ms/efcore-docs-default-values for more information.
2026-06-12 20:39:27.635 +05:30 [WRN] The 'bool' property 'IsActive' on entity type 'CommunicationTemplate' is configured with a database-generated default, but has no configured sentinel value. The database-generated default will always be used for inserts when the property has the value 'False', since this is the CLR default for the 'bool' type. Consider using a nullable type, using a nullable backing field, or setting the sentinel value for the property to ensure the database default is used when, and only when, appropriate. See https://aka.ms/efcore-docs-default-values for more information.
2026-06-12 20:39:27.640 +05:30 [WRN] The 'bool' property 'IsDefault' on entity type 'CommunicationTemplate' is configured with a database-generated default, but has no configured sentinel value. The database-generated default will always be used for inserts when the property has the value 'False', since this is the CLR default for the 'bool' type. Consider using a nullable type, using a nullable backing field, or setting the sentinel value for the property to ensure the database default is used when, and only when, appropriate. See https://aka.ms/efcore-docs-default-values for more information.
2026-06-12 20:39:27.645 +05:30 [WRN] The 'bool' property 'IsDeleted' on entity type 'CommunicationTemplate' is configured with a database-generated default, but has no configured sentinel value. The database-generated default will always be used for inserts when the property has the value 'False', since this is the CLR default for the 'bool' type. Consider using a nullable type, using a nullable backing field, or setting the sentinel value for the property to ensure the database default is used when, and only when, appropriate. See https://aka.ms/efcore-docs-default-values for more information.
2026-06-12 20:39:27.652 +05:30 [WRN] The 'bool' property 'IsActive' on entity type 'ConsumerOtpVerification' is configured with a database-generated default, but has no configured sentinel value. The database-generated default will always be used for inserts when the property has the value 'False', since this is the CLR default for the 'bool' type. Consider using a nullable type, using a nullable backing field, or setting the sentinel value for the property to ensure the database default is used when, and only when, appropriate. See https://aka.ms/efcore-docs-default-values for more information.
2026-06-12 20:39:27.660 +05:30 [WRN] The 'bool' property 'IsDeleted' on entity type 'ConsumerOtpVerification' is configured with a database-generated default, but has no configured sentinel value. The database-generated default will always be used for inserts when the property has the value 'False', since this is the CLR default for the 'bool' type. Consider using a nullable type, using a nullable backing field, or setting the sentinel value for the property to ensure the database default is used when, and only when, appropriate. See https://aka.ms/efcore-docs-default-values for more information.
2026-06-12 20:39:27.670 +05:30 [WRN] The 'bool' property 'IsDeleted' on entity type 'InAppNotification' is configured with a database-generated default, but has no configured sentinel value. The database-generated default will always be used for inserts when the property has the value 'False', since this is the CLR default for the 'bool' type. Consider using a nullable type, using a nullable backing field, or setting the sentinel value for the property to ensure the database default is used when, and only when, appropriate. See https://aka.ms/efcore-docs-default-values for more information.
2026-06-12 20:39:27.679 +05:30 [WRN] The 'bool' property 'IsRead' on entity type 'InAppNotification' is configured with a database-generated default, but has no configured sentinel value. The database-generated default will always be used for inserts when the property has the value 'False', since this is the CLR default for the 'bool' type. Consider using a nullable type, using a nullable backing field, or setting the sentinel value for the property to ensure the database default is used when, and only when, appropriate. See https://aka.ms/efcore-docs-default-values for more information.
2026-06-12 20:39:27.690 +05:30 [WRN] The 'bool' property 'ShowInSidebar' on entity type 'Menuitem' is configured with a database-generated default, but has no configured sentinel value. The database-generated default will always be used for inserts when the property has the value 'False', since this is the CLR default for the 'bool' type. Consider using a nullable type, using a nullable backing field, or setting the sentinel value for the property to ensure the database default is used when, and only when, appropriate. See https://aka.ms/efcore-docs-default-values for more information.
2026-06-12 20:39:27.697 +05:30 [WRN] The 'bool' property 'IsActive' on entity type 'PermissionModule' is configured with a database-generated default, but has no configured sentinel value. The database-generated default will always be used for inserts when the property has the value 'False', since this is the CLR default for the 'bool' type. Consider using a nullable type, using a nullable backing field, or setting the sentinel value for the property to ensure the database default is used when, and only when, appropriate. See https://aka.ms/efcore-docs-default-values for more information.
2026-06-12 20:39:27.703 +05:30 [WRN] The 'bool' property 'IsDeleted' on entity type 'PermissionModule' is configured with a database-generated default, but has no configured sentinel value. The database-generated default will always be used for inserts when the property has the value 'False', since this is the CLR default for the 'bool' type. Consider using a nullable type, using a nullable backing field, or setting the sentinel value for the property to ensure the database default is used when, and only when, appropriate. See https://aka.ms/efcore-docs-default-values for more information.
2026-06-12 20:52:50.176 +05:30 [INF] Now listening on: https://localhost:7183
2026-06-12 20:52:51.255 +05:30 [INF] Now listening on: http://localhost:5264
2026-06-12 20:52:51.995 +05:30 [INF] Application started. Press Ctrl+C to shut down.
2026-06-12 20:52:52.022 +05:30 [INF] Hosting environment: Development
2026-06-12 20:52:52.023 +05:30 [INF] Content root path: C:\Users\Lekesh\Prince Yadav\Vedang Projects\Water Bill\VedangSoft.BPMS\Water.Bill\src\Water.Bill.API
2026-06-12 20:52:59.713 +05:30 [WRN] The 'bool' property 'IsActive' on entity type 'CommunicationPurpose' is configured with a database-generated default, but has no configured sentinel value. The database-generated default will always be used for inserts when the property has the value 'False', since this is the CLR default for the 'bool' type. Consider using a nullable type, using a nullable backing field, or setting the sentinel value for the property to ensure the database default is used when, and only when, appropriate. See https://aka.ms/efcore-docs-default-values for more information.
2026-06-12 20:52:59.720 +05:30 [WRN] The 'bool' property 'IsSystem' on entity type 'CommunicationPurpose' is configured with a database-generated default, but has no configured sentinel value. The database-generated default will always be used for inserts when the property has the value 'False', since this is the CLR default for the 'bool' type. Consider using a nullable type, using a nullable backing field, or setting the sentinel value for the property to ensure the database default is used when, and only when, appropriate. See https://aka.ms/efcore-docs-default-values for more information.
2026-06-12 20:52:59.723 +05:30 [WRN] The 'bool' property 'IsActive' on entity type 'CommunicationTemplate' is configured with a database-generated default, but has no configured sentinel value. The database-generated default will always be used for inserts when the property has the value 'False', since this is the CLR default for the 'bool' type. Consider using a nullable type, using a nullable backing field, or setting the sentinel value for the property to ensure the database default is used when, and only when, appropriate. See https://aka.ms/efcore-docs-default-values for more information.
2026-06-12 20:52:59.727 +05:30 [WRN] The 'bool' property 'IsDefault' on entity type 'CommunicationTemplate' is configured with a database-generated default, but has no configured sentinel value. The database-generated default will always be used for inserts when the property has the value 'False', since this is the CLR default for the 'bool' type. Consider using a nullable type, using a nullable backing field, or setting the sentinel value for the property to ensure the database default is used when, and only when, appropriate. See https://aka.ms/efcore-docs-default-values for more information.
2026-06-12 20:52:59.731 +05:30 [WRN] The 'bool' property 'IsDeleted' on entity type 'CommunicationTemplate' is configured with a database-generated default, but has no configured sentinel value. The database-generated default will always be used for inserts when the property has the value 'False', since this is the CLR default for the 'bool' type. Consider using a nullable type, using a nullable backing field, or setting the sentinel value for the property to ensure the database default is used when, and only when, appropriate. See https://aka.ms/efcore-docs-default-values for more information.
2026-06-12 20:52:59.736 +05:30 [WRN] The 'bool' property 'IsActive' on entity type 'ConsumerOtpVerification' is configured with a database-generated default, but has no configured sentinel value. The database-generated default will always be used for inserts when the property has the value 'False', since this is the CLR default for the 'bool' type. Consider using a nullable type, using a nullable backing field, or setting the sentinel value for the property to ensure the database default is used when, and only when, appropriate. See https://aka.ms/efcore-docs-default-values for more information.
2026-06-12 20:52:59.740 +05:30 [WRN] The 'bool' property 'IsDeleted' on entity type 'ConsumerOtpVerification' is configured with a database-generated default, but has no configured sentinel value. The database-generated default will always be used for inserts when the property has the value 'False', since this is the CLR default for the 'bool' type. Consider using a nullable type, using a nullable backing field, or setting the sentinel value for the property to ensure the database default is used when, and only when, appropriate. See https://aka.ms/efcore-docs-default-values for more information.
2026-06-12 20:52:59.745 +05:30 [WRN] The 'bool' property 'IsDeleted' on entity type 'InAppNotification' is configured with a database-generated default, but has no configured sentinel value. The database-generated default will always be used for inserts when the property has the value 'False', since this is the CLR default for the 'bool' type. Consider using a nullable type, using a nullable backing field, or setting the sentinel value for the property to ensure the database default is used when, and only when, appropriate. See https://aka.ms/efcore-docs-default-values for more information.
2026-06-12 20:52:59.750 +05:30 [WRN] The 'bool' property 'IsRead' on entity type 'InAppNotification' is configured with a database-generated default, but has no configured sentinel value. The database-generated default will always be used for inserts when the property has the value 'False', since this is the CLR default for the 'bool' type. Consider using a nullable type, using a nullable backing field, or setting the sentinel value for the property to ensure the database default is used when, and only when, appropriate. See https://aka.ms/efcore-docs-default-values for more information.
2026-06-12 20:52:59.755 +05:30 [WRN] The 'bool' property 'ShowInSidebar' on entity type 'Menuitem' is configured with a database-generated default, but has no configured sentinel value. The database-generated default will always be used for inserts when the property has the value 'False', since this is the CLR default for the 'bool' type. Consider using a nullable type, using a nullable backing field, or setting the sentinel value for the property to ensure the database default is used when, and only when, appropriate. See https://aka.ms/efcore-docs-default-values for more information.
2026-06-12 20:52:59.761 +05:30 [WRN] The 'bool' property 'IsActive' on entity type 'PermissionModule' is configured with a database-generated default, but has no configured sentinel value. The database-generated default will always be used for inserts when the property has the value 'False', since this is the CLR default for the 'bool' type. Consider using a nullable type, using a nullable backing field, or setting the sentinel value for the property to ensure the database default is used when, and only when, appropriate. See https://aka.ms/efcore-docs-default-values for more information.
2026-06-12 20:52:59.765 +05:30 [WRN] The 'bool' property 'IsDeleted' on entity type 'PermissionModule' is configured with a database-generated default, but has no configured sentinel value. The database-generated default will always be used for inserts when the property has the value 'False', since this is the CLR default for the 'bool' type. Consider using a nullable type, using a nullable backing field, or setting the sentinel value for the property to ensure the database default is used when, and only when, appropriate. See https://aka.ms/efcore-docs-default-values for more information.
2026-06-12 20:57:49.825 +05:30 [WRN] The query uses a row limiting operator ('Skip'/'Take') without an 'OrderBy' operator. This may lead to unpredictable results. If the 'Distinct' operator is used after 'OrderBy', then make sure to use the 'OrderBy' operator after 'Distinct' as the ordering would otherwise get erased.
2026-06-12 21:00:54.193 +05:30 [INF] Now listening on: https://localhost:7183
2026-06-12 21:00:56.403 +05:30 [INF] Now listening on: http://localhost:5264
2026-06-12 21:00:56.949 +05:30 [INF] Application started. Press Ctrl+C to shut down.
2026-06-12 21:00:57.004 +05:30 [INF] Hosting environment: Development
2026-06-12 21:00:57.008 +05:30 [INF] Content root path: C:\Users\Lekesh\Prince Yadav\Vedang Projects\Water Bill\VedangSoft.BPMS\Water.Bill\src\Water.Bill.API
2026-06-12 21:01:06.041 +05:30 [WRN] The 'bool' property 'IsActive' on entity type 'CommunicationPurpose' is configured with a database-generated default, but has no configured sentinel value. The database-generated default will always be used for inserts when the property has the value 'False', since this is the CLR default for the 'bool' type. Consider using a nullable type, using a nullable backing field, or setting the sentinel value for the property to ensure the database default is used when, and only when, appropriate. See https://aka.ms/efcore-docs-default-values for more information.
2026-06-12 21:01:06.050 +05:30 [WRN] The 'bool' property 'IsSystem' on entity type 'CommunicationPurpose' is configured with a database-generated default, but has no configured sentinel value. The database-generated default will always be used for inserts when the property has the value 'False', since this is the CLR default for the 'bool' type. Consider using a nullable type, using a nullable backing field, or setting the sentinel value for the property to ensure the database default is used when, and only when, appropriate. See https://aka.ms/efcore-docs-default-values for more information.
2026-06-12 21:01:06.054 +05:30 [WRN] The 'bool' property 'IsActive' on entity type 'CommunicationTemplate' is configured with a database-generated default, but has no configured sentinel value. The database-generated default will always be used for inserts when the property has the value 'False', since this is the CLR default for the 'bool' type. Consider using a nullable type, using a nullable backing field, or setting the sentinel value for the property to ensure the database default is used when, and only when, appropriate. See https://aka.ms/efcore-docs-default-values for more information.
2026-06-12 21:01:06.058 +05:30 [WRN] The 'bool' property 'IsDefault' on entity type 'CommunicationTemplate' is configured with a database-generated default, but has no configured sentinel value. The database-generated default will always be used for inserts when the property has the value 'False', since this is the CLR default for the 'bool' type. Consider using a nullable type, using a nullable backing field, or setting the sentinel value for the property to ensure the database default is used when, and only when, appropriate. See https://aka.ms/efcore-docs-default-values for more information.
2026-06-12 21:01:06.063 +05:30 [WRN] The 'bool' property 'IsDeleted' on entity type 'CommunicationTemplate' is configured with a database-generated default, but has no configured sentinel value. The database-generated default will always be used for inserts when the property has the value 'False', since this is the CLR default for the 'bool' type. Consider using a nullable type, using a nullable backing field, or setting the sentinel value for the property to ensure the database default is used when, and only when, appropriate. See https://aka.ms/efcore-docs-default-values for more information.
2026-06-12 21:01:06.070 +05:30 [WRN] The 'bool' property 'IsActive' on entity type 'ConsumerOtpVerification' is configured with a database-generated default, but has no configured sentinel value. The database-generated default will always be used for inserts when the property has the value 'False', since this is the CLR default for the 'bool' type. Consider using a nullable type, using a nullable backing field, or setting the sentinel value for the property to ensure the database default is used when, and only when, appropriate. See https://aka.ms/efcore-docs-default-values for more information.
2026-06-12 21:01:06.076 +05:30 [WRN] The 'bool' property 'IsDeleted' on entity type 'ConsumerOtpVerification' is configured with a database-generated default, but has no configured sentinel value. The database-generated default will always be used for inserts when the property has the value 'False', since this is the CLR default for the 'bool' type. Consider using a nullable type, using a nullable backing field, or setting the sentinel value for the property to ensure the database default is used when, and only when, appropriate. See https://aka.ms/efcore-docs-default-values for more information.
2026-06-12 21:01:06.085 +05:30 [WRN] The 'bool' property 'IsDeleted' on entity type 'InAppNotification' is configured with a database-generated default, but has no configured sentinel value. The database-generated default will always be used for inserts when the property has the value 'False', since this is the CLR default for the 'bool' type. Consider using a nullable type, using a nullable backing field, or setting the sentinel value for the property to ensure the database default is used when, and only when, appropriate. See https://aka.ms/efcore-docs-default-values for more information.
2026-06-12 21:01:06.090 +05:30 [WRN] The 'bool' property 'IsRead' on entity type 'InAppNotification' is configured with a database-generated default, but has no configured sentinel value. The database-generated default will always be used for inserts when the property has the value 'False', since this is the CLR default for the 'bool' type. Consider using a nullable type, using a nullable backing field, or setting the sentinel value for the property to ensure the database default is used when, and only when, appropriate. See https://aka.ms/efcore-docs-default-values for more information.
2026-06-12 21:01:06.096 +05:30 [WRN] The 'bool' property 'ShowInSidebar' on entity type 'Menuitem' is configured with a database-generated default, but has no configured sentinel value. The database-generated default will always be used for inserts when the property has the value 'False', since this is the CLR default for the 'bool' type. Consider using a nullable type, using a nullable backing field, or setting the sentinel value for the property to ensure the database default is used when, and only when, appropriate. See https://aka.ms/efcore-docs-default-values for more information.
2026-06-12 21:01:06.102 +05:30 [WRN] The 'bool' property 'IsActive' on entity type 'PermissionModule' is configured with a database-generated default, but has no configured sentinel value. The database-generated default will always be used for inserts when the property has the value 'False', since this is the CLR default for the 'bool' type. Consider using a nullable type, using a nullable backing field, or setting the sentinel value for the property to ensure the database default is used when, and only when, appropriate. See https://aka.ms/efcore-docs-default-values for more information.
2026-06-12 21:01:06.106 +05:30 [WRN] The 'bool' property 'IsDeleted' on entity type 'PermissionModule' is configured with a database-generated default, but has no configured sentinel value. The database-generated default will always be used for inserts when the property has the value 'False', since this is the CLR default for the 'bool' type. Consider using a nullable type, using a nullable backing field, or setting the sentinel value for the property to ensure the database default is used when, and only when, appropriate. See https://aka.ms/efcore-docs-default-values for more information.
2026-06-12 21:21:26.305 +05:30 [INF] Now listening on: https://localhost:7183
2026-06-12 21:21:26.455 +05:30 [INF] Now listening on: http://localhost:5264
2026-06-12 21:21:27.277 +05:30 [INF] Application started. Press Ctrl+C to shut down.
2026-06-12 21:21:27.293 +05:30 [INF] Hosting environment: Development
2026-06-12 21:21:27.294 +05:30 [INF] Content root path: C:\Users\Lekesh\Prince Yadav\Vedang Projects\Water Bill\VedangSoft.BPMS\Water.Bill\src\Water.Bill.API
2026-06-12 21:21:38.889 +05:30 [WRN] The 'bool' property 'IsActive' on entity type 'CommunicationPurpose' is configured with a database-generated default, but has no configured sentinel value. The database-generated default will always be used for inserts when the property has the value 'False', since this is the CLR default for the 'bool' type. Consider using a nullable type, using a nullable backing field, or setting the sentinel value for the property to ensure the database default is used when, and only when, appropriate. See https://aka.ms/efcore-docs-default-values for more information.
2026-06-12 21:21:38.900 +05:30 [WRN] The 'bool' property 'IsSystem' on entity type 'CommunicationPurpose' is configured with a database-generated default, but has no configured sentinel value. The database-generated default will always be used for inserts when the property has the value 'False', since this is the CLR default for the 'bool' type. Consider using a nullable type, using a nullable backing field, or setting the sentinel value for the property to ensure the database default is used when, and only when, appropriate. See https://aka.ms/efcore-docs-default-values for more information.
2026-06-12 21:21:38.905 +05:30 [WRN] The 'bool' property 'IsActive' on entity type 'CommunicationTemplate' is configured with a database-generated default, but has no configured sentinel value. The database-generated default will always be used for inserts when the property has the value 'False', since this is the CLR default for the 'bool' type. Consider using a nullable type, using a nullable backing field, or setting the sentinel value for the property to ensure the database default is used when, and only when, appropriate. See https://aka.ms/efcore-docs-default-values for more information.
2026-06-12 21:21:38.910 +05:30 [WRN] The 'bool' property 'IsDefault' on entity type 'CommunicationTemplate' is configured with a database-generated default, but has no configured sentinel value. The database-generated default will always be used for inserts when the property has the value 'False', since this is the CLR default for the 'bool' type. Consider using a nullable type, using a nullable backing field, or setting the sentinel value for the property to ensure the database default is used when, and only when, appropriate. See https://aka.ms/efcore-docs-default-values for more information.
2026-06-12 21:21:38.960 +05:30 [WRN] The 'bool' property 'IsDeleted' on entity type 'CommunicationTemplate' is configured with a database-generated default, but has no configured sentinel value. The database-generated default will always be used for inserts when the property has the value 'False', since this is the CLR default for the 'bool' type. Consider using a nullable type, using a nullable backing field, or setting the sentinel value for the property to ensure the database default is used when, and only when, appropriate. See https://aka.ms/efcore-docs-default-values for more information.
2026-06-12 21:21:38.971 +05:30 [WRN] The 'bool' property 'IsActive' on entity type 'ConsumerOtpVerification' is configured with a database-generated default, but has no configured sentinel value. The database-generated default will always be used for inserts when the property has the value 'False', since this is the CLR default for the 'bool' type. Consider using a nullable type, using a nullable backing field, or setting the sentinel value for the property to ensure the database default is used when, and only when, appropriate. See https://aka.ms/efcore-docs-default-values for more information.
2026-06-12 21:21:38.984 +05:30 [WRN] The 'bool' property 'IsDeleted' on entity type 'ConsumerOtpVerification' is configured with a database-generated default, but has no configured sentinel value. The database-generated default will always be used for inserts when the property has the value 'False', since this is the CLR default for the 'bool' type. Consider using a nullable type, using a nullable backing field, or setting the sentinel value for the property to ensure the database default is used when, and only when, appropriate. See https://aka.ms/efcore-docs-default-values for more information.
2026-06-12 21:21:39.001 +05:30 [WRN] The 'bool' property 'IsDeleted' on entity type 'InAppNotification' is configured with a database-generated default, but has no configured sentinel value. The database-generated default will always be used for inserts when the property has the value 'False', since this is the CLR default for the 'bool' type. Consider using a nullable type, using a nullable backing field, or setting the sentinel value for the property to ensure the database default is used when, and only when, appropriate. See https://aka.ms/efcore-docs-default-values for more information.
2026-06-12 21:21:39.008 +05:30 [WRN] The 'bool' property 'IsRead' on entity type 'InAppNotification' is configured with a database-generated default, but has no configured sentinel value. The database-generated default will always be used for inserts when the property has the value 'False', since this is the CLR default for the 'bool' type. Consider using a nullable type, using a nullable backing field, or setting the sentinel value for the property to ensure the database default is used when, and only when, appropriate. See https://aka.ms/efcore-docs-default-values for more information.
2026-06-12 21:21:39.020 +05:30 [WRN] The 'bool' property 'ShowInSidebar' on entity type 'Menuitem' is configured with a database-generated default, but has no configured sentinel value. The database-generated default will always be used for inserts when the property has the value 'False', since this is the CLR default for the 'bool' type. Consider using a nullable type, using a nullable backing field, or setting the sentinel value for the property to ensure the database default is used when, and only when, appropriate. See https://aka.ms/efcore-docs-default-values for more information.
2026-06-12 21:21:39.026 +05:30 [WRN] The 'bool' property 'IsActive' on entity type 'PermissionModule' is configured with a database-generated default, but has no configured sentinel value. The database-generated default will always be used for inserts when the property has the value 'False', since this is the CLR default for the 'bool' type. Consider using a nullable type, using a nullable backing field, or setting the sentinel value for the property to ensure the database default is used when, and only when, appropriate. See https://aka.ms/efcore-docs-default-values for more information.
2026-06-12 21:21:39.033 +05:30 [WRN] The 'bool' property 'IsDeleted' on entity type 'PermissionModule' is configured with a database-generated default, but has no configured sentinel value. The database-generated default will always be used for inserts when the property has the value 'False', since this is the CLR default for the 'bool' type. Consider using a nullable type, using a nullable backing field, or setting the sentinel value for the property to ensure the database default is used when, and only when, appropriate. See https://aka.ms/efcore-docs-default-values for more information.
2026-06-12 23:13:59.945 +05:30 [INF] Now listening on: https://localhost:7183
2026-06-12 23:14:00.141 +05:30 [INF] Now listening on: http://localhost:5264
2026-06-12 23:14:00.498 +05:30 [INF] Application started. Press Ctrl+C to shut down.
2026-06-12 23:14:00.537 +05:30 [INF] Hosting environment: Development
2026-06-12 23:14:00.543 +05:30 [INF] Content root path: C:\Users\Lekesh\Prince Yadav\Vedang Projects\Water Bill\VedangSoft.BPMS\Water.Bill\src\Water.Bill.API
2026-06-12 23:14:14.257 +05:30 [WRN] The 'bool' property 'IsActive' on entity type 'CommunicationPurpose' is configured with a database-generated default, but has no configured sentinel value. The database-generated default will always be used for inserts when the property has the value 'False', since this is the CLR default for the 'bool' type. Consider using a nullable type, using a nullable backing field, or setting the sentinel value for the property to ensure the database default is used when, and only when, appropriate. See https://aka.ms/efcore-docs-default-values for more information.
2026-06-12 23:14:14.264 +05:30 [WRN] The 'bool' property 'IsSystem' on entity type 'CommunicationPurpose' is configured with a database-generated default, but has no configured sentinel value. The database-generated default will always be used for inserts when the property has the value 'False', since this is the CLR default for the 'bool' type. Consider using a nullable type, using a nullable backing field, or setting the sentinel value for the property to ensure the database default is used when, and only when, appropriate. See https://aka.ms/efcore-docs-default-values for more information.
2026-06-12 23:14:14.270 +05:30 [WRN] The 'bool' property 'IsActive' on entity type 'CommunicationTemplate' is configured with a database-generated default, but has no configured sentinel value. The database-generated default will always be used for inserts when the property has the value 'False', since this is the CLR default for the 'bool' type. Consider using a nullable type, using a nullable backing field, or setting the sentinel value for the property to ensure the database default is used when, and only when, appropriate. See https://aka.ms/efcore-docs-default-values for more information.
2026-06-12 23:14:14.273 +05:30 [WRN] The 'bool' property 'IsDefault' on entity type 'CommunicationTemplate' is configured with a database-generated default, but has no configured sentinel value. The database-generated default will always be used for inserts when the property has the value 'False', since this is the CLR default for the 'bool' type. Consider using a nullable type, using a nullable backing field, or setting the sentinel value for the property to ensure the database default is used when, and only when, appropriate. See https://aka.ms/efcore-docs-default-values for more information.
2026-06-12 23:14:16.604 +05:30 [WRN] The 'bool' property 'IsDeleted' on entity type 'CommunicationTemplate' is configured with a database-generated default, but has no configured sentinel value. The database-generated default will always be used for inserts when the property has the value 'False', since this is the CLR default for the 'bool' type. Consider using a nullable type, using a nullable backing field, or setting the sentinel value for the property to ensure the database default is used when, and only when, appropriate. See https://aka.ms/efcore-docs-default-values for more information.
2026-06-12 23:14:16.740 +05:30 [WRN] The 'bool' property 'IsActive' on entity type 'ConsumerOtpVerification' is configured with a database-generated default, but has no configured sentinel value. The database-generated default will always be used for inserts when the property has the value 'False', since this is the CLR default for the 'bool' type. Consider using a nullable type, using a nullable backing field, or setting the sentinel value for the property to ensure the database default is used when, and only when, appropriate. See https://aka.ms/efcore-docs-default-values for more information.
2026-06-12 23:14:16.750 +05:30 [WRN] The 'bool' property 'IsDeleted' on entity type 'ConsumerOtpVerification' is configured with a database-generated default, but has no configured sentinel value. The database-generated default will always be used for inserts when the property has the value 'False', since this is the CLR default for the 'bool' type. Consider using a nullable type, using a nullable backing field, or setting the sentinel value for the property to ensure the database default is used when, and only when, appropriate. See https://aka.ms/efcore-docs-default-values for more information.
2026-06-12 23:14:16.760 +05:30 [WRN] The 'bool' property 'IsDeleted' on entity type 'InAppNotification' is configured with a database-generated default, but has no configured sentinel value. The database-generated default will always be used for inserts when the property has the value 'False', since this is the CLR default for the 'bool' type. Consider using a nullable type, using a nullable backing field, or setting the sentinel value for the property to ensure the database default is used when, and only when, appropriate. See https://aka.ms/efcore-docs-default-values for more information.
2026-06-12 23:14:16.771 +05:30 [WRN] The 'bool' property 'IsRead' on entity type 'InAppNotification' is configured with a database-generated default, but has no configured sentinel value. The database-generated default will always be used for inserts when the property has the value 'False', since this is the CLR default for the 'bool' type. Consider using a nullable type, using a nullable backing field, or setting the sentinel value for the property to ensure the database default is used when, and only when, appropriate. See https://aka.ms/efcore-docs-default-values for more information.
2026-06-12 23:14:16.777 +05:30 [WRN] The 'bool' property 'ShowInSidebar' on entity type 'Menuitem' is configured with a database-generated default, but has no configured sentinel value. The database-generated default will always be used for inserts when the property has the value 'False', since this is the CLR default for the 'bool' type. Consider using a nullable type, using a nullable backing field, or setting the sentinel value for the property to ensure the database default is used when, and only when, appropriate. See https://aka.ms/efcore-docs-default-values for more information.
2026-06-12 23:14:17.028 +05:30 [WRN] The 'bool' property 'IsActive' on entity type 'PermissionModule' is configured with a database-generated default, but has no configured sentinel value. The database-generated default will always be used for inserts when the property has the value 'False', since this is the CLR default for the 'bool' type. Consider using a nullable type, using a nullable backing field, or setting the sentinel value for the property to ensure the database default is used when, and only when, appropriate. See https://aka.ms/efcore-docs-default-values for more information.
2026-06-12 23:14:17.042 +05:30 [WRN] The 'bool' property 'IsDeleted' on entity type 'PermissionModule' is configured with a database-generated default, but has no configured sentinel value. The database-generated default will always be used for inserts when the property has the value 'False', since this is the CLR default for the 'bool' type. Consider using a nullable type, using a nullable backing field, or setting the sentinel value for the property to ensure the database default is used when, and only when, appropriate. See https://aka.ms/efcore-docs-default-values for more information.
