2026-06-16 00:01:11.169 +05:30 [INF] Now listening on: https://localhost:7183
2026-06-16 00:01:12.058 +05:30 [INF] Now listening on: http://localhost:5264
2026-06-16 00:01:16.167 +05:30 [INF] Application started. Press Ctrl+C to shut down.
2026-06-16 00:01:17.360 +05:30 [INF] Hosting environment: Development
2026-06-16 00:01:17.781 +05:30 [INF] Content root path: C:\Users\Lekesh\Prince Yadav\Vedang Projects\Water Bill\VedangSoft.BPMS\Water.Bill\src\Water.Bill.API
2026-06-16 00:01:29.887 +05:30 [WRN] The 'bool' property 'IsActive' on entity type 'CommunicationPurpose' is configured with a database-generated default, but has no configured sentinel value. The database-generated default will always be used for inserts when the property has the value 'False', since this is the CLR default for the 'bool' type. Consider using a nullable type, using a nullable backing field, or setting the sentinel value for the property to ensure the database default is used when, and only when, appropriate. See https://aka.ms/efcore-docs-default-values for more information.
2026-06-16 00:01:29.958 +05:30 [WRN] The 'bool' property 'IsSystem' on entity type 'CommunicationPurpose' is configured with a database-generated default, but has no configured sentinel value. The database-generated default will always be used for inserts when the property has the value 'False', since this is the CLR default for the 'bool' type. Consider using a nullable type, using a nullable backing field, or setting the sentinel value for the property to ensure the database default is used when, and only when, appropriate. See https://aka.ms/efcore-docs-default-values for more information.
2026-06-16 00:01:29.963 +05:30 [WRN] The 'bool' property 'IsActive' on entity type 'CommunicationTemplate' is configured with a database-generated default, but has no configured sentinel value. The database-generated default will always be used for inserts when the property has the value 'False', since this is the CLR default for the 'bool' type. Consider using a nullable type, using a nullable backing field, or setting the sentinel value for the property to ensure the database default is used when, and only when, appropriate. See https://aka.ms/efcore-docs-default-values for more information.
2026-06-16 00:01:29.967 +05:30 [WRN] The 'bool' property 'IsDefault' on entity type 'CommunicationTemplate' is configured with a database-generated default, but has no configured sentinel value. The database-generated default will always be used for inserts when the property has the value 'False', since this is the CLR default for the 'bool' type. Consider using a nullable type, using a nullable backing field, or setting the sentinel value for the property to ensure the database default is used when, and only when, appropriate. See https://aka.ms/efcore-docs-default-values for more information.
2026-06-16 00:01:29.972 +05:30 [WRN] The 'bool' property 'IsDeleted' on entity type 'CommunicationTemplate' is configured with a database-generated default, but has no configured sentinel value. The database-generated default will always be used for inserts when the property has the value 'False', since this is the CLR default for the 'bool' type. Consider using a nullable type, using a nullable backing field, or setting the sentinel value for the property to ensure the database default is used when, and only when, appropriate. See https://aka.ms/efcore-docs-default-values for more information.
2026-06-16 00:01:29.977 +05:30 [WRN] The 'bool' property 'IsActive' on entity type 'ConsumerOtpVerification' is configured with a database-generated default, but has no configured sentinel value. The database-generated default will always be used for inserts when the property has the value 'False', since this is the CLR default for the 'bool' type. Consider using a nullable type, using a nullable backing field, or setting the sentinel value for the property to ensure the database default is used when, and only when, appropriate. See https://aka.ms/efcore-docs-default-values for more information.
2026-06-16 00:01:29.989 +05:30 [WRN] The 'bool' property 'IsDeleted' on entity type 'ConsumerOtpVerification' is configured with a database-generated default, but has no configured sentinel value. The database-generated default will always be used for inserts when the property has the value 'False', since this is the CLR default for the 'bool' type. Consider using a nullable type, using a nullable backing field, or setting the sentinel value for the property to ensure the database default is used when, and only when, appropriate. See https://aka.ms/efcore-docs-default-values for more information.
2026-06-16 00:01:30.000 +05:30 [WRN] The 'bool' property 'IsDeleted' on entity type 'InAppNotification' is configured with a database-generated default, but has no configured sentinel value. The database-generated default will always be used for inserts when the property has the value 'False', since this is the CLR default for the 'bool' type. Consider using a nullable type, using a nullable backing field, or setting the sentinel value for the property to ensure the database default is used when, and only when, appropriate. See https://aka.ms/efcore-docs-default-values for more information.
2026-06-16 00:01:30.017 +05:30 [WRN] The 'bool' property 'IsRead' on entity type 'InAppNotification' is configured with a database-generated default, but has no configured sentinel value. The database-generated default will always be used for inserts when the property has the value 'False', since this is the CLR default for the 'bool' type. Consider using a nullable type, using a nullable backing field, or setting the sentinel value for the property to ensure the database default is used when, and only when, appropriate. See https://aka.ms/efcore-docs-default-values for more information.
2026-06-16 00:01:30.062 +05:30 [WRN] The 'bool' property 'ShowInSidebar' on entity type 'Menuitem' is configured with a database-generated default, but has no configured sentinel value. The database-generated default will always be used for inserts when the property has the value 'False', since this is the CLR default for the 'bool' type. Consider using a nullable type, using a nullable backing field, or setting the sentinel value for the property to ensure the database default is used when, and only when, appropriate. See https://aka.ms/efcore-docs-default-values for more information.
2026-06-16 00:01:30.078 +05:30 [WRN] The 'bool' property 'IsActive' on entity type 'PermissionModule' is configured with a database-generated default, but has no configured sentinel value. The database-generated default will always be used for inserts when the property has the value 'False', since this is the CLR default for the 'bool' type. Consider using a nullable type, using a nullable backing field, or setting the sentinel value for the property to ensure the database default is used when, and only when, appropriate. See https://aka.ms/efcore-docs-default-values for more information.
2026-06-16 00:01:30.086 +05:30 [WRN] The 'bool' property 'IsDeleted' on entity type 'PermissionModule' is configured with a database-generated default, but has no configured sentinel value. The database-generated default will always be used for inserts when the property has the value 'False', since this is the CLR default for the 'bool' type. Consider using a nullable type, using a nullable backing field, or setting the sentinel value for the property to ensure the database default is used when, and only when, appropriate. See https://aka.ms/efcore-docs-default-values for more information.
2026-06-16 00:51:29.113 +05:30 [INF] Now listening on: https://localhost:7183
2026-06-16 00:51:29.536 +05:30 [INF] Now listening on: http://localhost:5264
2026-06-16 00:51:31.542 +05:30 [INF] Application started. Press Ctrl+C to shut down.
2026-06-16 00:51:32.359 +05:30 [INF] Hosting environment: Development
2026-06-16 00:51:32.617 +05:30 [INF] Content root path: C:\Users\Lekesh\Prince Yadav\Vedang Projects\Water Bill\VedangSoft.BPMS\Water.Bill\src\Water.Bill.API
2026-06-16 00:51:47.682 +05:30 [WRN] The 'bool' property 'IsActive' on entity type 'CommunicationPurpose' is configured with a database-generated default, but has no configured sentinel value. The database-generated default will always be used for inserts when the property has the value 'False', since this is the CLR default for the 'bool' type. Consider using a nullable type, using a nullable backing field, or setting the sentinel value for the property to ensure the database default is used when, and only when, appropriate. See https://aka.ms/efcore-docs-default-values for more information.
2026-06-16 00:51:47.736 +05:30 [WRN] The 'bool' property 'IsSystem' on entity type 'CommunicationPurpose' is configured with a database-generated default, but has no configured sentinel value. The database-generated default will always be used for inserts when the property has the value 'False', since this is the CLR default for the 'bool' type. Consider using a nullable type, using a nullable backing field, or setting the sentinel value for the property to ensure the database default is used when, and only when, appropriate. See https://aka.ms/efcore-docs-default-values for more information.
2026-06-16 00:51:47.741 +05:30 [WRN] The 'bool' property 'IsActive' on entity type 'CommunicationTemplate' is configured with a database-generated default, but has no configured sentinel value. The database-generated default will always be used for inserts when the property has the value 'False', since this is the CLR default for the 'bool' type. Consider using a nullable type, using a nullable backing field, or setting the sentinel value for the property to ensure the database default is used when, and only when, appropriate. See https://aka.ms/efcore-docs-default-values for more information.
2026-06-16 00:51:47.747 +05:30 [WRN] The 'bool' property 'IsDefault' on entity type 'CommunicationTemplate' is configured with a database-generated default, but has no configured sentinel value. The database-generated default will always be used for inserts when the property has the value 'False', since this is the CLR default for the 'bool' type. Consider using a nullable type, using a nullable backing field, or setting the sentinel value for the property to ensure the database default is used when, and only when, appropriate. See https://aka.ms/efcore-docs-default-values for more information.
2026-06-16 00:51:47.751 +05:30 [WRN] The 'bool' property 'IsDeleted' on entity type 'CommunicationTemplate' is configured with a database-generated default, but has no configured sentinel value. The database-generated default will always be used for inserts when the property has the value 'False', since this is the CLR default for the 'bool' type. Consider using a nullable type, using a nullable backing field, or setting the sentinel value for the property to ensure the database default is used when, and only when, appropriate. See https://aka.ms/efcore-docs-default-values for more information.
2026-06-16 00:51:47.759 +05:30 [WRN] The 'bool' property 'IsActive' on entity type 'ConsumerOtpVerification' is configured with a database-generated default, but has no configured sentinel value. The database-generated default will always be used for inserts when the property has the value 'False', since this is the CLR default for the 'bool' type. Consider using a nullable type, using a nullable backing field, or setting the sentinel value for the property to ensure the database default is used when, and only when, appropriate. See https://aka.ms/efcore-docs-default-values for more information.
2026-06-16 00:51:47.765 +05:30 [WRN] The 'bool' property 'IsDeleted' on entity type 'ConsumerOtpVerification' is configured with a database-generated default, but has no configured sentinel value. The database-generated default will always be used for inserts when the property has the value 'False', since this is the CLR default for the 'bool' type. Consider using a nullable type, using a nullable backing field, or setting the sentinel value for the property to ensure the database default is used when, and only when, appropriate. See https://aka.ms/efcore-docs-default-values for more information.
2026-06-16 00:51:47.775 +05:30 [WRN] The 'bool' property 'IsDeleted' on entity type 'InAppNotification' is configured with a database-generated default, but has no configured sentinel value. The database-generated default will always be used for inserts when the property has the value 'False', since this is the CLR default for the 'bool' type. Consider using a nullable type, using a nullable backing field, or setting the sentinel value for the property to ensure the database default is used when, and only when, appropriate. See https://aka.ms/efcore-docs-default-values for more information.
2026-06-16 00:51:47.784 +05:30 [WRN] The 'bool' property 'IsRead' on entity type 'InAppNotification' is configured with a database-generated default, but has no configured sentinel value. The database-generated default will always be used for inserts when the property has the value 'False', since this is the CLR default for the 'bool' type. Consider using a nullable type, using a nullable backing field, or setting the sentinel value for the property to ensure the database default is used when, and only when, appropriate. See https://aka.ms/efcore-docs-default-values for more information.
2026-06-16 00:51:47.801 +05:30 [WRN] The 'bool' property 'ShowInSidebar' on entity type 'Menuitem' is configured with a database-generated default, but has no configured sentinel value. The database-generated default will always be used for inserts when the property has the value 'False', since this is the CLR default for the 'bool' type. Consider using a nullable type, using a nullable backing field, or setting the sentinel value for the property to ensure the database default is used when, and only when, appropriate. See https://aka.ms/efcore-docs-default-values for more information.
2026-06-16 00:51:47.815 +05:30 [WRN] The 'bool' property 'IsActive' on entity type 'PermissionModule' is configured with a database-generated default, but has no configured sentinel value. The database-generated default will always be used for inserts when the property has the value 'False', since this is the CLR default for the 'bool' type. Consider using a nullable type, using a nullable backing field, or setting the sentinel value for the property to ensure the database default is used when, and only when, appropriate. See https://aka.ms/efcore-docs-default-values for more information.
2026-06-16 00:51:47.824 +05:30 [WRN] The 'bool' property 'IsDeleted' on entity type 'PermissionModule' is configured with a database-generated default, but has no configured sentinel value. The database-generated default will always be used for inserts when the property has the value 'False', since this is the CLR default for the 'bool' type. Consider using a nullable type, using a nullable backing field, or setting the sentinel value for the property to ensure the database default is used when, and only when, appropriate. See https://aka.ms/efcore-docs-default-values for more information.
2026-06-16 01:33:27.638 +05:30 [ERR] Failed executing DbCommand (83ms) [Parameters=[@__p_0='?' (DbType = Int32)], CommandType='"Text"', CommandTimeout='30']
SELECT TOP(@__p_0) [b].[Id], [b].[accountNumber], [b].[Bank_BranchCode], [b].[bankId], [b].[bankId1], [b].[bankName], [b].[BankType], [b].[branchId], [b].[BranchLedgerId], [b].[branchName], [b].[BranchType], [b].[CreatedBy], [b].[CreatedBy1], [b].[CreatedOn], [b].[CreatedOn1], [b].[FixedAccountNumber], [b].[IFSCcode], [b].[IsActive], [b].[IsActive1], [b].[IS_APP_ONLINE], [b].[Is_NGT], [b].[Is_NGT1], [b].[Is_Offline], [b].[Is_Online], [b].[ModifiedBy], [b].[ModifiedBy1], [b].[ModifiedOn], [b].[ModifiedOn1], [b].[OfflineChallanText], [b].[OnlineChallanText], [b].[Prefix], [b].[status]
FROM [bank_master] AS [b]
WHERE ([b].[status] IS NULL OR [b].[status] = 1) AND ([b].[IsActive] IS NULL OR [b].[IsActive] = 1.0E0 OR [b].[IsActive1] = 1.0E0)
ORDER BY [b].[bankName], [b].[branchName]
2026-06-16 01:33:27.874 +05:30 [ERR] An exception occurred while iterating over the results of a query for context type 'Water.Bill.Infrastructure.Data.ApplicationDbContext'.
Microsoft.Data.SqlClient.SqlException (0x80131904): Invalid column name 'Id'.
   at Microsoft.Data.SqlClient.SqlCommand.<>c.<ExecuteDbDataReaderAsync>b__211_0(Task`1 result)
   at System.Threading.Tasks.ContinuationResultTaskFromResultTask`2.InnerInvoke()
   at System.Threading.ExecutionContext.RunInternal(ExecutionContext executionContext, ContextCallback callback, Object state)
--- End of stack trace from previous location ---
   at System.Threading.ExecutionContext.RunInternal(ExecutionContext executionContext, ContextCallback callback, Object state)
   at System.Threading.Tasks.Task.ExecuteWithThreadLocal(Task& currentTaskSlot, Thread threadPoolThread)
--- End of stack trace from previous location ---
   at Microsoft.EntityFrameworkCore.Storage.RelationalCommand.ExecuteReaderAsync(RelationalCommandParameterObject parameterObject, CancellationToken cancellationToken)
   at Microsoft.EntityFrameworkCore.Storage.RelationalCommand.ExecuteReaderAsync(RelationalCommandParameterObject parameterObject, CancellationToken cancellationToken)
   at Microsoft.EntityFrameworkCore.Query.Internal.SingleQueryingEnumerable`1.AsyncEnumerator.InitializeReaderAsync(AsyncEnumerator enumerator, CancellationToken cancellationToken)
   at Microsoft.EntityFrameworkCore.Storage.ExecutionStrategy.<>c__DisplayClass30_0`2.<<ExecuteAsync>b__0>d.MoveNext()
--- End of stack trace from previous location ---
   at Microsoft.EntityFrameworkCore.Storage.ExecutionStrategy.ExecuteImplementationAsync[TState,TResult](Func`4 operation, Func`4 verifySucceeded, TState state, CancellationToken cancellationToken)
   at Microsoft.EntityFrameworkCore.Storage.ExecutionStrategy.ExecuteImplementationAsync[TState,TResult](Func`4 operation, Func`4 verifySucceeded, TState state, CancellationToken cancellationToken)
   at Microsoft.EntityFrameworkCore.Storage.ExecutionStrategy.ExecuteAsync[TState,TResult](TState state, Func`4 operation, Func`4 verifySucceeded, CancellationToken cancellationToken)
   at Microsoft.EntityFrameworkCore.Query.Internal.SingleQueryingEnumerable`1.AsyncEnumerator.MoveNextAsync()
ClientConnectionId:01915dca-44d7-462a-bd8a-706fbacdbe81
Error Number:207,State:1,Class:16
Microsoft.Data.SqlClient.SqlException (0x80131904): Invalid column name 'Id'.
   at Microsoft.Data.SqlClient.SqlCommand.<>c.<ExecuteDbDataReaderAsync>b__211_0(Task`1 result)
   at System.Threading.Tasks.ContinuationResultTaskFromResultTask`2.InnerInvoke()
   at System.Threading.ExecutionContext.RunInternal(ExecutionContext executionContext, ContextCallback callback, Object state)
--- End of stack trace from previous location ---
   at System.Threading.ExecutionContext.RunInternal(ExecutionContext executionContext, ContextCallback callback, Object state)
   at System.Threading.Tasks.Task.ExecuteWithThreadLocal(Task& currentTaskSlot, Thread threadPoolThread)
--- End of stack trace from previous location ---
   at Microsoft.EntityFrameworkCore.Storage.RelationalCommand.ExecuteReaderAsync(RelationalCommandParameterObject parameterObject, CancellationToken cancellationToken)
   at Microsoft.EntityFrameworkCore.Storage.RelationalCommand.ExecuteReaderAsync(RelationalCommandParameterObject parameterObject, CancellationToken cancellationToken)
   at Microsoft.EntityFrameworkCore.Query.Internal.SingleQueryingEnumerable`1.AsyncEnumerator.InitializeReaderAsync(AsyncEnumerator enumerator, CancellationToken cancellationToken)
   at Microsoft.EntityFrameworkCore.Storage.ExecutionStrategy.<>c__DisplayClass30_0`2.<<ExecuteAsync>b__0>d.MoveNext()
--- End of stack trace from previous location ---
   at Microsoft.EntityFrameworkCore.Storage.ExecutionStrategy.ExecuteImplementationAsync[TState,TResult](Func`4 operation, Func`4 verifySucceeded, TState state, CancellationToken cancellationToken)
   at Microsoft.EntityFrameworkCore.Storage.ExecutionStrategy.ExecuteImplementationAsync[TState,TResult](Func`4 operation, Func`4 verifySucceeded, TState state, CancellationToken cancellationToken)
   at Microsoft.EntityFrameworkCore.Storage.ExecutionStrategy.ExecuteAsync[TState,TResult](TState state, Func`4 operation, Func`4 verifySucceeded, CancellationToken cancellationToken)
   at Microsoft.EntityFrameworkCore.Query.Internal.SingleQueryingEnumerable`1.AsyncEnumerator.MoveNextAsync()
ClientConnectionId:01915dca-44d7-462a-bd8a-706fbacdbe81
Error Number:207,State:1,Class:16
2026-06-16 01:33:31.274 +05:30 [ERR] Unhandled exception captured for /ChallanManagement/Create. TraceId: 0HNMB2D6HFEHH:0000007D
Microsoft.Data.SqlClient.SqlException (0x80131904): Invalid column name 'Id'.
   at Microsoft.Data.SqlClient.SqlCommand.<>c.<ExecuteDbDataReaderAsync>b__211_0(Task`1 result)
   at System.Threading.Tasks.ContinuationResultTaskFromResultTask`2.InnerInvoke()
   at System.Threading.ExecutionContext.RunInternal(ExecutionContext executionContext, ContextCallback callback, Object state)
--- End of stack trace from previous location ---
   at System.Threading.ExecutionContext.RunInternal(ExecutionContext executionContext, ContextCallback callback, Object state)
   at System.Threading.Tasks.Task.ExecuteWithThreadLocal(Task& currentTaskSlot, Thread threadPoolThread)
--- End of stack trace from previous location ---
   at Microsoft.EntityFrameworkCore.Storage.RelationalCommand.ExecuteReaderAsync(RelationalCommandParameterObject parameterObject, CancellationToken cancellationToken)
   at Microsoft.EntityFrameworkCore.Storage.RelationalCommand.ExecuteReaderAsync(RelationalCommandParameterObject parameterObject, CancellationToken cancellationToken)
   at Microsoft.EntityFrameworkCore.Query.Internal.SingleQueryingEnumerable`1.AsyncEnumerator.InitializeReaderAsync(AsyncEnumerator enumerator, CancellationToken cancellationToken)
   at Microsoft.EntityFrameworkCore.Storage.ExecutionStrategy.<>c__DisplayClass30_0`2.<<ExecuteAsync>b__0>d.MoveNext()
--- End of stack trace from previous location ---
   at Microsoft.EntityFrameworkCore.Storage.ExecutionStrategy.ExecuteImplementationAsync[TState,TResult](Func`4 operation, Func`4 verifySucceeded, TState state, CancellationToken cancellationToken)
   at Microsoft.EntityFrameworkCore.Storage.ExecutionStrategy.ExecuteImplementationAsync[TState,TResult](Func`4 operation, Func`4 verifySucceeded, TState state, CancellationToken cancellationToken)
   at Microsoft.EntityFrameworkCore.Storage.ExecutionStrategy.ExecuteAsync[TState,TResult](TState state, Func`4 operation, Func`4 verifySucceeded, CancellationToken cancellationToken)
   at Microsoft.EntityFrameworkCore.Query.Internal.SingleQueryingEnumerable`1.AsyncEnumerator.MoveNextAsync()
   at Microsoft.EntityFrameworkCore.EntityFrameworkQueryableExtensions.ToListAsync[TSource](IQueryable`1 source, CancellationToken cancellationToken)
   at Microsoft.EntityFrameworkCore.EntityFrameworkQueryableExtensions.ToListAsync[TSource](IQueryable`1 source, CancellationToken cancellationToken)
   at Water.Bill.API.Controllers.Mvc.ChallanManagementController.BuildBankOptionsAsync(String selected, CancellationToken ct) in C:\Users\Lekesh\Prince Yadav\Vedang Projects\Water Bill\VedangSoft.BPMS\Water.Bill\src\Water.Bill.API\Controllers\Mvc\ChallanManagementController.cs:line 969
   at Water.Bill.API.Controllers.Mvc.ChallanManagementController.PrepareCreateModelAsync(ChallanCreateViewModel model, ConsumerDetailsMaster consumer, CancellationToken ct) in C:\Users\Lekesh\Prince Yadav\Vedang Projects\Water Bill\VedangSoft.BPMS\Water.Bill\src\Water.Bill.API\Controllers\Mvc\ChallanManagementController.cs:line 715
   at Water.Bill.API.Controllers.Mvc.ChallanManagementController.Create(String consumerNo, String consumerName, String mobileNo, String sector, String block, String plotNo, String purpose, String billNo, CancellationToken ct) in C:\Users\Lekesh\Prince Yadav\Vedang Projects\Water Bill\VedangSoft.BPMS\Water.Bill\src\Water.Bill.API\Controllers\Mvc\ChallanManagementController.cs:line 112
   at Microsoft.AspNetCore.Mvc.Infrastructure.ActionMethodExecutor.TaskOfIActionResultExecutor.Execute(ActionContext actionContext, IActionResultTypeMapper mapper, ObjectMethodExecutor executor, Object controller, Object[] arguments)
   at Microsoft.AspNetCore.Mvc.Infrastructure.ControllerActionInvoker.<InvokeActionMethodAsync>g__Awaited|12_0(ControllerActionInvoker invoker, ValueTask`1 actionResultValueTask)
   at Microsoft.AspNetCore.Mvc.Infrastructure.ControllerActionInvoker.<InvokeNextActionFilterAsync>g__Awaited|10_0(ControllerActionInvoker invoker, Task lastTask, State next, Scope scope, Object state, Boolean isCompleted)
   at Microsoft.AspNetCore.Mvc.Infrastructure.ControllerActionInvoker.Rethrow(ActionExecutedContextSealed context)
   at Microsoft.AspNetCore.Mvc.Infrastructure.ControllerActionInvoker.Next(State& next, Scope& scope, Object& state, Boolean& isCompleted)
   at Microsoft.AspNetCore.Mvc.Infrastructure.ControllerActionInvoker.<InvokeInnerFilterAsync>g__Awaited|13_0(ControllerActionInvoker invoker, Task lastTask, State next, Scope scope, Object state, Boolean isCompleted)
   at Microsoft.AspNetCore.Mvc.Infrastructure.ResourceInvoker.<InvokeNextResourceFilter>g__Awaited|25_0(ResourceInvoker invoker, Task lastTask, State next, Scope scope, Object state, Boolean isCompleted)
   at Microsoft.AspNetCore.Mvc.Infrastructure.ResourceInvoker.Rethrow(ResourceExecutedContextSealed context)
   at Microsoft.AspNetCore.Mvc.Infrastructure.ResourceInvoker.Next(State& next, Scope& scope, Object& state, Boolean& isCompleted)
   at Microsoft.AspNetCore.Mvc.Infrastructure.ResourceInvoker.<InvokeFilterPipelineAsync>g__Awaited|20_0(ResourceInvoker invoker, Task lastTask, State next, Scope scope, Object state, Boolean isCompleted)
   at Microsoft.AspNetCore.Mvc.Infrastructure.ResourceInvoker.<InvokeAsync>g__Awaited|17_0(ResourceInvoker invoker, Task task, IDisposable scope)
   at Microsoft.AspNetCore.Mvc.Infrastructure.ResourceInvoker.<InvokeAsync>g__Awaited|17_0(ResourceInvoker invoker, Task task, IDisposable scope)
   at Microsoft.AspNetCore.Authorization.AuthorizationMiddleware.Invoke(HttpContext context)
   at Program.<>c.<<<Main>$>b__0_5>d.MoveNext() in C:\Users\Lekesh\Prince Yadav\Vedang Projects\Water Bill\VedangSoft.BPMS\Water.Bill\src\Water.Bill.API\Program.cs:line 103
--- End of stack trace from previous location ---
   at Microsoft.AspNetCore.Authentication.AuthenticationMiddleware.Invoke(HttpContext context)
   at Water.Bill.Infrastructure.Middleware.GlobalExceptionLoggingMiddleware.InvokeAsync(HttpContext context) in C:\Users\Lekesh\Prince Yadav\Vedang Projects\Water Bill\VedangSoft.BPMS\Water.Bill\src\Water.Bill.Infrastructure\Middleware\GlobalExceptionLoggingMiddleware.cs:line 37
ClientConnectionId:01915dca-44d7-462a-bd8a-706fbacdbe81
Error Number:207,State:1,Class:16
2026-06-16 01:34:10.789 +05:30 [ERR] Failed executing DbCommand (686ms) [Parameters=[@__p_0='?' (DbType = Int32)], CommandType='"Text"', CommandTimeout='30']
SELECT TOP(@__p_0) [b].[Id], [b].[accountNumber], [b].[Bank_BranchCode], [b].[bankId], [b].[bankId1], [b].[bankName], [b].[BankType], [b].[branchId], [b].[BranchLedgerId], [b].[branchName], [b].[BranchType], [b].[CreatedBy], [b].[CreatedBy1], [b].[CreatedOn], [b].[CreatedOn1], [b].[FixedAccountNumber], [b].[IFSCcode], [b].[IsActive], [b].[IsActive1], [b].[IS_APP_ONLINE], [b].[Is_NGT], [b].[Is_NGT1], [b].[Is_Offline], [b].[Is_Online], [b].[ModifiedBy], [b].[ModifiedBy1], [b].[ModifiedOn], [b].[ModifiedOn1], [b].[OfflineChallanText], [b].[OnlineChallanText], [b].[Prefix], [b].[status]
FROM [bank_master] AS [b]
WHERE ([b].[status] IS NULL OR [b].[status] = 1) AND ([b].[IsActive] IS NULL OR [b].[IsActive] = 1.0E0 OR [b].[IsActive1] = 1.0E0)
ORDER BY [b].[bankName], [b].[branchName]
2026-06-16 01:34:10.877 +05:30 [ERR] An exception occurred while iterating over the results of a query for context type 'Water.Bill.Infrastructure.Data.ApplicationDbContext'.
Microsoft.Data.SqlClient.SqlException (0x80131904): Invalid column name 'Id'.
   at Microsoft.Data.SqlClient.SqlCommand.<>c.<ExecuteDbDataReaderAsync>b__211_0(Task`1 result)
   at System.Threading.Tasks.ContinuationResultTaskFromResultTask`2.InnerInvoke()
   at System.Threading.ExecutionContext.RunInternal(ExecutionContext executionContext, ContextCallback callback, Object state)
--- End of stack trace from previous location ---
   at System.Threading.ExecutionContext.RunInternal(ExecutionContext executionContext, ContextCallback callback, Object state)
   at System.Threading.Tasks.Task.ExecuteWithThreadLocal(Task& currentTaskSlot, Thread threadPoolThread)
--- End of stack trace from previous location ---
   at Microsoft.EntityFrameworkCore.Storage.RelationalCommand.ExecuteReaderAsync(RelationalCommandParameterObject parameterObject, CancellationToken cancellationToken)
   at Microsoft.EntityFrameworkCore.Storage.RelationalCommand.ExecuteReaderAsync(RelationalCommandParameterObject parameterObject, CancellationToken cancellationToken)
   at Microsoft.EntityFrameworkCore.Query.Internal.SingleQueryingEnumerable`1.AsyncEnumerator.InitializeReaderAsync(AsyncEnumerator enumerator, CancellationToken cancellationToken)
   at Microsoft.EntityFrameworkCore.Storage.ExecutionStrategy.<>c__DisplayClass30_0`2.<<ExecuteAsync>b__0>d.MoveNext()
--- End of stack trace from previous location ---
   at Microsoft.EntityFrameworkCore.Storage.ExecutionStrategy.ExecuteImplementationAsync[TState,TResult](Func`4 operation, Func`4 verifySucceeded, TState state, CancellationToken cancellationToken)
   at Microsoft.EntityFrameworkCore.Storage.ExecutionStrategy.ExecuteImplementationAsync[TState,TResult](Func`4 operation, Func`4 verifySucceeded, TState state, CancellationToken cancellationToken)
   at Microsoft.EntityFrameworkCore.Storage.ExecutionStrategy.ExecuteAsync[TState,TResult](TState state, Func`4 operation, Func`4 verifySucceeded, CancellationToken cancellationToken)
   at Microsoft.EntityFrameworkCore.Query.Internal.SingleQueryingEnumerable`1.AsyncEnumerator.MoveNextAsync()
ClientConnectionId:01915dca-44d7-462a-bd8a-706fbacdbe81
Error Number:207,State:1,Class:16
Microsoft.Data.SqlClient.SqlException (0x80131904): Invalid column name 'Id'.
   at Microsoft.Data.SqlClient.SqlCommand.<>c.<ExecuteDbDataReaderAsync>b__211_0(Task`1 result)
   at System.Threading.Tasks.ContinuationResultTaskFromResultTask`2.InnerInvoke()
   at System.Threading.ExecutionContext.RunInternal(ExecutionContext executionContext, ContextCallback callback, Object state)
--- End of stack trace from previous location ---
   at System.Threading.ExecutionContext.RunInternal(ExecutionContext executionContext, ContextCallback callback, Object state)
   at System.Threading.Tasks.Task.ExecuteWithThreadLocal(Task& currentTaskSlot, Thread threadPoolThread)
--- End of stack trace from previous location ---
   at Microsoft.EntityFrameworkCore.Storage.RelationalCommand.ExecuteReaderAsync(RelationalCommandParameterObject parameterObject, CancellationToken cancellationToken)
   at Microsoft.EntityFrameworkCore.Storage.RelationalCommand.ExecuteReaderAsync(RelationalCommandParameterObject parameterObject, CancellationToken cancellationToken)
   at Microsoft.EntityFrameworkCore.Query.Internal.SingleQueryingEnumerable`1.AsyncEnumerator.InitializeReaderAsync(AsyncEnumerator enumerator, CancellationToken cancellationToken)
   at Microsoft.EntityFrameworkCore.Storage.ExecutionStrategy.<>c__DisplayClass30_0`2.<<ExecuteAsync>b__0>d.MoveNext()
--- End of stack trace from previous location ---
   at Microsoft.EntityFrameworkCore.Storage.ExecutionStrategy.ExecuteImplementationAsync[TState,TResult](Func`4 operation, Func`4 verifySucceeded, TState state, CancellationToken cancellationToken)
   at Microsoft.EntityFrameworkCore.Storage.ExecutionStrategy.ExecuteImplementationAsync[TState,TResult](Func`4 operation, Func`4 verifySucceeded, TState state, CancellationToken cancellationToken)
   at Microsoft.EntityFrameworkCore.Storage.ExecutionStrategy.ExecuteAsync[TState,TResult](TState state, Func`4 operation, Func`4 verifySucceeded, CancellationToken cancellationToken)
   at Microsoft.EntityFrameworkCore.Query.Internal.SingleQueryingEnumerable`1.AsyncEnumerator.MoveNextAsync()
ClientConnectionId:01915dca-44d7-462a-bd8a-706fbacdbe81
Error Number:207,State:1,Class:16
2026-06-16 01:34:15.133 +05:30 [ERR] Unhandled exception captured for /ChallanManagement/Create. TraceId: 0HNMB2D6HFEHH:0000008B
Microsoft.Data.SqlClient.SqlException (0x80131904): Invalid column name 'Id'.
   at Microsoft.Data.SqlClient.SqlCommand.<>c.<ExecuteDbDataReaderAsync>b__211_0(Task`1 result)
   at System.Threading.Tasks.ContinuationResultTaskFromResultTask`2.InnerInvoke()
   at System.Threading.ExecutionContext.RunInternal(ExecutionContext executionContext, ContextCallback callback, Object state)
--- End of stack trace from previous location ---
   at System.Threading.ExecutionContext.RunInternal(ExecutionContext executionContext, ContextCallback callback, Object state)
   at System.Threading.Tasks.Task.ExecuteWithThreadLocal(Task& currentTaskSlot, Thread threadPoolThread)
--- End of stack trace from previous location ---
   at Microsoft.EntityFrameworkCore.Storage.RelationalCommand.ExecuteReaderAsync(RelationalCommandParameterObject parameterObject, CancellationToken cancellationToken)
   at Microsoft.EntityFrameworkCore.Storage.RelationalCommand.ExecuteReaderAsync(RelationalCommandParameterObject parameterObject, CancellationToken cancellationToken)
   at Microsoft.EntityFrameworkCore.Query.Internal.SingleQueryingEnumerable`1.AsyncEnumerator.InitializeReaderAsync(AsyncEnumerator enumerator, CancellationToken cancellationToken)
   at Microsoft.EntityFrameworkCore.Storage.ExecutionStrategy.<>c__DisplayClass30_0`2.<<ExecuteAsync>b__0>d.MoveNext()
--- End of stack trace from previous location ---
   at Microsoft.EntityFrameworkCore.Storage.ExecutionStrategy.ExecuteImplementationAsync[TState,TResult](Func`4 operation, Func`4 verifySucceeded, TState state, CancellationToken cancellationToken)
   at Microsoft.EntityFrameworkCore.Storage.ExecutionStrategy.ExecuteImplementationAsync[TState,TResult](Func`4 operation, Func`4 verifySucceeded, TState state, CancellationToken cancellationToken)
   at Microsoft.EntityFrameworkCore.Storage.ExecutionStrategy.ExecuteAsync[TState,TResult](TState state, Func`4 operation, Func`4 verifySucceeded, CancellationToken cancellationToken)
   at Microsoft.EntityFrameworkCore.Query.Internal.SingleQueryingEnumerable`1.AsyncEnumerator.MoveNextAsync()
   at Microsoft.EntityFrameworkCore.EntityFrameworkQueryableExtensions.ToListAsync[TSource](IQueryable`1 source, CancellationToken cancellationToken)
   at Microsoft.EntityFrameworkCore.EntityFrameworkQueryableExtensions.ToListAsync[TSource](IQueryable`1 source, CancellationToken cancellationToken)
   at Water.Bill.API.Controllers.Mvc.ChallanManagementController.BuildBankOptionsAsync(String selected, CancellationToken ct) in C:\Users\Lekesh\Prince Yadav\Vedang Projects\Water Bill\VedangSoft.BPMS\Water.Bill\src\Water.Bill.API\Controllers\Mvc\ChallanManagementController.cs:line 969
   at Water.Bill.API.Controllers.Mvc.ChallanManagementController.PrepareCreateModelAsync(ChallanCreateViewModel model, ConsumerDetailsMaster consumer, CancellationToken ct) in C:\Users\Lekesh\Prince Yadav\Vedang Projects\Water Bill\VedangSoft.BPMS\Water.Bill\src\Water.Bill.API\Controllers\Mvc\ChallanManagementController.cs:line 715
   at Water.Bill.API.Controllers.Mvc.ChallanManagementController.Create(String consumerNo, String consumerName, String mobileNo, String sector, String block, String plotNo, String purpose, String billNo, CancellationToken ct) in C:\Users\Lekesh\Prince Yadav\Vedang Projects\Water Bill\VedangSoft.BPMS\Water.Bill\src\Water.Bill.API\Controllers\Mvc\ChallanManagementController.cs:line 112
   at Microsoft.AspNetCore.Mvc.Infrastructure.ActionMethodExecutor.TaskOfIActionResultExecutor.Execute(ActionContext actionContext, IActionResultTypeMapper mapper, ObjectMethodExecutor executor, Object controller, Object[] arguments)
   at Microsoft.AspNetCore.Mvc.Infrastructure.ControllerActionInvoker.<InvokeActionMethodAsync>g__Awaited|12_0(ControllerActionInvoker invoker, ValueTask`1 actionResultValueTask)
   at Microsoft.AspNetCore.Mvc.Infrastructure.ControllerActionInvoker.<InvokeNextActionFilterAsync>g__Awaited|10_0(ControllerActionInvoker invoker, Task lastTask, State next, Scope scope, Object state, Boolean isCompleted)
   at Microsoft.AspNetCore.Mvc.Infrastructure.ControllerActionInvoker.Rethrow(ActionExecutedContextSealed context)
   at Microsoft.AspNetCore.Mvc.Infrastructure.ControllerActionInvoker.Next(State& next, Scope& scope, Object& state, Boolean& isCompleted)
   at Microsoft.AspNetCore.Mvc.Infrastructure.ControllerActionInvoker.<InvokeInnerFilterAsync>g__Awaited|13_0(ControllerActionInvoker invoker, Task lastTask, State next, Scope scope, Object state, Boolean isCompleted)
   at Microsoft.AspNetCore.Mvc.Infrastructure.ResourceInvoker.<InvokeNextResourceFilter>g__Awaited|25_0(ResourceInvoker invoker, Task lastTask, State next, Scope scope, Object state, Boolean isCompleted)
   at Microsoft.AspNetCore.Mvc.Infrastructure.ResourceInvoker.Rethrow(ResourceExecutedContextSealed context)
   at Microsoft.AspNetCore.Mvc.Infrastructure.ResourceInvoker.Next(State& next, Scope& scope, Object& state, Boolean& isCompleted)
   at Microsoft.AspNetCore.Mvc.Infrastructure.ResourceInvoker.<InvokeFilterPipelineAsync>g__Awaited|20_0(ResourceInvoker invoker, Task lastTask, State next, Scope scope, Object state, Boolean isCompleted)
   at Microsoft.AspNetCore.Mvc.Infrastructure.ResourceInvoker.<InvokeAsync>g__Awaited|17_0(ResourceInvoker invoker, Task task, IDisposable scope)
   at Microsoft.AspNetCore.Mvc.Infrastructure.ResourceInvoker.<InvokeAsync>g__Awaited|17_0(ResourceInvoker invoker, Task task, IDisposable scope)
   at Microsoft.AspNetCore.Authorization.AuthorizationMiddleware.Invoke(HttpContext context)
   at Program.<>c.<<<Main>$>b__0_5>d.MoveNext() in C:\Users\Lekesh\Prince Yadav\Vedang Projects\Water Bill\VedangSoft.BPMS\Water.Bill\src\Water.Bill.API\Program.cs:line 103
--- End of stack trace from previous location ---
   at Microsoft.AspNetCore.Authentication.AuthenticationMiddleware.Invoke(HttpContext context)
   at Water.Bill.Infrastructure.Middleware.GlobalExceptionLoggingMiddleware.InvokeAsync(HttpContext context) in C:\Users\Lekesh\Prince Yadav\Vedang Projects\Water Bill\VedangSoft.BPMS\Water.Bill\src\Water.Bill.Infrastructure\Middleware\GlobalExceptionLoggingMiddleware.cs:line 37
ClientConnectionId:01915dca-44d7-462a-bd8a-706fbacdbe81
Error Number:207,State:1,Class:16
2026-06-16 01:40:42.832 +05:30 [INF] Now listening on: https://localhost:7183
2026-06-16 01:40:44.360 +05:30 [INF] Now listening on: http://localhost:5264
2026-06-16 01:40:47.826 +05:30 [INF] Application started. Press Ctrl+C to shut down.
2026-06-16 01:40:49.016 +05:30 [INF] Hosting environment: Development
2026-06-16 01:40:49.020 +05:30 [INF] Content root path: C:\Users\Lekesh\Prince Yadav\Vedang Projects\Water Bill\VedangSoft.BPMS\Water.Bill\src\Water.Bill.API
2026-06-16 01:41:04.737 +05:30 [WRN] The 'bool' property 'IsActive' on entity type 'CommunicationPurpose' is configured with a database-generated default, but has no configured sentinel value. The database-generated default will always be used for inserts when the property has the value 'False', since this is the CLR default for the 'bool' type. Consider using a nullable type, using a nullable backing field, or setting the sentinel value for the property to ensure the database default is used when, and only when, appropriate. See https://aka.ms/efcore-docs-default-values for more information.
2026-06-16 01:41:07.513 +05:30 [WRN] The 'bool' property 'IsSystem' on entity type 'CommunicationPurpose' is configured with a database-generated default, but has no configured sentinel value. The database-generated default will always be used for inserts when the property has the value 'False', since this is the CLR default for the 'bool' type. Consider using a nullable type, using a nullable backing field, or setting the sentinel value for the property to ensure the database default is used when, and only when, appropriate. See https://aka.ms/efcore-docs-default-values for more information.
2026-06-16 01:41:07.565 +05:30 [WRN] The 'bool' property 'IsActive' on entity type 'CommunicationTemplate' is configured with a database-generated default, but has no configured sentinel value. The database-generated default will always be used for inserts when the property has the value 'False', since this is the CLR default for the 'bool' type. Consider using a nullable type, using a nullable backing field, or setting the sentinel value for the property to ensure the database default is used when, and only when, appropriate. See https://aka.ms/efcore-docs-default-values for more information.
2026-06-16 01:41:07.582 +05:30 [WRN] The 'bool' property 'IsDefault' on entity type 'CommunicationTemplate' is configured with a database-generated default, but has no configured sentinel value. The database-generated default will always be used for inserts when the property has the value 'False', since this is the CLR default for the 'bool' type. Consider using a nullable type, using a nullable backing field, or setting the sentinel value for the property to ensure the database default is used when, and only when, appropriate. See https://aka.ms/efcore-docs-default-values for more information.
2026-06-16 01:41:07.598 +05:30 [WRN] The 'bool' property 'IsDeleted' on entity type 'CommunicationTemplate' is configured with a database-generated default, but has no configured sentinel value. The database-generated default will always be used for inserts when the property has the value 'False', since this is the CLR default for the 'bool' type. Consider using a nullable type, using a nullable backing field, or setting the sentinel value for the property to ensure the database default is used when, and only when, appropriate. See https://aka.ms/efcore-docs-default-values for more information.
2026-06-16 01:41:07.732 +05:30 [WRN] The 'bool' property 'IsActive' on entity type 'ConsumerOtpVerification' is configured with a database-generated default, but has no configured sentinel value. The database-generated default will always be used for inserts when the property has the value 'False', since this is the CLR default for the 'bool' type. Consider using a nullable type, using a nullable backing field, or setting the sentinel value for the property to ensure the database default is used when, and only when, appropriate. See https://aka.ms/efcore-docs-default-values for more information.
2026-06-16 01:41:10.465 +05:30 [WRN] The 'bool' property 'IsDeleted' on entity type 'ConsumerOtpVerification' is configured with a database-generated default, but has no configured sentinel value. The database-generated default will always be used for inserts when the property has the value 'False', since this is the CLR default for the 'bool' type. Consider using a nullable type, using a nullable backing field, or setting the sentinel value for the property to ensure the database default is used when, and only when, appropriate. See https://aka.ms/efcore-docs-default-values for more information.
2026-06-16 01:41:10.490 +05:30 [WRN] The 'bool' property 'IsDeleted' on entity type 'InAppNotification' is configured with a database-generated default, but has no configured sentinel value. The database-generated default will always be used for inserts when the property has the value 'False', since this is the CLR default for the 'bool' type. Consider using a nullable type, using a nullable backing field, or setting the sentinel value for the property to ensure the database default is used when, and only when, appropriate. See https://aka.ms/efcore-docs-default-values for more information.
2026-06-16 01:41:10.498 +05:30 [WRN] The 'bool' property 'IsRead' on entity type 'InAppNotification' is configured with a database-generated default, but has no configured sentinel value. The database-generated default will always be used for inserts when the property has the value 'False', since this is the CLR default for the 'bool' type. Consider using a nullable type, using a nullable backing field, or setting the sentinel value for the property to ensure the database default is used when, and only when, appropriate. See https://aka.ms/efcore-docs-default-values for more information.
2026-06-16 01:41:10.514 +05:30 [WRN] The 'bool' property 'ShowInSidebar' on entity type 'Menuitem' is configured with a database-generated default, but has no configured sentinel value. The database-generated default will always be used for inserts when the property has the value 'False', since this is the CLR default for the 'bool' type. Consider using a nullable type, using a nullable backing field, or setting the sentinel value for the property to ensure the database default is used when, and only when, appropriate. See https://aka.ms/efcore-docs-default-values for more information.
2026-06-16 01:41:10.531 +05:30 [WRN] The 'bool' property 'IsActive' on entity type 'PermissionModule' is configured with a database-generated default, but has no configured sentinel value. The database-generated default will always be used for inserts when the property has the value 'False', since this is the CLR default for the 'bool' type. Consider using a nullable type, using a nullable backing field, or setting the sentinel value for the property to ensure the database default is used when, and only when, appropriate. See https://aka.ms/efcore-docs-default-values for more information.
2026-06-16 01:41:10.547 +05:30 [WRN] The 'bool' property 'IsDeleted' on entity type 'PermissionModule' is configured with a database-generated default, but has no configured sentinel value. The database-generated default will always be used for inserts when the property has the value 'False', since this is the CLR default for the 'bool' type. Consider using a nullable type, using a nullable backing field, or setting the sentinel value for the property to ensure the database default is used when, and only when, appropriate. See https://aka.ms/efcore-docs-default-values for more information.
2026-06-16 01:42:44.327 +05:30 [ERR] Failed executing DbCommand (14ms) [Parameters=[@__p_0='?' (DbType = Int32)], CommandType='"Text"', CommandTimeout='30']
SELECT TOP(@__p_0) [b].[Id], [b].[accountNumber], [b].[Bank_BranchCode], [b].[bankId], [b].[bankId1], [b].[bankName], [b].[BankType], [b].[branchId], [b].[BranchLedgerId], [b].[branchName], [b].[BranchType], [b].[CreatedBy], [b].[CreatedBy1], [b].[CreatedOn], [b].[CreatedOn1], [b].[FixedAccountNumber], [b].[IFSCcode], [b].[IsActive], [b].[IsActive1], [b].[IS_APP_ONLINE], [b].[Is_NGT], [b].[Is_NGT1], [b].[Is_Offline], [b].[Is_Online], [b].[ModifiedBy], [b].[ModifiedBy1], [b].[ModifiedOn], [b].[ModifiedOn1], [b].[OfflineChallanText], [b].[OnlineChallanText], [b].[Prefix], [b].[status]
FROM [bank_master] AS [b]
WHERE ([b].[status] IS NULL OR [b].[status] = 1) AND ([b].[IsActive] IS NULL OR [b].[IsActive] = 1.0E0 OR [b].[IsActive1] = 1.0E0)
ORDER BY [b].[bankName], [b].[branchName]
2026-06-16 01:42:44.460 +05:30 [ERR] An exception occurred while iterating over the results of a query for context type 'Water.Bill.Infrastructure.Data.ApplicationDbContext'.
Microsoft.Data.SqlClient.SqlException (0x80131904): Invalid column name 'Id'.
   at System.Threading.Tasks.ContinuationResultTaskFromResultTask`2.InnerInvoke()
   at System.Threading.ExecutionContext.RunInternal(ExecutionContext executionContext, ContextCallback callback, Object state)
--- End of stack trace from previous location ---
   at System.Threading.ExecutionContext.RunInternal(ExecutionContext executionContext, ContextCallback callback, Object state)
   at System.Threading.Tasks.Task.ExecuteWithThreadLocal(Task& currentTaskSlot, Thread threadPoolThread)
--- End of stack trace from previous location ---
   at Microsoft.EntityFrameworkCore.Storage.RelationalCommand.ExecuteReaderAsync(RelationalCommandParameterObject parameterObject, CancellationToken cancellationToken)
   at Microsoft.EntityFrameworkCore.Storage.RelationalCommand.ExecuteReaderAsync(RelationalCommandParameterObject parameterObject, CancellationToken cancellationToken)
   at Microsoft.EntityFrameworkCore.Query.Internal.SingleQueryingEnumerable`1.AsyncEnumerator.InitializeReaderAsync(AsyncEnumerator enumerator, CancellationToken cancellationToken)
   at Microsoft.EntityFrameworkCore.Storage.ExecutionStrategy.<>c__DisplayClass30_0`2.<<ExecuteAsync>b__0>d.MoveNext()
--- End of stack trace from previous location ---
   at Microsoft.EntityFrameworkCore.Storage.ExecutionStrategy.ExecuteImplementationAsync[TState,TResult](Func`4 operation, Func`4 verifySucceeded, TState state, CancellationToken cancellationToken)
   at Microsoft.EntityFrameworkCore.Storage.ExecutionStrategy.ExecuteImplementationAsync[TState,TResult](Func`4 operation, Func`4 verifySucceeded, TState state, CancellationToken cancellationToken)
   at Microsoft.EntityFrameworkCore.Storage.ExecutionStrategy.ExecuteAsync[TState,TResult](TState state, Func`4 operation, Func`4 verifySucceeded, CancellationToken cancellationToken)
   at Microsoft.EntityFrameworkCore.Query.Internal.SingleQueryingEnumerable`1.AsyncEnumerator.MoveNextAsync()
ClientConnectionId:7adafb51-d0af-4175-b8ab-138ee35a0f3c
Error Number:207,State:1,Class:16
Microsoft.Data.SqlClient.SqlException (0x80131904): Invalid column name 'Id'.
   at System.Threading.Tasks.ContinuationResultTaskFromResultTask`2.InnerInvoke()
   at System.Threading.ExecutionContext.RunInternal(ExecutionContext executionContext, ContextCallback callback, Object state)
--- End of stack trace from previous location ---
   at System.Threading.ExecutionContext.RunInternal(ExecutionContext executionContext, ContextCallback callback, Object state)
   at System.Threading.Tasks.Task.ExecuteWithThreadLocal(Task& currentTaskSlot, Thread threadPoolThread)
--- End of stack trace from previous location ---
   at Microsoft.EntityFrameworkCore.Storage.RelationalCommand.ExecuteReaderAsync(RelationalCommandParameterObject parameterObject, CancellationToken cancellationToken)
   at Microsoft.EntityFrameworkCore.Storage.RelationalCommand.ExecuteReaderAsync(RelationalCommandParameterObject parameterObject, CancellationToken cancellationToken)
   at Microsoft.EntityFrameworkCore.Query.Internal.SingleQueryingEnumerable`1.AsyncEnumerator.InitializeReaderAsync(AsyncEnumerator enumerator, CancellationToken cancellationToken)
   at Microsoft.EntityFrameworkCore.Storage.ExecutionStrategy.<>c__DisplayClass30_0`2.<<ExecuteAsync>b__0>d.MoveNext()
--- End of stack trace from previous location ---
   at Microsoft.EntityFrameworkCore.Storage.ExecutionStrategy.ExecuteImplementationAsync[TState,TResult](Func`4 operation, Func`4 verifySucceeded, TState state, CancellationToken cancellationToken)
   at Microsoft.EntityFrameworkCore.Storage.ExecutionStrategy.ExecuteImplementationAsync[TState,TResult](Func`4 operation, Func`4 verifySucceeded, TState state, CancellationToken cancellationToken)
   at Microsoft.EntityFrameworkCore.Storage.ExecutionStrategy.ExecuteAsync[TState,TResult](TState state, Func`4 operation, Func`4 verifySucceeded, CancellationToken cancellationToken)
   at Microsoft.EntityFrameworkCore.Query.Internal.SingleQueryingEnumerable`1.AsyncEnumerator.MoveNextAsync()
ClientConnectionId:7adafb51-d0af-4175-b8ab-138ee35a0f3c
Error Number:207,State:1,Class:16
2026-06-16 01:42:45.711 +05:30 [ERR] Unhandled exception captured for /ChallanManagement/Create. TraceId: 0HNMB38MJO814:0000000D
Microsoft.Data.SqlClient.SqlException (0x80131904): Invalid column name 'Id'.
   at System.Threading.Tasks.ContinuationResultTaskFromResultTask`2.InnerInvoke()
   at System.Threading.ExecutionContext.RunInternal(ExecutionContext executionContext, ContextCallback callback, Object state)
--- End of stack trace from previous location ---
   at System.Threading.ExecutionContext.RunInternal(ExecutionContext executionContext, ContextCallback callback, Object state)
   at System.Threading.Tasks.Task.ExecuteWithThreadLocal(Task& currentTaskSlot, Thread threadPoolThread)
--- End of stack trace from previous location ---
   at Microsoft.EntityFrameworkCore.Storage.RelationalCommand.ExecuteReaderAsync(RelationalCommandParameterObject parameterObject, CancellationToken cancellationToken)
   at Microsoft.EntityFrameworkCore.Storage.RelationalCommand.ExecuteReaderAsync(RelationalCommandParameterObject parameterObject, CancellationToken cancellationToken)
   at Microsoft.EntityFrameworkCore.Query.Internal.SingleQueryingEnumerable`1.AsyncEnumerator.InitializeReaderAsync(AsyncEnumerator enumerator, CancellationToken cancellationToken)
   at Microsoft.EntityFrameworkCore.Storage.ExecutionStrategy.<>c__DisplayClass30_0`2.<<ExecuteAsync>b__0>d.MoveNext()
--- End of stack trace from previous location ---
   at Microsoft.EntityFrameworkCore.Storage.ExecutionStrategy.ExecuteImplementationAsync[TState,TResult](Func`4 operation, Func`4 verifySucceeded, TState state, CancellationToken cancellationToken)
   at Microsoft.EntityFrameworkCore.Storage.ExecutionStrategy.ExecuteImplementationAsync[TState,TResult](Func`4 operation, Func`4 verifySucceeded, TState state, CancellationToken cancellationToken)
   at Microsoft.EntityFrameworkCore.Storage.ExecutionStrategy.ExecuteAsync[TState,TResult](TState state, Func`4 operation, Func`4 verifySucceeded, CancellationToken cancellationToken)
   at Microsoft.EntityFrameworkCore.Query.Internal.SingleQueryingEnumerable`1.AsyncEnumerator.MoveNextAsync()
   at Microsoft.EntityFrameworkCore.EntityFrameworkQueryableExtensions.ToListAsync[TSource](IQueryable`1 source, CancellationToken cancellationToken)
   at Microsoft.EntityFrameworkCore.EntityFrameworkQueryableExtensions.ToListAsync[TSource](IQueryable`1 source, CancellationToken cancellationToken)
   at Water.Bill.API.Controllers.Mvc.ChallanManagementController.BuildBankOptionsAsync(String selected, CancellationToken ct) in C:\Users\Lekesh\Prince Yadav\Vedang Projects\Water Bill\VedangSoft.BPMS\Water.Bill\src\Water.Bill.API\Controllers\Mvc\ChallanManagementController.cs:line 969
   at Water.Bill.API.Controllers.Mvc.ChallanManagementController.PrepareCreateModelAsync(ChallanCreateViewModel model, ConsumerDetailsMaster consumer, CancellationToken ct) in C:\Users\Lekesh\Prince Yadav\Vedang Projects\Water Bill\VedangSoft.BPMS\Water.Bill\src\Water.Bill.API\Controllers\Mvc\ChallanManagementController.cs:line 715
   at Water.Bill.API.Controllers.Mvc.ChallanManagementController.Create(String consumerNo, String consumerName, String mobileNo, String sector, String block, String plotNo, String purpose, String billNo, CancellationToken ct) in C:\Users\Lekesh\Prince Yadav\Vedang Projects\Water Bill\VedangSoft.BPMS\Water.Bill\src\Water.Bill.API\Controllers\Mvc\ChallanManagementController.cs:line 112
   at Microsoft.AspNetCore.Mvc.Infrastructure.ActionMethodExecutor.TaskOfIActionResultExecutor.Execute(ActionContext actionContext, IActionResultTypeMapper mapper, ObjectMethodExecutor executor, Object controller, Object[] arguments)
   at Microsoft.AspNetCore.Mvc.Infrastructure.ControllerActionInvoker.<InvokeActionMethodAsync>g__Awaited|12_0(ControllerActionInvoker invoker, ValueTask`1 actionResultValueTask)
   at Microsoft.AspNetCore.Mvc.Infrastructure.ControllerActionInvoker.<InvokeNextActionFilterAsync>g__Awaited|10_0(ControllerActionInvoker invoker, Task lastTask, State next, Scope scope, Object state, Boolean isCompleted)
   at Microsoft.AspNetCore.Mvc.Infrastructure.ControllerActionInvoker.Rethrow(ActionExecutedContextSealed context)
   at Microsoft.AspNetCore.Mvc.Infrastructure.ControllerActionInvoker.Next(State& next, Scope& scope, Object& state, Boolean& isCompleted)
   at Microsoft.AspNetCore.Mvc.Infrastructure.ControllerActionInvoker.<InvokeInnerFilterAsync>g__Awaited|13_0(ControllerActionInvoker invoker, Task lastTask, State next, Scope scope, Object state, Boolean isCompleted)
   at Microsoft.AspNetCore.Mvc.Infrastructure.ResourceInvoker.<InvokeNextResourceFilter>g__Awaited|25_0(ResourceInvoker invoker, Task lastTask, State next, Scope scope, Object state, Boolean isCompleted)
   at Microsoft.AspNetCore.Mvc.Infrastructure.ResourceInvoker.Rethrow(ResourceExecutedContextSealed context)
   at Microsoft.AspNetCore.Mvc.Infrastructure.ResourceInvoker.Next(State& next, Scope& scope, Object& state, Boolean& isCompleted)
   at Microsoft.AspNetCore.Mvc.Infrastructure.ResourceInvoker.<InvokeFilterPipelineAsync>g__Awaited|20_0(ResourceInvoker invoker, Task lastTask, State next, Scope scope, Object state, Boolean isCompleted)
   at Microsoft.AspNetCore.Mvc.Infrastructure.ResourceInvoker.<InvokeAsync>g__Awaited|17_0(ResourceInvoker invoker, Task task, IDisposable scope)
   at Microsoft.AspNetCore.Mvc.Infrastructure.ResourceInvoker.<InvokeAsync>g__Awaited|17_0(ResourceInvoker invoker, Task task, IDisposable scope)
   at Microsoft.AspNetCore.Authorization.AuthorizationMiddleware.Invoke(HttpContext context)
   at Program.<>c.<<<Main>$>b__0_5>d.MoveNext() in C:\Users\Lekesh\Prince Yadav\Vedang Projects\Water Bill\VedangSoft.BPMS\Water.Bill\src\Water.Bill.API\Program.cs:line 103
--- End of stack trace from previous location ---
   at Microsoft.AspNetCore.Authentication.AuthenticationMiddleware.Invoke(HttpContext context)
   at Water.Bill.Infrastructure.Middleware.GlobalExceptionLoggingMiddleware.InvokeAsync(HttpContext context) in C:\Users\Lekesh\Prince Yadav\Vedang Projects\Water Bill\VedangSoft.BPMS\Water.Bill\src\Water.Bill.Infrastructure\Middleware\GlobalExceptionLoggingMiddleware.cs:line 37
ClientConnectionId:7adafb51-d0af-4175-b8ab-138ee35a0f3c
Error Number:207,State:1,Class:16
2026-06-16 01:43:23.304 +05:30 [ERR] Unhandled exception captured for /Dashboard. TraceId: 0HNMB38MJO814:00000017
System.Threading.Tasks.TaskCanceledException: A task was canceled.
   at Microsoft.EntityFrameworkCore.Query.Internal.BufferedDataReader.BufferedDataRecord.InitializeAsync(DbDataReader reader, IReadOnlyList`1 columns, CancellationToken cancellationToken)
   at Microsoft.EntityFrameworkCore.Query.Internal.BufferedDataReader.InitializeAsync(IReadOnlyList`1 columns, CancellationToken cancellationToken)
   at Microsoft.EntityFrameworkCore.Query.Internal.BufferedDataReader.InitializeAsync(IReadOnlyList`1 columns, CancellationToken cancellationToken)
   at Microsoft.EntityFrameworkCore.Storage.RelationalCommand.ExecuteReaderAsync(RelationalCommandParameterObject parameterObject, CancellationToken cancellationToken)
   at Microsoft.EntityFrameworkCore.Storage.RelationalCommand.ExecuteReaderAsync(RelationalCommandParameterObject parameterObject, CancellationToken cancellationToken)
   at Microsoft.EntityFrameworkCore.Query.Internal.SingleQueryingEnumerable`1.AsyncEnumerator.InitializeReaderAsync(AsyncEnumerator enumerator, CancellationToken cancellationToken)
   at Microsoft.EntityFrameworkCore.Storage.ExecutionStrategy.<>c__DisplayClass30_0`2.<<ExecuteAsync>b__0>d.MoveNext()
--- End of stack trace from previous location ---
   at Microsoft.EntityFrameworkCore.Storage.ExecutionStrategy.ExecuteImplementationAsync[TState,TResult](Func`4 operation, Func`4 verifySucceeded, TState state, CancellationToken cancellationToken)
   at Microsoft.EntityFrameworkCore.Storage.ExecutionStrategy.ExecuteImplementationAsync[TState,TResult](Func`4 operation, Func`4 verifySucceeded, TState state, CancellationToken cancellationToken)
   at Microsoft.EntityFrameworkCore.Storage.ExecutionStrategy.ExecuteAsync[TState,TResult](TState state, Func`4 operation, Func`4 verifySucceeded, CancellationToken cancellationToken)
   at Microsoft.EntityFrameworkCore.Query.Internal.SingleQueryingEnumerable`1.AsyncEnumerator.MoveNextAsync()
   at Microsoft.EntityFrameworkCore.Query.ShapedQueryCompilingExpressionVisitor.SingleAsync[TSource](IAsyncEnumerable`1 asyncEnumerable, CancellationToken cancellationToken)
   at Microsoft.EntityFrameworkCore.Query.ShapedQueryCompilingExpressionVisitor.SingleAsync[TSource](IAsyncEnumerable`1 asyncEnumerable, CancellationToken cancellationToken)
   at Water.Bill.API.Controllers.Mvc.DashboardController.BuildAdminDashboardAsync(String userName, String roleName, Nullable`1 defaulterThreshold, CancellationToken ct) in C:\Users\Lekesh\Prince Yadav\Vedang Projects\Water Bill\VedangSoft.BPMS\Water.Bill\src\Water.Bill.API\Controllers\Mvc\DashboardController.cs:line 78
   at Water.Bill.API.Controllers.Mvc.DashboardController.Index(Nullable`1 defaulterThreshold, CancellationToken ct) in C:\Users\Lekesh\Prince Yadav\Vedang Projects\Water Bill\VedangSoft.BPMS\Water.Bill\src\Water.Bill.API\Controllers\Mvc\DashboardController.cs:line 53
   at Microsoft.AspNetCore.Mvc.Infrastructure.ActionMethodExecutor.TaskOfIActionResultExecutor.Execute(ActionContext actionContext, IActionResultTypeMapper mapper, ObjectMethodExecutor executor, Object controller, Object[] arguments)
   at Microsoft.AspNetCore.Mvc.Infrastructure.ControllerActionInvoker.<InvokeActionMethodAsync>g__Awaited|12_0(ControllerActionInvoker invoker, ValueTask`1 actionResultValueTask)
   at Microsoft.AspNetCore.Mvc.Infrastructure.ControllerActionInvoker.<InvokeNextActionFilterAsync>g__Awaited|10_0(ControllerActionInvoker invoker, Task lastTask, State next, Scope scope, Object state, Boolean isCompleted)
   at Microsoft.AspNetCore.Mvc.Infrastructure.ControllerActionInvoker.Rethrow(ActionExecutedContextSealed context)
   at Microsoft.AspNetCore.Mvc.Infrastructure.ControllerActionInvoker.Next(State& next, Scope& scope, Object& state, Boolean& isCompleted)
   at Microsoft.AspNetCore.Mvc.Infrastructure.ControllerActionInvoker.<InvokeInnerFilterAsync>g__Awaited|13_0(ControllerActionInvoker invoker, Task lastTask, State next, Scope scope, Object state, Boolean isCompleted)
   at Microsoft.AspNetCore.Mvc.Infrastructure.ResourceInvoker.<InvokeNextResourceFilter>g__Awaited|25_0(ResourceInvoker invoker, Task lastTask, State next, Scope scope, Object state, Boolean isCompleted)
   at Microsoft.AspNetCore.Mvc.Infrastructure.ResourceInvoker.Rethrow(ResourceExecutedContextSealed context)
   at Microsoft.AspNetCore.Mvc.Infrastructure.ResourceInvoker.Next(State& next, Scope& scope, Object& state, Boolean& isCompleted)
   at Microsoft.AspNetCore.Mvc.Infrastructure.ResourceInvoker.<InvokeFilterPipelineAsync>g__Awaited|20_0(ResourceInvoker invoker, Task lastTask, State next, Scope scope, Object state, Boolean isCompleted)
   at Microsoft.AspNetCore.Mvc.Infrastructure.ResourceInvoker.<InvokeAsync>g__Awaited|17_0(ResourceInvoker invoker, Task task, IDisposable scope)
   at Microsoft.AspNetCore.Mvc.Infrastructure.ResourceInvoker.<InvokeAsync>g__Awaited|17_0(ResourceInvoker invoker, Task task, IDisposable scope)
   at Microsoft.AspNetCore.Authorization.AuthorizationMiddleware.Invoke(HttpContext context)
   at Program.<>c.<<<Main>$>b__0_5>d.MoveNext() in C:\Users\Lekesh\Prince Yadav\Vedang Projects\Water Bill\VedangSoft.BPMS\Water.Bill\src\Water.Bill.API\Program.cs:line 103
--- End of stack trace from previous location ---
   at Microsoft.AspNetCore.Authentication.AuthenticationMiddleware.Invoke(HttpContext context)
   at Water.Bill.Infrastructure.Middleware.GlobalExceptionLoggingMiddleware.InvokeAsync(HttpContext context) in C:\Users\Lekesh\Prince Yadav\Vedang Projects\Water Bill\VedangSoft.BPMS\Water.Bill\src\Water.Bill.Infrastructure\Middleware\GlobalExceptionLoggingMiddleware.cs:line 37
2026-06-16 01:47:58.520 +05:30 [INF] Now listening on: https://localhost:7183
2026-06-16 01:47:58.618 +05:30 [INF] Now listening on: http://localhost:5264
2026-06-16 01:47:59.164 +05:30 [INF] Application started. Press Ctrl+C to shut down.
2026-06-16 01:47:59.585 +05:30 [INF] Hosting environment: Development
2026-06-16 01:48:01.790 +05:30 [INF] Content root path: C:\Users\Lekesh\Prince Yadav\Vedang Projects\Water Bill\VedangSoft.BPMS\Water.Bill\src\Water.Bill.API
2026-06-16 01:48:25.370 +05:30 [WRN] The 'bool' property 'IsActive' on entity type 'CommunicationPurpose' is configured with a database-generated default, but has no configured sentinel value. The database-generated default will always be used for inserts when the property has the value 'False', since this is the CLR default for the 'bool' type. Consider using a nullable type, using a nullable backing field, or setting the sentinel value for the property to ensure the database default is used when, and only when, appropriate. See https://aka.ms/efcore-docs-default-values for more information.
2026-06-16 01:48:25.573 +05:30 [WRN] The 'bool' property 'IsSystem' on entity type 'CommunicationPurpose' is configured with a database-generated default, but has no configured sentinel value. The database-generated default will always be used for inserts when the property has the value 'False', since this is the CLR default for the 'bool' type. Consider using a nullable type, using a nullable backing field, or setting the sentinel value for the property to ensure the database default is used when, and only when, appropriate. See https://aka.ms/efcore-docs-default-values for more information.
2026-06-16 01:48:25.843 +05:30 [WRN] The 'bool' property 'IsActive' on entity type 'CommunicationTemplate' is configured with a database-generated default, but has no configured sentinel value. The database-generated default will always be used for inserts when the property has the value 'False', since this is the CLR default for the 'bool' type. Consider using a nullable type, using a nullable backing field, or setting the sentinel value for the property to ensure the database default is used when, and only when, appropriate. See https://aka.ms/efcore-docs-default-values for more information.
2026-06-16 01:48:25.849 +05:30 [WRN] The 'bool' property 'IsDefault' on entity type 'CommunicationTemplate' is configured with a database-generated default, but has no configured sentinel value. The database-generated default will always be used for inserts when the property has the value 'False', since this is the CLR default for the 'bool' type. Consider using a nullable type, using a nullable backing field, or setting the sentinel value for the property to ensure the database default is used when, and only when, appropriate. See https://aka.ms/efcore-docs-default-values for more information.
2026-06-16 01:48:25.853 +05:30 [WRN] The 'bool' property 'IsDeleted' on entity type 'CommunicationTemplate' is configured with a database-generated default, but has no configured sentinel value. The database-generated default will always be used for inserts when the property has the value 'False', since this is the CLR default for the 'bool' type. Consider using a nullable type, using a nullable backing field, or setting the sentinel value for the property to ensure the database default is used when, and only when, appropriate. See https://aka.ms/efcore-docs-default-values for more information.
2026-06-16 01:48:25.863 +05:30 [WRN] The 'bool' property 'IsActive' on entity type 'ConsumerOtpVerification' is configured with a database-generated default, but has no configured sentinel value. The database-generated default will always be used for inserts when the property has the value 'False', since this is the CLR default for the 'bool' type. Consider using a nullable type, using a nullable backing field, or setting the sentinel value for the property to ensure the database default is used when, and only when, appropriate. See https://aka.ms/efcore-docs-default-values for more information.
2026-06-16 01:48:25.885 +05:30 [WRN] The 'bool' property 'IsDeleted' on entity type 'ConsumerOtpVerification' is configured with a database-generated default, but has no configured sentinel value. The database-generated default will always be used for inserts when the property has the value 'False', since this is the CLR default for the 'bool' type. Consider using a nullable type, using a nullable backing field, or setting the sentinel value for the property to ensure the database default is used when, and only when, appropriate. See https://aka.ms/efcore-docs-default-values for more information.
2026-06-16 01:48:25.893 +05:30 [WRN] The 'bool' property 'IsDeleted' on entity type 'InAppNotification' is configured with a database-generated default, but has no configured sentinel value. The database-generated default will always be used for inserts when the property has the value 'False', since this is the CLR default for the 'bool' type. Consider using a nullable type, using a nullable backing field, or setting the sentinel value for the property to ensure the database default is used when, and only when, appropriate. See https://aka.ms/efcore-docs-default-values for more information.
2026-06-16 01:48:25.903 +05:30 [WRN] The 'bool' property 'IsRead' on entity type 'InAppNotification' is configured with a database-generated default, but has no configured sentinel value. The database-generated default will always be used for inserts when the property has the value 'False', since this is the CLR default for the 'bool' type. Consider using a nullable type, using a nullable backing field, or setting the sentinel value for the property to ensure the database default is used when, and only when, appropriate. See https://aka.ms/efcore-docs-default-values for more information.
2026-06-16 01:48:25.910 +05:30 [WRN] The 'bool' property 'ShowInSidebar' on entity type 'Menuitem' is configured with a database-generated default, but has no configured sentinel value. The database-generated default will always be used for inserts when the property has the value 'False', since this is the CLR default for the 'bool' type. Consider using a nullable type, using a nullable backing field, or setting the sentinel value for the property to ensure the database default is used when, and only when, appropriate. See https://aka.ms/efcore-docs-default-values for more information.
2026-06-16 01:48:25.920 +05:30 [WRN] The 'bool' property 'IsActive' on entity type 'PermissionModule' is configured with a database-generated default, but has no configured sentinel value. The database-generated default will always be used for inserts when the property has the value 'False', since this is the CLR default for the 'bool' type. Consider using a nullable type, using a nullable backing field, or setting the sentinel value for the property to ensure the database default is used when, and only when, appropriate. See https://aka.ms/efcore-docs-default-values for more information.
2026-06-16 01:48:25.976 +05:30 [WRN] The 'bool' property 'IsDeleted' on entity type 'PermissionModule' is configured with a database-generated default, but has no configured sentinel value. The database-generated default will always be used for inserts when the property has the value 'False', since this is the CLR default for the 'bool' type. Consider using a nullable type, using a nullable backing field, or setting the sentinel value for the property to ensure the database default is used when, and only when, appropriate. See https://aka.ms/efcore-docs-default-values for more information.
2026-06-16 01:49:28.713 +05:30 [ERR] Failed executing DbCommand (701ms) [Parameters=[@__p_0='?' (DbType = Int32)], CommandType='"Text"', CommandTimeout='30']
SELECT TOP(@__p_0) [b].[Id], [b].[accountNumber], [b].[Bank_BranchCode], [b].[bankId], [b].[bankId1], [b].[bankName], [b].[BankType], [b].[branchId], [b].[BranchLedgerId], [b].[branchName], [b].[BranchType], [b].[CreatedBy], [b].[CreatedBy1], [b].[CreatedOn], [b].[CreatedOn1], [b].[FixedAccountNumber], [b].[IFSCcode], [b].[IsActive], [b].[IsActive1], [b].[IS_APP_ONLINE], [b].[Is_NGT], [b].[Is_NGT1], [b].[Is_Offline], [b].[Is_Online], [b].[ModifiedBy], [b].[ModifiedBy1], [b].[ModifiedOn], [b].[ModifiedOn1], [b].[OfflineChallanText], [b].[OnlineChallanText], [b].[Prefix], [b].[status]
FROM [bank_master] AS [b]
WHERE ([b].[status] IS NULL OR [b].[status] = 1) AND ([b].[IsActive] IS NULL OR [b].[IsActive] = 1.0E0 OR [b].[IsActive1] = 1.0E0)
ORDER BY [b].[bankName], [b].[branchName]
2026-06-16 01:49:29.795 +05:30 [ERR] An exception occurred while iterating over the results of a query for context type 'Water.Bill.Infrastructure.Data.ApplicationDbContext'.
Microsoft.Data.SqlClient.SqlException (0x80131904): Invalid column name 'Id'.
   at System.Threading.Tasks.ContinuationResultTaskFromResultTask`2.InnerInvoke()
   at System.Threading.ExecutionContext.RunInternal(ExecutionContext executionContext, ContextCallback callback, Object state)
--- End of stack trace from previous location ---
   at System.Threading.ExecutionContext.RunInternal(ExecutionContext executionContext, ContextCallback callback, Object state)
   at System.Threading.Tasks.Task.ExecuteWithThreadLocal(Task& currentTaskSlot, Thread threadPoolThread)
--- End of stack trace from previous location ---
   at Microsoft.EntityFrameworkCore.Storage.RelationalCommand.ExecuteReaderAsync(RelationalCommandParameterObject parameterObject, CancellationToken cancellationToken)
   at Microsoft.EntityFrameworkCore.Storage.RelationalCommand.ExecuteReaderAsync(RelationalCommandParameterObject parameterObject, CancellationToken cancellationToken)
   at Microsoft.EntityFrameworkCore.Query.Internal.SingleQueryingEnumerable`1.AsyncEnumerator.InitializeReaderAsync(AsyncEnumerator enumerator, CancellationToken cancellationToken)
   at Microsoft.EntityFrameworkCore.Storage.ExecutionStrategy.<>c__DisplayClass30_0`2.<<ExecuteAsync>b__0>d.MoveNext()
--- End of stack trace from previous location ---
   at Microsoft.EntityFrameworkCore.Storage.ExecutionStrategy.ExecuteImplementationAsync[TState,TResult](Func`4 operation, Func`4 verifySucceeded, TState state, CancellationToken cancellationToken)
   at Microsoft.EntityFrameworkCore.Storage.ExecutionStrategy.ExecuteImplementationAsync[TState,TResult](Func`4 operation, Func`4 verifySucceeded, TState state, CancellationToken cancellationToken)
   at Microsoft.EntityFrameworkCore.Storage.ExecutionStrategy.ExecuteAsync[TState,TResult](TState state, Func`4 operation, Func`4 verifySucceeded, CancellationToken cancellationToken)
   at Microsoft.EntityFrameworkCore.Query.Internal.SingleQueryingEnumerable`1.AsyncEnumerator.MoveNextAsync()
ClientConnectionId:ef1a2a41-e6bd-4bc4-b0f0-a162635d0e1f
Error Number:207,State:1,Class:16
Microsoft.Data.SqlClient.SqlException (0x80131904): Invalid column name 'Id'.
   at System.Threading.Tasks.ContinuationResultTaskFromResultTask`2.InnerInvoke()
   at System.Threading.ExecutionContext.RunInternal(ExecutionContext executionContext, ContextCallback callback, Object state)
--- End of stack trace from previous location ---
   at System.Threading.ExecutionContext.RunInternal(ExecutionContext executionContext, ContextCallback callback, Object state)
   at System.Threading.Tasks.Task.ExecuteWithThreadLocal(Task& currentTaskSlot, Thread threadPoolThread)
--- End of stack trace from previous location ---
   at Microsoft.EntityFrameworkCore.Storage.RelationalCommand.ExecuteReaderAsync(RelationalCommandParameterObject parameterObject, CancellationToken cancellationToken)
   at Microsoft.EntityFrameworkCore.Storage.RelationalCommand.ExecuteReaderAsync(RelationalCommandParameterObject parameterObject, CancellationToken cancellationToken)
   at Microsoft.EntityFrameworkCore.Query.Internal.SingleQueryingEnumerable`1.AsyncEnumerator.InitializeReaderAsync(AsyncEnumerator enumerator, CancellationToken cancellationToken)
   at Microsoft.EntityFrameworkCore.Storage.ExecutionStrategy.<>c__DisplayClass30_0`2.<<ExecuteAsync>b__0>d.MoveNext()
--- End of stack trace from previous location ---
   at Microsoft.EntityFrameworkCore.Storage.ExecutionStrategy.ExecuteImplementationAsync[TState,TResult](Func`4 operation, Func`4 verifySucceeded, TState state, CancellationToken cancellationToken)
   at Microsoft.EntityFrameworkCore.Storage.ExecutionStrategy.ExecuteImplementationAsync[TState,TResult](Func`4 operation, Func`4 verifySucceeded, TState state, CancellationToken cancellationToken)
   at Microsoft.EntityFrameworkCore.Storage.ExecutionStrategy.ExecuteAsync[TState,TResult](TState state, Func`4 operation, Func`4 verifySucceeded, CancellationToken cancellationToken)
   at Microsoft.EntityFrameworkCore.Query.Internal.SingleQueryingEnumerable`1.AsyncEnumerator.MoveNextAsync()
ClientConnectionId:ef1a2a41-e6bd-4bc4-b0f0-a162635d0e1f
Error Number:207,State:1,Class:16
2026-06-16 01:49:36.494 +05:30 [ERR] Unhandled exception captured for /ChallanManagement/Create. TraceId: 0HNMB3CON482J:00000013
Microsoft.Data.SqlClient.SqlException (0x80131904): Invalid column name 'Id'.
   at System.Threading.Tasks.ContinuationResultTaskFromResultTask`2.InnerInvoke()
   at System.Threading.ExecutionContext.RunInternal(ExecutionContext executionContext, ContextCallback callback, Object state)
--- End of stack trace from previous location ---
   at System.Threading.ExecutionContext.RunInternal(ExecutionContext executionContext, ContextCallback callback, Object state)
   at System.Threading.Tasks.Task.ExecuteWithThreadLocal(Task& currentTaskSlot, Thread threadPoolThread)
--- End of stack trace from previous location ---
   at Microsoft.EntityFrameworkCore.Storage.RelationalCommand.ExecuteReaderAsync(RelationalCommandParameterObject parameterObject, CancellationToken cancellationToken)
   at Microsoft.EntityFrameworkCore.Storage.RelationalCommand.ExecuteReaderAsync(RelationalCommandParameterObject parameterObject, CancellationToken cancellationToken)
   at Microsoft.EntityFrameworkCore.Query.Internal.SingleQueryingEnumerable`1.AsyncEnumerator.InitializeReaderAsync(AsyncEnumerator enumerator, CancellationToken cancellationToken)
   at Microsoft.EntityFrameworkCore.Storage.ExecutionStrategy.<>c__DisplayClass30_0`2.<<ExecuteAsync>b__0>d.MoveNext()
--- End of stack trace from previous location ---
   at Microsoft.EntityFrameworkCore.Storage.ExecutionStrategy.ExecuteImplementationAsync[TState,TResult](Func`4 operation, Func`4 verifySucceeded, TState state, CancellationToken cancellationToken)
   at Microsoft.EntityFrameworkCore.Storage.ExecutionStrategy.ExecuteImplementationAsync[TState,TResult](Func`4 operation, Func`4 verifySucceeded, TState state, CancellationToken cancellationToken)
   at Microsoft.EntityFrameworkCore.Storage.ExecutionStrategy.ExecuteAsync[TState,TResult](TState state, Func`4 operation, Func`4 verifySucceeded, CancellationToken cancellationToken)
   at Microsoft.EntityFrameworkCore.Query.Internal.SingleQueryingEnumerable`1.AsyncEnumerator.MoveNextAsync()
   at Microsoft.EntityFrameworkCore.EntityFrameworkQueryableExtensions.ToListAsync[TSource](IQueryable`1 source, CancellationToken cancellationToken)
   at Microsoft.EntityFrameworkCore.EntityFrameworkQueryableExtensions.ToListAsync[TSource](IQueryable`1 source, CancellationToken cancellationToken)
   at Water.Bill.API.Controllers.Mvc.ChallanManagementController.BuildBankOptionsAsync(String selected, CancellationToken ct) in C:\Users\Lekesh\Prince Yadav\Vedang Projects\Water Bill\VedangSoft.BPMS\Water.Bill\src\Water.Bill.API\Controllers\Mvc\ChallanManagementController.cs:line 969
   at Water.Bill.API.Controllers.Mvc.ChallanManagementController.PrepareCreateModelAsync(ChallanCreateViewModel model, ConsumerDetailsMaster consumer, CancellationToken ct) in C:\Users\Lekesh\Prince Yadav\Vedang Projects\Water Bill\VedangSoft.BPMS\Water.Bill\src\Water.Bill.API\Controllers\Mvc\ChallanManagementController.cs:line 715
   at Water.Bill.API.Controllers.Mvc.ChallanManagementController.Create(String consumerNo, String consumerName, String mobileNo, String sector, String block, String plotNo, String purpose, String billNo, CancellationToken ct) in C:\Users\Lekesh\Prince Yadav\Vedang Projects\Water Bill\VedangSoft.BPMS\Water.Bill\src\Water.Bill.API\Controllers\Mvc\ChallanManagementController.cs:line 112
   at Microsoft.AspNetCore.Mvc.Infrastructure.ActionMethodExecutor.TaskOfIActionResultExecutor.Execute(ActionContext actionContext, IActionResultTypeMapper mapper, ObjectMethodExecutor executor, Object controller, Object[] arguments)
   at Microsoft.AspNetCore.Mvc.Infrastructure.ControllerActionInvoker.<InvokeActionMethodAsync>g__Awaited|12_0(ControllerActionInvoker invoker, ValueTask`1 actionResultValueTask)
   at Microsoft.AspNetCore.Mvc.Infrastructure.ControllerActionInvoker.<InvokeNextActionFilterAsync>g__Awaited|10_0(ControllerActionInvoker invoker, Task lastTask, State next, Scope scope, Object state, Boolean isCompleted)
   at Microsoft.AspNetCore.Mvc.Infrastructure.ControllerActionInvoker.Rethrow(ActionExecutedContextSealed context)
   at Microsoft.AspNetCore.Mvc.Infrastructure.ControllerActionInvoker.Next(State& next, Scope& scope, Object& state, Boolean& isCompleted)
   at Microsoft.AspNetCore.Mvc.Infrastructure.ControllerActionInvoker.<InvokeInnerFilterAsync>g__Awaited|13_0(ControllerActionInvoker invoker, Task lastTask, State next, Scope scope, Object state, Boolean isCompleted)
   at Microsoft.AspNetCore.Mvc.Infrastructure.ResourceInvoker.<InvokeNextResourceFilter>g__Awaited|25_0(ResourceInvoker invoker, Task lastTask, State next, Scope scope, Object state, Boolean isCompleted)
   at Microsoft.AspNetCore.Mvc.Infrastructure.ResourceInvoker.Rethrow(ResourceExecutedContextSealed context)
   at Microsoft.AspNetCore.Mvc.Infrastructure.ResourceInvoker.Next(State& next, Scope& scope, Object& state, Boolean& isCompleted)
   at Microsoft.AspNetCore.Mvc.Infrastructure.ResourceInvoker.<InvokeFilterPipelineAsync>g__Awaited|20_0(ResourceInvoker invoker, Task lastTask, State next, Scope scope, Object state, Boolean isCompleted)
   at Microsoft.AspNetCore.Mvc.Infrastructure.ResourceInvoker.<InvokeAsync>g__Awaited|17_0(ResourceInvoker invoker, Task task, IDisposable scope)
   at Microsoft.AspNetCore.Mvc.Infrastructure.ResourceInvoker.<InvokeAsync>g__Awaited|17_0(ResourceInvoker invoker, Task task, IDisposable scope)
   at Microsoft.AspNetCore.Authorization.AuthorizationMiddleware.Invoke(HttpContext context)
   at Program.<>c.<<<Main>$>b__0_5>d.MoveNext() in C:\Users\Lekesh\Prince Yadav\Vedang Projects\Water Bill\VedangSoft.BPMS\Water.Bill\src\Water.Bill.API\Program.cs:line 103
--- End of stack trace from previous location ---
   at Microsoft.AspNetCore.Authentication.AuthenticationMiddleware.Invoke(HttpContext context)
   at Water.Bill.Infrastructure.Middleware.GlobalExceptionLoggingMiddleware.InvokeAsync(HttpContext context) in C:\Users\Lekesh\Prince Yadav\Vedang Projects\Water Bill\VedangSoft.BPMS\Water.Bill\src\Water.Bill.Infrastructure\Middleware\GlobalExceptionLoggingMiddleware.cs:line 37
ClientConnectionId:ef1a2a41-e6bd-4bc4-b0f0-a162635d0e1f
Error Number:207,State:1,Class:16
2026-06-16 01:49:45.323 +05:30 [ERR] Unhandled exception captured for /ChallanManagement. TraceId: 0HNMB3CON482J:00000019
System.Threading.Tasks.TaskCanceledException: A task was canceled.
   at Microsoft.EntityFrameworkCore.Query.Internal.BufferedDataReader.BufferedDataRecord.InitializeAsync(DbDataReader reader, IReadOnlyList`1 columns, CancellationToken cancellationToken)
   at Microsoft.EntityFrameworkCore.Query.Internal.BufferedDataReader.InitializeAsync(IReadOnlyList`1 columns, CancellationToken cancellationToken)
   at Microsoft.EntityFrameworkCore.Query.Internal.BufferedDataReader.InitializeAsync(IReadOnlyList`1 columns, CancellationToken cancellationToken)
   at Microsoft.EntityFrameworkCore.Storage.RelationalCommand.ExecuteReaderAsync(RelationalCommandParameterObject parameterObject, CancellationToken cancellationToken)
   at Microsoft.EntityFrameworkCore.Storage.RelationalCommand.ExecuteReaderAsync(RelationalCommandParameterObject parameterObject, CancellationToken cancellationToken)
   at Microsoft.EntityFrameworkCore.Query.Internal.SingleQueryingEnumerable`1.AsyncEnumerator.InitializeReaderAsync(AsyncEnumerator enumerator, CancellationToken cancellationToken)
   at Microsoft.EntityFrameworkCore.Storage.ExecutionStrategy.<>c__DisplayClass30_0`2.<<ExecuteAsync>b__0>d.MoveNext()
--- End of stack trace from previous location ---
   at Microsoft.EntityFrameworkCore.Storage.ExecutionStrategy.ExecuteImplementationAsync[TState,TResult](Func`4 operation, Func`4 verifySucceeded, TState state, CancellationToken cancellationToken)
   at Microsoft.EntityFrameworkCore.Storage.ExecutionStrategy.ExecuteImplementationAsync[TState,TResult](Func`4 operation, Func`4 verifySucceeded, TState state, CancellationToken cancellationToken)
   at Microsoft.EntityFrameworkCore.Storage.ExecutionStrategy.ExecuteAsync[TState,TResult](TState state, Func`4 operation, Func`4 verifySucceeded, CancellationToken cancellationToken)
   at Microsoft.EntityFrameworkCore.Query.Internal.SingleQueryingEnumerable`1.AsyncEnumerator.MoveNextAsync()
   at Microsoft.EntityFrameworkCore.Query.ShapedQueryCompilingExpressionVisitor.SingleAsync[TSource](IAsyncEnumerable`1 asyncEnumerable, CancellationToken cancellationToken)
   at Microsoft.EntityFrameworkCore.Query.ShapedQueryCompilingExpressionVisitor.SingleAsync[TSource](IAsyncEnumerable`1 asyncEnumerable, CancellationToken cancellationToken)
   at Water.Bill.API.Controllers.Mvc.ChallanManagementController.SearchChallansPagedAsync(ChallanManagementIndexViewModel model, Int32 page, Int32 pageSize, CancellationToken ct) in C:\Users\Lekesh\Prince Yadav\Vedang Projects\Water Bill\VedangSoft.BPMS\Water.Bill\src\Water.Bill.API\Controllers\Mvc\ChallanManagementController.cs:line 587
   at Water.Bill.API.Controllers.Mvc.ChallanManagementController.Index(String search, String consumerNo, String consumerName, String mobileNo, String sector, String block, String plotNo, String status, Nullable`1 fromDate, Nullable`1 toDate, Int32 page, Int32 pageSize, CancellationToken ct) in C:\Users\Lekesh\Prince Yadav\Vedang Projects\Water Bill\VedangSoft.BPMS\Water.Bill\src\Water.Bill.API\Controllers\Mvc\ChallanManagementController.cs:line 66
   at Microsoft.AspNetCore.Mvc.Infrastructure.ActionMethodExecutor.TaskOfIActionResultExecutor.Execute(ActionContext actionContext, IActionResultTypeMapper mapper, ObjectMethodExecutor executor, Object controller, Object[] arguments)
   at Microsoft.AspNetCore.Mvc.Infrastructure.ControllerActionInvoker.<InvokeActionMethodAsync>g__Awaited|12_0(ControllerActionInvoker invoker, ValueTask`1 actionResultValueTask)
   at Microsoft.AspNetCore.Mvc.Infrastructure.ControllerActionInvoker.<InvokeNextActionFilterAsync>g__Awaited|10_0(ControllerActionInvoker invoker, Task lastTask, State next, Scope scope, Object state, Boolean isCompleted)
   at Microsoft.AspNetCore.Mvc.Infrastructure.ControllerActionInvoker.Rethrow(ActionExecutedContextSealed context)
   at Microsoft.AspNetCore.Mvc.Infrastructure.ControllerActionInvoker.Next(State& next, Scope& scope, Object& state, Boolean& isCompleted)
   at Microsoft.AspNetCore.Mvc.Infrastructure.ControllerActionInvoker.<InvokeInnerFilterAsync>g__Awaited|13_0(ControllerActionInvoker invoker, Task lastTask, State next, Scope scope, Object state, Boolean isCompleted)
   at Microsoft.AspNetCore.Mvc.Infrastructure.ResourceInvoker.<InvokeNextResourceFilter>g__Awaited|25_0(ResourceInvoker invoker, Task lastTask, State next, Scope scope, Object state, Boolean isCompleted)
   at Microsoft.AspNetCore.Mvc.Infrastructure.ResourceInvoker.Rethrow(ResourceExecutedContextSealed context)
   at Microsoft.AspNetCore.Mvc.Infrastructure.ResourceInvoker.Next(State& next, Scope& scope, Object& state, Boolean& isCompleted)
   at Microsoft.AspNetCore.Mvc.Infrastructure.ResourceInvoker.<InvokeFilterPipelineAsync>g__Awaited|20_0(ResourceInvoker invoker, Task lastTask, State next, Scope scope, Object state, Boolean isCompleted)
   at Microsoft.AspNetCore.Mvc.Infrastructure.ResourceInvoker.<InvokeAsync>g__Awaited|17_0(ResourceInvoker invoker, Task task, IDisposable scope)
   at Microsoft.AspNetCore.Mvc.Infrastructure.ResourceInvoker.<InvokeAsync>g__Awaited|17_0(ResourceInvoker invoker, Task task, IDisposable scope)
   at Microsoft.AspNetCore.Authorization.AuthorizationMiddleware.Invoke(HttpContext context)
   at Program.<>c.<<<Main>$>b__0_5>d.MoveNext() in C:\Users\Lekesh\Prince Yadav\Vedang Projects\Water Bill\VedangSoft.BPMS\Water.Bill\src\Water.Bill.API\Program.cs:line 103
--- End of stack trace from previous location ---
   at Microsoft.AspNetCore.Authentication.AuthenticationMiddleware.Invoke(HttpContext context)
   at Water.Bill.Infrastructure.Middleware.GlobalExceptionLoggingMiddleware.InvokeAsync(HttpContext context) in C:\Users\Lekesh\Prince Yadav\Vedang Projects\Water Bill\VedangSoft.BPMS\Water.Bill\src\Water.Bill.Infrastructure\Middleware\GlobalExceptionLoggingMiddleware.cs:line 37
2026-06-16 01:52:33.679 +05:30 [INF] Now listening on: https://localhost:7183
2026-06-16 01:52:34.136 +05:30 [INF] Now listening on: http://localhost:5264
2026-06-16 01:52:34.853 +05:30 [INF] Application started. Press Ctrl+C to shut down.
2026-06-16 01:52:34.911 +05:30 [INF] Hosting environment: Development
2026-06-16 01:52:34.938 +05:30 [INF] Content root path: C:\Users\Lekesh\Prince Yadav\Vedang Projects\Water Bill\VedangSoft.BPMS\Water.Bill\src\Water.Bill.API
2026-06-16 01:52:43.671 +05:30 [WRN] The 'bool' property 'IsActive' on entity type 'CommunicationPurpose' is configured with a database-generated default, but has no configured sentinel value. The database-generated default will always be used for inserts when the property has the value 'False', since this is the CLR default for the 'bool' type. Consider using a nullable type, using a nullable backing field, or setting the sentinel value for the property to ensure the database default is used when, and only when, appropriate. See https://aka.ms/efcore-docs-default-values for more information.
2026-06-16 01:52:43.706 +05:30 [WRN] The 'bool' property 'IsSystem' on entity type 'CommunicationPurpose' is configured with a database-generated default, but has no configured sentinel value. The database-generated default will always be used for inserts when the property has the value 'False', since this is the CLR default for the 'bool' type. Consider using a nullable type, using a nullable backing field, or setting the sentinel value for the property to ensure the database default is used when, and only when, appropriate. See https://aka.ms/efcore-docs-default-values for more information.
2026-06-16 01:52:43.717 +05:30 [WRN] The 'bool' property 'IsActive' on entity type 'CommunicationTemplate' is configured with a database-generated default, but has no configured sentinel value. The database-generated default will always be used for inserts when the property has the value 'False', since this is the CLR default for the 'bool' type. Consider using a nullable type, using a nullable backing field, or setting the sentinel value for the property to ensure the database default is used when, and only when, appropriate. See https://aka.ms/efcore-docs-default-values for more information.
2026-06-16 01:52:43.719 +05:30 [WRN] The 'bool' property 'IsDefault' on entity type 'CommunicationTemplate' is configured with a database-generated default, but has no configured sentinel value. The database-generated default will always be used for inserts when the property has the value 'False', since this is the CLR default for the 'bool' type. Consider using a nullable type, using a nullable backing field, or setting the sentinel value for the property to ensure the database default is used when, and only when, appropriate. See https://aka.ms/efcore-docs-default-values for more information.
2026-06-16 01:52:43.722 +05:30 [WRN] The 'bool' property 'IsDeleted' on entity type 'CommunicationTemplate' is configured with a database-generated default, but has no configured sentinel value. The database-generated default will always be used for inserts when the property has the value 'False', since this is the CLR default for the 'bool' type. Consider using a nullable type, using a nullable backing field, or setting the sentinel value for the property to ensure the database default is used when, and only when, appropriate. See https://aka.ms/efcore-docs-default-values for more information.
2026-06-16 01:52:43.730 +05:30 [WRN] The 'bool' property 'IsActive' on entity type 'ConsumerOtpVerification' is configured with a database-generated default, but has no configured sentinel value. The database-generated default will always be used for inserts when the property has the value 'False', since this is the CLR default for the 'bool' type. Consider using a nullable type, using a nullable backing field, or setting the sentinel value for the property to ensure the database default is used when, and only when, appropriate. See https://aka.ms/efcore-docs-default-values for more information.
2026-06-16 01:52:43.736 +05:30 [WRN] The 'bool' property 'IsDeleted' on entity type 'ConsumerOtpVerification' is configured with a database-generated default, but has no configured sentinel value. The database-generated default will always be used for inserts when the property has the value 'False', since this is the CLR default for the 'bool' type. Consider using a nullable type, using a nullable backing field, or setting the sentinel value for the property to ensure the database default is used when, and only when, appropriate. See https://aka.ms/efcore-docs-default-values for more information.
2026-06-16 01:52:43.749 +05:30 [WRN] The 'bool' property 'IsDeleted' on entity type 'InAppNotification' is configured with a database-generated default, but has no configured sentinel value. The database-generated default will always be used for inserts when the property has the value 'False', since this is the CLR default for the 'bool' type. Consider using a nullable type, using a nullable backing field, or setting the sentinel value for the property to ensure the database default is used when, and only when, appropriate. See https://aka.ms/efcore-docs-default-values for more information.
2026-06-16 01:52:43.755 +05:30 [WRN] The 'bool' property 'IsRead' on entity type 'InAppNotification' is configured with a database-generated default, but has no configured sentinel value. The database-generated default will always be used for inserts when the property has the value 'False', since this is the CLR default for the 'bool' type. Consider using a nullable type, using a nullable backing field, or setting the sentinel value for the property to ensure the database default is used when, and only when, appropriate. See https://aka.ms/efcore-docs-default-values for more information.
2026-06-16 01:52:43.763 +05:30 [WRN] The 'bool' property 'ShowInSidebar' on entity type 'Menuitem' is configured with a database-generated default, but has no configured sentinel value. The database-generated default will always be used for inserts when the property has the value 'False', since this is the CLR default for the 'bool' type. Consider using a nullable type, using a nullable backing field, or setting the sentinel value for the property to ensure the database default is used when, and only when, appropriate. See https://aka.ms/efcore-docs-default-values for more information.
2026-06-16 01:52:43.768 +05:30 [WRN] The 'bool' property 'IsActive' on entity type 'PermissionModule' is configured with a database-generated default, but has no configured sentinel value. The database-generated default will always be used for inserts when the property has the value 'False', since this is the CLR default for the 'bool' type. Consider using a nullable type, using a nullable backing field, or setting the sentinel value for the property to ensure the database default is used when, and only when, appropriate. See https://aka.ms/efcore-docs-default-values for more information.
2026-06-16 01:52:43.773 +05:30 [WRN] The 'bool' property 'IsDeleted' on entity type 'PermissionModule' is configured with a database-generated default, but has no configured sentinel value. The database-generated default will always be used for inserts when the property has the value 'False', since this is the CLR default for the 'bool' type. Consider using a nullable type, using a nullable backing field, or setting the sentinel value for the property to ensure the database default is used when, and only when, appropriate. See https://aka.ms/efcore-docs-default-values for more information.
2026-06-16 01:53:26.961 +05:30 [WRN] The query uses a row limiting operator ('Skip'/'Take') without an 'OrderBy' operator. This may lead to unpredictable results. If the 'Distinct' operator is used after 'OrderBy', then make sure to use the 'OrderBy' operator after 'Distinct' as the ordering would otherwise get erased.
2026-06-16 01:53:27.079 +05:30 [ERR] Failed executing DbCommand (22ms) [Parameters=[@__p_0='?' (DbType = Int32)], CommandType='"Text"', CommandTimeout='30']
SELECT TOP(@__p_0) [b].[Id], [b].[bankName] AS [BankName], [b].[branchName] AS [BranchName], [b].[Bank_BranchCode] AS [BankBranchCode], [b].[Prefix]
FROM [bank_master] AS [b]
WHERE ([b].[status] IS NULL OR [b].[status] = 1) AND ([b].[IsActive] IS NULL OR [b].[IsActive] = 1.0E0 OR [b].[IsActive1] = 1.0E0)
2026-06-16 01:53:27.245 +05:30 [ERR] An exception occurred while iterating over the results of a query for context type 'Water.Bill.Infrastructure.Data.ApplicationDbContext'.
Microsoft.Data.SqlClient.SqlException (0x80131904): Invalid column name 'Id'.
   at System.Threading.Tasks.ContinuationResultTaskFromResultTask`2.InnerInvoke()
   at System.Threading.ExecutionContext.RunInternal(ExecutionContext executionContext, ContextCallback callback, Object state)
--- End of stack trace from previous location ---
   at System.Threading.ExecutionContext.RunInternal(ExecutionContext executionContext, ContextCallback callback, Object state)
   at System.Threading.Tasks.Task.ExecuteWithThreadLocal(Task& currentTaskSlot, Thread threadPoolThread)
--- End of stack trace from previous location ---
   at Microsoft.EntityFrameworkCore.Storage.RelationalCommand.ExecuteReaderAsync(RelationalCommandParameterObject parameterObject, CancellationToken cancellationToken)
   at Microsoft.EntityFrameworkCore.Storage.RelationalCommand.ExecuteReaderAsync(RelationalCommandParameterObject parameterObject, CancellationToken cancellationToken)
   at Microsoft.EntityFrameworkCore.Query.Internal.SingleQueryingEnumerable`1.AsyncEnumerator.InitializeReaderAsync(AsyncEnumerator enumerator, CancellationToken cancellationToken)
   at Microsoft.EntityFrameworkCore.Storage.ExecutionStrategy.<>c__DisplayClass30_0`2.<<ExecuteAsync>b__0>d.MoveNext()
--- End of stack trace from previous location ---
   at Microsoft.EntityFrameworkCore.Storage.ExecutionStrategy.ExecuteImplementationAsync[TState,TResult](Func`4 operation, Func`4 verifySucceeded, TState state, CancellationToken cancellationToken)
   at Microsoft.EntityFrameworkCore.Storage.ExecutionStrategy.ExecuteImplementationAsync[TState,TResult](Func`4 operation, Func`4 verifySucceeded, TState state, CancellationToken cancellationToken)
   at Microsoft.EntityFrameworkCore.Storage.ExecutionStrategy.ExecuteAsync[TState,TResult](TState state, Func`4 operation, Func`4 verifySucceeded, CancellationToken cancellationToken)
   at Microsoft.EntityFrameworkCore.Query.Internal.SingleQueryingEnumerable`1.AsyncEnumerator.MoveNextAsync()
ClientConnectionId:632bfbe6-1830-4ff3-af49-0c383cb3293f
Error Number:207,State:1,Class:16
Microsoft.Data.SqlClient.SqlException (0x80131904): Invalid column name 'Id'.
   at System.Threading.Tasks.ContinuationResultTaskFromResultTask`2.InnerInvoke()
   at System.Threading.ExecutionContext.RunInternal(ExecutionContext executionContext, ContextCallback callback, Object state)
--- End of stack trace from previous location ---
   at System.Threading.ExecutionContext.RunInternal(ExecutionContext executionContext, ContextCallback callback, Object state)
   at System.Threading.Tasks.Task.ExecuteWithThreadLocal(Task& currentTaskSlot, Thread threadPoolThread)
--- End of stack trace from previous location ---
   at Microsoft.EntityFrameworkCore.Storage.RelationalCommand.ExecuteReaderAsync(RelationalCommandParameterObject parameterObject, CancellationToken cancellationToken)
   at Microsoft.EntityFrameworkCore.Storage.RelationalCommand.ExecuteReaderAsync(RelationalCommandParameterObject parameterObject, CancellationToken cancellationToken)
   at Microsoft.EntityFrameworkCore.Query.Internal.SingleQueryingEnumerable`1.AsyncEnumerator.InitializeReaderAsync(AsyncEnumerator enumerator, CancellationToken cancellationToken)
   at Microsoft.EntityFrameworkCore.Storage.ExecutionStrategy.<>c__DisplayClass30_0`2.<<ExecuteAsync>b__0>d.MoveNext()
--- End of stack trace from previous location ---
   at Microsoft.EntityFrameworkCore.Storage.ExecutionStrategy.ExecuteImplementationAsync[TState,TResult](Func`4 operation, Func`4 verifySucceeded, TState state, CancellationToken cancellationToken)
   at Microsoft.EntityFrameworkCore.Storage.ExecutionStrategy.ExecuteImplementationAsync[TState,TResult](Func`4 operation, Func`4 verifySucceeded, TState state, CancellationToken cancellationToken)
   at Microsoft.EntityFrameworkCore.Storage.ExecutionStrategy.ExecuteAsync[TState,TResult](TState state, Func`4 operation, Func`4 verifySucceeded, CancellationToken cancellationToken)
   at Microsoft.EntityFrameworkCore.Query.Internal.SingleQueryingEnumerable`1.AsyncEnumerator.MoveNextAsync()
ClientConnectionId:632bfbe6-1830-4ff3-af49-0c383cb3293f
Error Number:207,State:1,Class:16
2026-06-16 01:53:56.941 +05:30 [ERR] Failed executing DbCommand (380ms) [Parameters=[@__p_0='?' (DbType = Int32)], CommandType='"Text"', CommandTimeout='30']
SELECT TOP(@__p_0) [b].[Id], [b].[bankName] AS [BankName], [b].[branchName] AS [BranchName], [b].[Bank_BranchCode] AS [BankBranchCode], [b].[Prefix]
FROM [bank_master] AS [b]
WHERE ([b].[status] IS NULL OR [b].[status] = 1) AND ([b].[IsActive] IS NULL OR [b].[IsActive] = 1.0E0 OR [b].[IsActive1] = 1.0E0)
2026-06-16 01:53:59.593 +05:30 [ERR] An exception occurred while iterating over the results of a query for context type 'Water.Bill.Infrastructure.Data.ApplicationDbContext'.
Microsoft.Data.SqlClient.SqlException (0x80131904): Invalid column name 'Id'.
   at System.Threading.Tasks.ContinuationResultTaskFromResultTask`2.InnerInvoke()
   at System.Threading.ExecutionContext.RunInternal(ExecutionContext executionContext, ContextCallback callback, Object state)
--- End of stack trace from previous location ---
   at System.Threading.ExecutionContext.RunInternal(ExecutionContext executionContext, ContextCallback callback, Object state)
   at System.Threading.Tasks.Task.ExecuteWithThreadLocal(Task& currentTaskSlot, Thread threadPoolThread)
--- End of stack trace from previous location ---
   at Microsoft.EntityFrameworkCore.Storage.RelationalCommand.ExecuteReaderAsync(RelationalCommandParameterObject parameterObject, CancellationToken cancellationToken)
   at Microsoft.EntityFrameworkCore.Storage.RelationalCommand.ExecuteReaderAsync(RelationalCommandParameterObject parameterObject, CancellationToken cancellationToken)
   at Microsoft.EntityFrameworkCore.Query.Internal.SingleQueryingEnumerable`1.AsyncEnumerator.InitializeReaderAsync(AsyncEnumerator enumerator, CancellationToken cancellationToken)
   at Microsoft.EntityFrameworkCore.Storage.ExecutionStrategy.<>c__DisplayClass30_0`2.<<ExecuteAsync>b__0>d.MoveNext()
--- End of stack trace from previous location ---
   at Microsoft.EntityFrameworkCore.Storage.ExecutionStrategy.ExecuteImplementationAsync[TState,TResult](Func`4 operation, Func`4 verifySucceeded, TState state, CancellationToken cancellationToken)
   at Microsoft.EntityFrameworkCore.Storage.ExecutionStrategy.ExecuteImplementationAsync[TState,TResult](Func`4 operation, Func`4 verifySucceeded, TState state, CancellationToken cancellationToken)
   at Microsoft.EntityFrameworkCore.Storage.ExecutionStrategy.ExecuteAsync[TState,TResult](TState state, Func`4 operation, Func`4 verifySucceeded, CancellationToken cancellationToken)
   at Microsoft.EntityFrameworkCore.Query.Internal.SingleQueryingEnumerable`1.AsyncEnumerator.MoveNextAsync()
ClientConnectionId:632bfbe6-1830-4ff3-af49-0c383cb3293f
Error Number:207,State:1,Class:16
Microsoft.Data.SqlClient.SqlException (0x80131904): Invalid column name 'Id'.
   at System.Threading.Tasks.ContinuationResultTaskFromResultTask`2.InnerInvoke()
   at System.Threading.ExecutionContext.RunInternal(ExecutionContext executionContext, ContextCallback callback, Object state)
--- End of stack trace from previous location ---
   at System.Threading.ExecutionContext.RunInternal(ExecutionContext executionContext, ContextCallback callback, Object state)
   at System.Threading.Tasks.Task.ExecuteWithThreadLocal(Task& currentTaskSlot, Thread threadPoolThread)
--- End of stack trace from previous location ---
   at Microsoft.EntityFrameworkCore.Storage.RelationalCommand.ExecuteReaderAsync(RelationalCommandParameterObject parameterObject, CancellationToken cancellationToken)
   at Microsoft.EntityFrameworkCore.Storage.RelationalCommand.ExecuteReaderAsync(RelationalCommandParameterObject parameterObject, CancellationToken cancellationToken)
   at Microsoft.EntityFrameworkCore.Query.Internal.SingleQueryingEnumerable`1.AsyncEnumerator.InitializeReaderAsync(AsyncEnumerator enumerator, CancellationToken cancellationToken)
   at Microsoft.EntityFrameworkCore.Storage.ExecutionStrategy.<>c__DisplayClass30_0`2.<<ExecuteAsync>b__0>d.MoveNext()
--- End of stack trace from previous location ---
   at Microsoft.EntityFrameworkCore.Storage.ExecutionStrategy.ExecuteImplementationAsync[TState,TResult](Func`4 operation, Func`4 verifySucceeded, TState state, CancellationToken cancellationToken)
   at Microsoft.EntityFrameworkCore.Storage.ExecutionStrategy.ExecuteImplementationAsync[TState,TResult](Func`4 operation, Func`4 verifySucceeded, TState state, CancellationToken cancellationToken)
   at Microsoft.EntityFrameworkCore.Storage.ExecutionStrategy.ExecuteAsync[TState,TResult](TState state, Func`4 operation, Func`4 verifySucceeded, CancellationToken cancellationToken)
   at Microsoft.EntityFrameworkCore.Query.Internal.SingleQueryingEnumerable`1.AsyncEnumerator.MoveNextAsync()
ClientConnectionId:632bfbe6-1830-4ff3-af49-0c383cb3293f
Error Number:207,State:1,Class:16
2026-06-16 01:54:14.849 +05:30 [ERR] Failed executing DbCommand (9ms) [Parameters=[@__p_0='?' (DbType = Int32)], CommandType='"Text"', CommandTimeout='30']
SELECT TOP(@__p_0) [b].[Id], [b].[bankName] AS [BankName], [b].[branchName] AS [BranchName], [b].[Bank_BranchCode] AS [BankBranchCode], [b].[Prefix]
FROM [bank_master] AS [b]
WHERE ([b].[status] IS NULL OR [b].[status] = 1) AND ([b].[IsActive] IS NULL OR [b].[IsActive] = 1.0E0 OR [b].[IsActive1] = 1.0E0)
2026-06-16 01:54:14.914 +05:30 [ERR] An exception occurred while iterating over the results of a query for context type 'Water.Bill.Infrastructure.Data.ApplicationDbContext'.
Microsoft.Data.SqlClient.SqlException (0x80131904): Invalid column name 'Id'.
   at System.Threading.Tasks.ContinuationResultTaskFromResultTask`2.InnerInvoke()
   at System.Threading.ExecutionContext.RunInternal(ExecutionContext executionContext, ContextCallback callback, Object state)
--- End of stack trace from previous location ---
   at System.Threading.ExecutionContext.RunInternal(ExecutionContext executionContext, ContextCallback callback, Object state)
   at System.Threading.Tasks.Task.ExecuteWithThreadLocal(Task& currentTaskSlot, Thread threadPoolThread)
--- End of stack trace from previous location ---
   at Microsoft.EntityFrameworkCore.Storage.RelationalCommand.ExecuteReaderAsync(RelationalCommandParameterObject parameterObject, CancellationToken cancellationToken)
   at Microsoft.EntityFrameworkCore.Storage.RelationalCommand.ExecuteReaderAsync(RelationalCommandParameterObject parameterObject, CancellationToken cancellationToken)
   at Microsoft.EntityFrameworkCore.Query.Internal.SingleQueryingEnumerable`1.AsyncEnumerator.InitializeReaderAsync(AsyncEnumerator enumerator, CancellationToken cancellationToken)
   at Microsoft.EntityFrameworkCore.Storage.ExecutionStrategy.<>c__DisplayClass30_0`2.<<ExecuteAsync>b__0>d.MoveNext()
--- End of stack trace from previous location ---
   at Microsoft.EntityFrameworkCore.Storage.ExecutionStrategy.ExecuteImplementationAsync[TState,TResult](Func`4 operation, Func`4 verifySucceeded, TState state, CancellationToken cancellationToken)
   at Microsoft.EntityFrameworkCore.Storage.ExecutionStrategy.ExecuteImplementationAsync[TState,TResult](Func`4 operation, Func`4 verifySucceeded, TState state, CancellationToken cancellationToken)
   at Microsoft.EntityFrameworkCore.Storage.ExecutionStrategy.ExecuteAsync[TState,TResult](TState state, Func`4 operation, Func`4 verifySucceeded, CancellationToken cancellationToken)
   at Microsoft.EntityFrameworkCore.Query.Internal.SingleQueryingEnumerable`1.AsyncEnumerator.MoveNextAsync()
ClientConnectionId:632bfbe6-1830-4ff3-af49-0c383cb3293f
Error Number:207,State:1,Class:16
Microsoft.Data.SqlClient.SqlException (0x80131904): Invalid column name 'Id'.
   at System.Threading.Tasks.ContinuationResultTaskFromResultTask`2.InnerInvoke()
   at System.Threading.ExecutionContext.RunInternal(ExecutionContext executionContext, ContextCallback callback, Object state)
--- End of stack trace from previous location ---
   at System.Threading.ExecutionContext.RunInternal(ExecutionContext executionContext, ContextCallback callback, Object state)
   at System.Threading.Tasks.Task.ExecuteWithThreadLocal(Task& currentTaskSlot, Thread threadPoolThread)
--- End of stack trace from previous location ---
   at Microsoft.EntityFrameworkCore.Storage.RelationalCommand.ExecuteReaderAsync(RelationalCommandParameterObject parameterObject, CancellationToken cancellationToken)
   at Microsoft.EntityFrameworkCore.Storage.RelationalCommand.ExecuteReaderAsync(RelationalCommandParameterObject parameterObject, CancellationToken cancellationToken)
   at Microsoft.EntityFrameworkCore.Query.Internal.SingleQueryingEnumerable`1.AsyncEnumerator.InitializeReaderAsync(AsyncEnumerator enumerator, CancellationToken cancellationToken)
   at Microsoft.EntityFrameworkCore.Storage.ExecutionStrategy.<>c__DisplayClass30_0`2.<<ExecuteAsync>b__0>d.MoveNext()
--- End of stack trace from previous location ---
   at Microsoft.EntityFrameworkCore.Storage.ExecutionStrategy.ExecuteImplementationAsync[TState,TResult](Func`4 operation, Func`4 verifySucceeded, TState state, CancellationToken cancellationToken)
   at Microsoft.EntityFrameworkCore.Storage.ExecutionStrategy.ExecuteImplementationAsync[TState,TResult](Func`4 operation, Func`4 verifySucceeded, TState state, CancellationToken cancellationToken)
   at Microsoft.EntityFrameworkCore.Storage.ExecutionStrategy.ExecuteAsync[TState,TResult](TState state, Func`4 operation, Func`4 verifySucceeded, CancellationToken cancellationToken)
   at Microsoft.EntityFrameworkCore.Query.Internal.SingleQueryingEnumerable`1.AsyncEnumerator.MoveNextAsync()
ClientConnectionId:632bfbe6-1830-4ff3-af49-0c383cb3293f
Error Number:207,State:1,Class:16
2026-06-16 01:54:38.494 +05:30 [ERR] Failed executing DbCommand (13ms) [Parameters=[@__bankCode_0='?' (Size = 255)], CommandType='"Text"', CommandTimeout='30']
SELECT TOP(1) [b].[Id], [b].[accountNumber], [b].[Bank_BranchCode], [b].[bankId], [b].[bankId1], [b].[bankName], [b].[BankType], [b].[branchId], [b].[BranchLedgerId], [b].[branchName], [b].[BranchType], [b].[CreatedBy], [b].[CreatedBy1], [b].[CreatedOn], [b].[CreatedOn1], [b].[FixedAccountNumber], [b].[IFSCcode], [b].[IsActive], [b].[IsActive1], [b].[IS_APP_ONLINE], [b].[Is_NGT], [b].[Is_NGT1], [b].[Is_Offline], [b].[Is_Online], [b].[ModifiedBy], [b].[ModifiedBy1], [b].[ModifiedOn], [b].[ModifiedOn1], [b].[OfflineChallanText], [b].[OnlineChallanText], [b].[Prefix], [b].[status]
FROM [bank_master] AS [b]
WHERE [b].[Bank_BranchCode] = @__bankCode_0 OR [b].[Prefix] = @__bankCode_0
2026-06-16 01:54:38.523 +05:30 [ERR] An exception occurred while iterating over the results of a query for context type 'Water.Bill.Infrastructure.Data.ApplicationDbContext'.
Microsoft.Data.SqlClient.SqlException (0x80131904): Invalid column name 'Id'.
   at System.Threading.Tasks.ContinuationResultTaskFromResultTask`2.InnerInvoke()
   at System.Threading.ExecutionContext.RunInternal(ExecutionContext executionContext, ContextCallback callback, Object state)
--- End of stack trace from previous location ---
   at System.Threading.ExecutionContext.RunInternal(ExecutionContext executionContext, ContextCallback callback, Object state)
   at System.Threading.Tasks.Task.ExecuteWithThreadLocal(Task& currentTaskSlot, Thread threadPoolThread)
--- End of stack trace from previous location ---
   at Microsoft.EntityFrameworkCore.Storage.RelationalCommand.ExecuteReaderAsync(RelationalCommandParameterObject parameterObject, CancellationToken cancellationToken)
   at Microsoft.EntityFrameworkCore.Storage.RelationalCommand.ExecuteReaderAsync(RelationalCommandParameterObject parameterObject, CancellationToken cancellationToken)
   at Microsoft.EntityFrameworkCore.Query.Internal.SingleQueryingEnumerable`1.AsyncEnumerator.InitializeReaderAsync(AsyncEnumerator enumerator, CancellationToken cancellationToken)
   at Microsoft.EntityFrameworkCore.Storage.ExecutionStrategy.<>c__DisplayClass30_0`2.<<ExecuteAsync>b__0>d.MoveNext()
--- End of stack trace from previous location ---
   at Microsoft.EntityFrameworkCore.Storage.ExecutionStrategy.ExecuteImplementationAsync[TState,TResult](Func`4 operation, Func`4 verifySucceeded, TState state, CancellationToken cancellationToken)
   at Microsoft.EntityFrameworkCore.Storage.ExecutionStrategy.ExecuteImplementationAsync[TState,TResult](Func`4 operation, Func`4 verifySucceeded, TState state, CancellationToken cancellationToken)
   at Microsoft.EntityFrameworkCore.Storage.ExecutionStrategy.ExecuteAsync[TState,TResult](TState state, Func`4 operation, Func`4 verifySucceeded, CancellationToken cancellationToken)
   at Microsoft.EntityFrameworkCore.Query.Internal.SingleQueryingEnumerable`1.AsyncEnumerator.MoveNextAsync()
ClientConnectionId:632bfbe6-1830-4ff3-af49-0c383cb3293f
Error Number:207,State:1,Class:16
Microsoft.Data.SqlClient.SqlException (0x80131904): Invalid column name 'Id'.
   at System.Threading.Tasks.ContinuationResultTaskFromResultTask`2.InnerInvoke()
   at System.Threading.ExecutionContext.RunInternal(ExecutionContext executionContext, ContextCallback callback, Object state)
--- End of stack trace from previous location ---
   at System.Threading.ExecutionContext.RunInternal(ExecutionContext executionContext, ContextCallback callback, Object state)
   at System.Threading.Tasks.Task.ExecuteWithThreadLocal(Task& currentTaskSlot, Thread threadPoolThread)
--- End of stack trace from previous location ---
   at Microsoft.EntityFrameworkCore.Storage.RelationalCommand.ExecuteReaderAsync(RelationalCommandParameterObject parameterObject, CancellationToken cancellationToken)
   at Microsoft.EntityFrameworkCore.Storage.RelationalCommand.ExecuteReaderAsync(RelationalCommandParameterObject parameterObject, CancellationToken cancellationToken)
   at Microsoft.EntityFrameworkCore.Query.Internal.SingleQueryingEnumerable`1.AsyncEnumerator.InitializeReaderAsync(AsyncEnumerator enumerator, CancellationToken cancellationToken)
   at Microsoft.EntityFrameworkCore.Storage.ExecutionStrategy.<>c__DisplayClass30_0`2.<<ExecuteAsync>b__0>d.MoveNext()
--- End of stack trace from previous location ---
   at Microsoft.EntityFrameworkCore.Storage.ExecutionStrategy.ExecuteImplementationAsync[TState,TResult](Func`4 operation, Func`4 verifySucceeded, TState state, CancellationToken cancellationToken)
   at Microsoft.EntityFrameworkCore.Storage.ExecutionStrategy.ExecuteImplementationAsync[TState,TResult](Func`4 operation, Func`4 verifySucceeded, TState state, CancellationToken cancellationToken)
   at Microsoft.EntityFrameworkCore.Storage.ExecutionStrategy.ExecuteAsync[TState,TResult](TState state, Func`4 operation, Func`4 verifySucceeded, CancellationToken cancellationToken)
   at Microsoft.EntityFrameworkCore.Query.Internal.SingleQueryingEnumerable`1.AsyncEnumerator.MoveNextAsync()
ClientConnectionId:632bfbe6-1830-4ff3-af49-0c383cb3293f
Error Number:207,State:1,Class:16
2026-06-16 01:54:39.752 +05:30 [ERR] Unhandled exception captured for /ChallanManagement/Create. TraceId: 0HNMB3FAMGSQA:00000035
Microsoft.Data.SqlClient.SqlException (0x80131904): Invalid column name 'Id'.
   at System.Threading.Tasks.ContinuationResultTaskFromResultTask`2.InnerInvoke()
   at System.Threading.ExecutionContext.RunInternal(ExecutionContext executionContext, ContextCallback callback, Object state)
--- End of stack trace from previous location ---
   at System.Threading.ExecutionContext.RunInternal(ExecutionContext executionContext, ContextCallback callback, Object state)
   at System.Threading.Tasks.Task.ExecuteWithThreadLocal(Task& currentTaskSlot, Thread threadPoolThread)
--- End of stack trace from previous location ---
   at Microsoft.EntityFrameworkCore.Storage.RelationalCommand.ExecuteReaderAsync(RelationalCommandParameterObject parameterObject, CancellationToken cancellationToken)
   at Microsoft.EntityFrameworkCore.Storage.RelationalCommand.ExecuteReaderAsync(RelationalCommandParameterObject parameterObject, CancellationToken cancellationToken)
   at Microsoft.EntityFrameworkCore.Query.Internal.SingleQueryingEnumerable`1.AsyncEnumerator.InitializeReaderAsync(AsyncEnumerator enumerator, CancellationToken cancellationToken)
   at Microsoft.EntityFrameworkCore.Storage.ExecutionStrategy.<>c__DisplayClass30_0`2.<<ExecuteAsync>b__0>d.MoveNext()
--- End of stack trace from previous location ---
   at Microsoft.EntityFrameworkCore.Storage.ExecutionStrategy.ExecuteImplementationAsync[TState,TResult](Func`4 operation, Func`4 verifySucceeded, TState state, CancellationToken cancellationToken)
   at Microsoft.EntityFrameworkCore.Storage.ExecutionStrategy.ExecuteImplementationAsync[TState,TResult](Func`4 operation, Func`4 verifySucceeded, TState state, CancellationToken cancellationToken)
   at Microsoft.EntityFrameworkCore.Storage.ExecutionStrategy.ExecuteAsync[TState,TResult](TState state, Func`4 operation, Func`4 verifySucceeded, CancellationToken cancellationToken)
   at Microsoft.EntityFrameworkCore.Query.Internal.SingleQueryingEnumerable`1.AsyncEnumerator.MoveNextAsync()
   at Microsoft.EntityFrameworkCore.Query.ShapedQueryCompilingExpressionVisitor.SingleOrDefaultAsync[TSource](IAsyncEnumerable`1 asyncEnumerable, CancellationToken cancellationToken)
   at Microsoft.EntityFrameworkCore.Query.ShapedQueryCompilingExpressionVisitor.SingleOrDefaultAsync[TSource](IAsyncEnumerable`1 asyncEnumerable, CancellationToken cancellationToken)
   at Water.Bill.API.Controllers.Mvc.ChallanManagementController.FindBankAsync(String bankCode, CancellationToken ct) in C:\Users\Lekesh\Prince Yadav\Vedang Projects\Water Bill\VedangSoft.BPMS\Water.Bill\src\Water.Bill.API\Controllers\Mvc\ChallanManagementController.cs:line 1058
   at Water.Bill.API.Controllers.Mvc.ChallanManagementController.Create(ChallanCreateViewModel model, CancellationToken ct) in C:\Users\Lekesh\Prince Yadav\Vedang Projects\Water Bill\VedangSoft.BPMS\Water.Bill\src\Water.Bill.API\Controllers\Mvc\ChallanManagementController.cs:line 192
   at Microsoft.AspNetCore.Mvc.Infrastructure.ActionMethodExecutor.TaskOfIActionResultExecutor.Execute(ActionContext actionContext, IActionResultTypeMapper mapper, ObjectMethodExecutor executor, Object controller, Object[] arguments)
   at Microsoft.AspNetCore.Mvc.Infrastructure.ControllerActionInvoker.<InvokeActionMethodAsync>g__Awaited|12_0(ControllerActionInvoker invoker, ValueTask`1 actionResultValueTask)
   at Microsoft.AspNetCore.Mvc.Infrastructure.ControllerActionInvoker.<InvokeNextActionFilterAsync>g__Awaited|10_0(ControllerActionInvoker invoker, Task lastTask, State next, Scope scope, Object state, Boolean isCompleted)
   at Microsoft.AspNetCore.Mvc.Infrastructure.ControllerActionInvoker.Rethrow(ActionExecutedContextSealed context)
   at Microsoft.AspNetCore.Mvc.Infrastructure.ControllerActionInvoker.Next(State& next, Scope& scope, Object& state, Boolean& isCompleted)
   at Microsoft.AspNetCore.Mvc.Infrastructure.ControllerActionInvoker.<InvokeInnerFilterAsync>g__Awaited|13_0(ControllerActionInvoker invoker, Task lastTask, State next, Scope scope, Object state, Boolean isCompleted)
   at Microsoft.AspNetCore.Mvc.Infrastructure.ResourceInvoker.<InvokeNextResourceFilter>g__Awaited|25_0(ResourceInvoker invoker, Task lastTask, State next, Scope scope, Object state, Boolean isCompleted)
   at Microsoft.AspNetCore.Mvc.Infrastructure.ResourceInvoker.Rethrow(ResourceExecutedContextSealed context)
   at Microsoft.AspNetCore.Mvc.Infrastructure.ResourceInvoker.Next(State& next, Scope& scope, Object& state, Boolean& isCompleted)
   at Microsoft.AspNetCore.Mvc.Infrastructure.ResourceInvoker.<InvokeFilterPipelineAsync>g__Awaited|20_0(ResourceInvoker invoker, Task lastTask, State next, Scope scope, Object state, Boolean isCompleted)
   at Microsoft.AspNetCore.Mvc.Infrastructure.ResourceInvoker.<InvokeAsync>g__Awaited|17_0(ResourceInvoker invoker, Task task, IDisposable scope)
   at Microsoft.AspNetCore.Mvc.Infrastructure.ResourceInvoker.<InvokeAsync>g__Awaited|17_0(ResourceInvoker invoker, Task task, IDisposable scope)
   at Microsoft.AspNetCore.Authorization.AuthorizationMiddleware.Invoke(HttpContext context)
   at Program.<>c.<<<Main>$>b__0_5>d.MoveNext() in C:\Users\Lekesh\Prince Yadav\Vedang Projects\Water Bill\VedangSoft.BPMS\Water.Bill\src\Water.Bill.API\Program.cs:line 103
--- End of stack trace from previous location ---
   at Microsoft.AspNetCore.Authentication.AuthenticationMiddleware.Invoke(HttpContext context)
   at Water.Bill.Infrastructure.Middleware.GlobalExceptionLoggingMiddleware.InvokeAsync(HttpContext context) in C:\Users\Lekesh\Prince Yadav\Vedang Projects\Water Bill\VedangSoft.BPMS\Water.Bill\src\Water.Bill.Infrastructure\Middleware\GlobalExceptionLoggingMiddleware.cs:line 37
ClientConnectionId:632bfbe6-1830-4ff3-af49-0c383cb3293f
Error Number:207,State:1,Class:16
2026-06-16 02:01:53.404 +05:30 [INF] Now listening on: https://localhost:7183
2026-06-16 02:01:53.516 +05:30 [INF] Now listening on: http://localhost:5264
2026-06-16 02:01:53.952 +05:30 [INF] Application started. Press Ctrl+C to shut down.
2026-06-16 02:01:54.284 +05:30 [INF] Hosting environment: Development
2026-06-16 02:01:54.298 +05:30 [INF] Content root path: C:\Users\Lekesh\Prince Yadav\Vedang Projects\Water Bill\VedangSoft.BPMS\Water.Bill\src\Water.Bill.API
2026-06-16 02:02:08.017 +05:30 [WRN] The 'bool' property 'IsActive' on entity type 'CommunicationPurpose' is configured with a database-generated default, but has no configured sentinel value. The database-generated default will always be used for inserts when the property has the value 'False', since this is the CLR default for the 'bool' type. Consider using a nullable type, using a nullable backing field, or setting the sentinel value for the property to ensure the database default is used when, and only when, appropriate. See https://aka.ms/efcore-docs-default-values for more information.
2026-06-16 02:02:08.026 +05:30 [WRN] The 'bool' property 'IsSystem' on entity type 'CommunicationPurpose' is configured with a database-generated default, but has no configured sentinel value. The database-generated default will always be used for inserts when the property has the value 'False', since this is the CLR default for the 'bool' type. Consider using a nullable type, using a nullable backing field, or setting the sentinel value for the property to ensure the database default is used when, and only when, appropriate. See https://aka.ms/efcore-docs-default-values for more information.
2026-06-16 02:02:08.032 +05:30 [WRN] The 'bool' property 'IsActive' on entity type 'CommunicationTemplate' is configured with a database-generated default, but has no configured sentinel value. The database-generated default will always be used for inserts when the property has the value 'False', since this is the CLR default for the 'bool' type. Consider using a nullable type, using a nullable backing field, or setting the sentinel value for the property to ensure the database default is used when, and only when, appropriate. See https://aka.ms/efcore-docs-default-values for more information.
2026-06-16 02:02:08.037 +05:30 [WRN] The 'bool' property 'IsDefault' on entity type 'CommunicationTemplate' is configured with a database-generated default, but has no configured sentinel value. The database-generated default will always be used for inserts when the property has the value 'False', since this is the CLR default for the 'bool' type. Consider using a nullable type, using a nullable backing field, or setting the sentinel value for the property to ensure the database default is used when, and only when, appropriate. See https://aka.ms/efcore-docs-default-values for more information.
2026-06-16 02:02:08.070 +05:30 [WRN] The 'bool' property 'IsDeleted' on entity type 'CommunicationTemplate' is configured with a database-generated default, but has no configured sentinel value. The database-generated default will always be used for inserts when the property has the value 'False', since this is the CLR default for the 'bool' type. Consider using a nullable type, using a nullable backing field, or setting the sentinel value for the property to ensure the database default is used when, and only when, appropriate. See https://aka.ms/efcore-docs-default-values for more information.
2026-06-16 02:02:08.086 +05:30 [WRN] The 'bool' property 'IsActive' on entity type 'ConsumerOtpVerification' is configured with a database-generated default, but has no configured sentinel value. The database-generated default will always be used for inserts when the property has the value 'False', since this is the CLR default for the 'bool' type. Consider using a nullable type, using a nullable backing field, or setting the sentinel value for the property to ensure the database default is used when, and only when, appropriate. See https://aka.ms/efcore-docs-default-values for more information.
2026-06-16 02:02:08.097 +05:30 [WRN] The 'bool' property 'IsDeleted' on entity type 'ConsumerOtpVerification' is configured with a database-generated default, but has no configured sentinel value. The database-generated default will always be used for inserts when the property has the value 'False', since this is the CLR default for the 'bool' type. Consider using a nullable type, using a nullable backing field, or setting the sentinel value for the property to ensure the database default is used when, and only when, appropriate. See https://aka.ms/efcore-docs-default-values for more information.
2026-06-16 02:02:08.116 +05:30 [WRN] The 'bool' property 'IsDeleted' on entity type 'InAppNotification' is configured with a database-generated default, but has no configured sentinel value. The database-generated default will always be used for inserts when the property has the value 'False', since this is the CLR default for the 'bool' type. Consider using a nullable type, using a nullable backing field, or setting the sentinel value for the property to ensure the database default is used when, and only when, appropriate. See https://aka.ms/efcore-docs-default-values for more information.
2026-06-16 02:02:08.178 +05:30 [WRN] The 'bool' property 'IsRead' on entity type 'InAppNotification' is configured with a database-generated default, but has no configured sentinel value. The database-generated default will always be used for inserts when the property has the value 'False', since this is the CLR default for the 'bool' type. Consider using a nullable type, using a nullable backing field, or setting the sentinel value for the property to ensure the database default is used when, and only when, appropriate. See https://aka.ms/efcore-docs-default-values for more information.
2026-06-16 02:02:08.191 +05:30 [WRN] The 'bool' property 'ShowInSidebar' on entity type 'Menuitem' is configured with a database-generated default, but has no configured sentinel value. The database-generated default will always be used for inserts when the property has the value 'False', since this is the CLR default for the 'bool' type. Consider using a nullable type, using a nullable backing field, or setting the sentinel value for the property to ensure the database default is used when, and only when, appropriate. See https://aka.ms/efcore-docs-default-values for more information.
2026-06-16 02:02:08.203 +05:30 [WRN] The 'bool' property 'IsActive' on entity type 'PermissionModule' is configured with a database-generated default, but has no configured sentinel value. The database-generated default will always be used for inserts when the property has the value 'False', since this is the CLR default for the 'bool' type. Consider using a nullable type, using a nullable backing field, or setting the sentinel value for the property to ensure the database default is used when, and only when, appropriate. See https://aka.ms/efcore-docs-default-values for more information.
2026-06-16 02:02:08.212 +05:30 [WRN] The 'bool' property 'IsDeleted' on entity type 'PermissionModule' is configured with a database-generated default, but has no configured sentinel value. The database-generated default will always be used for inserts when the property has the value 'False', since this is the CLR default for the 'bool' type. Consider using a nullable type, using a nullable backing field, or setting the sentinel value for the property to ensure the database default is used when, and only when, appropriate. See https://aka.ms/efcore-docs-default-values for more information.
2026-06-16 02:03:19.638 +05:30 [WRN] The query uses a row limiting operator ('Skip'/'Take') without an 'OrderBy' operator. This may lead to unpredictable results. If the 'Distinct' operator is used after 'OrderBy', then make sure to use the 'OrderBy' operator after 'Distinct' as the ordering would otherwise get erased.
2026-06-16 02:04:00.051 +05:30 [ERR] An exception occurred in the database while saving changes for context type 'Water.Bill.Infrastructure.Data.ApplicationDbContext'.
Microsoft.EntityFrameworkCore.DbUpdateException: An error occurred while saving the entity changes. See the inner exception for details.
 ---> Microsoft.Data.SqlClient.SqlException (0x80131904): String or binary data would be truncated.
   at Microsoft.Data.SqlClient.SqlConnection.OnError(SqlException exception, Boolean breakConnection, Action`1 wrapCloseInAction)
   at Microsoft.Data.SqlClient.SqlInternalConnection.OnError(SqlException exception, Boolean breakConnection, Action`1 wrapCloseInAction)
   at Microsoft.Data.SqlClient.TdsParser.ThrowExceptionAndWarning(TdsParserStateObject stateObj, Boolean callerHasConnectionLock, Boolean asyncClose)
   at Microsoft.Data.SqlClient.TdsParser.TryRun(RunBehavior runBehavior, SqlCommand cmdHandler, SqlDataReader dataStream, BulkCopySimpleResultSet bulkCopyHandler, TdsParserStateObject stateObj, Boolean& dataReady)
   at Microsoft.Data.SqlClient.SqlDataReader.TryHasMoreRows(Boolean& moreRows)
   at Microsoft.Data.SqlClient.SqlDataReader.TryReadInternal(Boolean setTimeout, Boolean& more)
   at Microsoft.Data.SqlClient.SqlDataReader.ReadAsyncExecute(Task task, Object state)
   at Microsoft.Data.SqlClient.SqlDataReader.InvokeAsyncCall[T](SqlDataReaderBaseAsyncCallContext`1 context)
--- End of stack trace from previous location ---
   at Microsoft.EntityFrameworkCore.Update.AffectedCountModificationCommandBatch.ConsumeResultSetAsync(Int32 startCommandIndex, RelationalDataReader reader, CancellationToken cancellationToken)
ClientConnectionId:5609c438-e92c-4b66-b9a6-39e9b33d367c
Error Number:8152,State:30,Class:16
   --- End of inner exception stack trace ---
   at Microsoft.EntityFrameworkCore.Update.AffectedCountModificationCommandBatch.ConsumeResultSetAsync(Int32 startCommandIndex, RelationalDataReader reader, CancellationToken cancellationToken)
   at Microsoft.EntityFrameworkCore.Update.AffectedCountModificationCommandBatch.ConsumeAsync(RelationalDataReader reader, CancellationToken cancellationToken)
   at Microsoft.EntityFrameworkCore.Update.ReaderModificationCommandBatch.ExecuteAsync(IRelationalConnection connection, CancellationToken cancellationToken)
   at Microsoft.EntityFrameworkCore.Update.ReaderModificationCommandBatch.ExecuteAsync(IRelationalConnection connection, CancellationToken cancellationToken)
   at Microsoft.EntityFrameworkCore.SqlServer.Update.Internal.SqlServerModificationCommandBatch.ExecuteAsync(IRelationalConnection connection, CancellationToken cancellationToken)
   at Microsoft.EntityFrameworkCore.Update.Internal.BatchExecutor.ExecuteAsync(IEnumerable`1 commandBatches, IRelationalConnection connection, CancellationToken cancellationToken)
   at Microsoft.EntityFrameworkCore.Update.Internal.BatchExecutor.ExecuteAsync(IEnumerable`1 commandBatches, IRelationalConnection connection, CancellationToken cancellationToken)
   at Microsoft.EntityFrameworkCore.Update.Internal.BatchExecutor.ExecuteAsync(IEnumerable`1 commandBatches, IRelationalConnection connection, CancellationToken cancellationToken)
   at Microsoft.EntityFrameworkCore.ChangeTracking.Internal.StateManager.SaveChangesAsync(IList`1 entriesToSave, CancellationToken cancellationToken)
   at Microsoft.EntityFrameworkCore.ChangeTracking.Internal.StateManager.SaveChangesAsync(StateManager stateManager, Boolean acceptAllChangesOnSuccess, CancellationToken cancellationToken)
   at Microsoft.EntityFrameworkCore.Storage.ExecutionStrategy.<>c__DisplayClass30_0`2.<<ExecuteAsync>b__0>d.MoveNext()
--- End of stack trace from previous location ---
   at Microsoft.EntityFrameworkCore.Storage.ExecutionStrategy.ExecuteImplementationAsync[TState,TResult](Func`4 operation, Func`4 verifySucceeded, TState state, CancellationToken cancellationToken)
   at Microsoft.EntityFrameworkCore.Storage.ExecutionStrategy.ExecuteImplementationAsync[TState,TResult](Func`4 operation, Func`4 verifySucceeded, TState state, CancellationToken cancellationToken)
   at Microsoft.EntityFrameworkCore.Storage.ExecutionStrategy.ExecuteAsync[TState,TResult](TState state, Func`4 operation, Func`4 verifySucceeded, CancellationToken cancellationToken)
   at Microsoft.EntityFrameworkCore.DbContext.SaveChangesAsync(Boolean acceptAllChangesOnSuccess, CancellationToken cancellationToken)
Microsoft.EntityFrameworkCore.DbUpdateException: An error occurred while saving the entity changes. See the inner exception for details.
 ---> Microsoft.Data.SqlClient.SqlException (0x80131904): String or binary data would be truncated.
   at Microsoft.Data.SqlClient.SqlConnection.OnError(SqlException exception, Boolean breakConnection, Action`1 wrapCloseInAction)
   at Microsoft.Data.SqlClient.SqlInternalConnection.OnError(SqlException exception, Boolean breakConnection, Action`1 wrapCloseInAction)
   at Microsoft.Data.SqlClient.TdsParser.ThrowExceptionAndWarning(TdsParserStateObject stateObj, Boolean callerHasConnectionLock, Boolean asyncClose)
   at Microsoft.Data.SqlClient.TdsParser.TryRun(RunBehavior runBehavior, SqlCommand cmdHandler, SqlDataReader dataStream, BulkCopySimpleResultSet bulkCopyHandler, TdsParserStateObject stateObj, Boolean& dataReady)
   at Microsoft.Data.SqlClient.SqlDataReader.TryHasMoreRows(Boolean& moreRows)
   at Microsoft.Data.SqlClient.SqlDataReader.TryReadInternal(Boolean setTimeout, Boolean& more)
   at Microsoft.Data.SqlClient.SqlDataReader.ReadAsyncExecute(Task task, Object state)
   at Microsoft.Data.SqlClient.SqlDataReader.InvokeAsyncCall[T](SqlDataReaderBaseAsyncCallContext`1 context)
--- End of stack trace from previous location ---
   at Microsoft.EntityFrameworkCore.Update.AffectedCountModificationCommandBatch.ConsumeResultSetAsync(Int32 startCommandIndex, RelationalDataReader reader, CancellationToken cancellationToken)
ClientConnectionId:5609c438-e92c-4b66-b9a6-39e9b33d367c
Error Number:8152,State:30,Class:16
   --- End of inner exception stack trace ---
   at Microsoft.EntityFrameworkCore.Update.AffectedCountModificationCommandBatch.ConsumeResultSetAsync(Int32 startCommandIndex, RelationalDataReader reader, CancellationToken cancellationToken)
   at Microsoft.EntityFrameworkCore.Update.AffectedCountModificationCommandBatch.ConsumeAsync(RelationalDataReader reader, CancellationToken cancellationToken)
   at Microsoft.EntityFrameworkCore.Update.ReaderModificationCommandBatch.ExecuteAsync(IRelationalConnection connection, CancellationToken cancellationToken)
   at Microsoft.EntityFrameworkCore.Update.ReaderModificationCommandBatch.ExecuteAsync(IRelationalConnection connection, CancellationToken cancellationToken)
   at Microsoft.EntityFrameworkCore.SqlServer.Update.Internal.SqlServerModificationCommandBatch.ExecuteAsync(IRelationalConnection connection, CancellationToken cancellationToken)
   at Microsoft.EntityFrameworkCore.Update.Internal.BatchExecutor.ExecuteAsync(IEnumerable`1 commandBatches, IRelationalConnection connection, CancellationToken cancellationToken)
   at Microsoft.EntityFrameworkCore.Update.Internal.BatchExecutor.ExecuteAsync(IEnumerable`1 commandBatches, IRelationalConnection connection, CancellationToken cancellationToken)
   at Microsoft.EntityFrameworkCore.Update.Internal.BatchExecutor.ExecuteAsync(IEnumerable`1 commandBatches, IRelationalConnection connection, CancellationToken cancellationToken)
   at Microsoft.EntityFrameworkCore.ChangeTracking.Internal.StateManager.SaveChangesAsync(IList`1 entriesToSave, CancellationToken cancellationToken)
   at Microsoft.EntityFrameworkCore.ChangeTracking.Internal.StateManager.SaveChangesAsync(StateManager stateManager, Boolean acceptAllChangesOnSuccess, CancellationToken cancellationToken)
   at Microsoft.EntityFrameworkCore.Storage.ExecutionStrategy.<>c__DisplayClass30_0`2.<<ExecuteAsync>b__0>d.MoveNext()
--- End of stack trace from previous location ---
   at Microsoft.EntityFrameworkCore.Storage.ExecutionStrategy.ExecuteImplementationAsync[TState,TResult](Func`4 operation, Func`4 verifySucceeded, TState state, CancellationToken cancellationToken)
   at Microsoft.EntityFrameworkCore.Storage.ExecutionStrategy.ExecuteImplementationAsync[TState,TResult](Func`4 operation, Func`4 verifySucceeded, TState state, CancellationToken cancellationToken)
   at Microsoft.EntityFrameworkCore.Storage.ExecutionStrategy.ExecuteAsync[TState,TResult](TState state, Func`4 operation, Func`4 verifySucceeded, CancellationToken cancellationToken)
   at Microsoft.EntityFrameworkCore.DbContext.SaveChangesAsync(Boolean acceptAllChangesOnSuccess, CancellationToken cancellationToken)
2026-06-16 02:04:02.264 +05:30 [ERR] Unhandled exception captured for /ChallanManagement/Create. TraceId: 0HNMB3KHF0C7B:00000033
Microsoft.EntityFrameworkCore.DbUpdateException: An error occurred while saving the entity changes. See the inner exception for details.
 ---> Microsoft.Data.SqlClient.SqlException (0x80131904): String or binary data would be truncated.
   at Microsoft.Data.SqlClient.SqlConnection.OnError(SqlException exception, Boolean breakConnection, Action`1 wrapCloseInAction)
   at Microsoft.Data.SqlClient.SqlInternalConnection.OnError(SqlException exception, Boolean breakConnection, Action`1 wrapCloseInAction)
   at Microsoft.Data.SqlClient.TdsParser.ThrowExceptionAndWarning(TdsParserStateObject stateObj, Boolean callerHasConnectionLock, Boolean asyncClose)
   at Microsoft.Data.SqlClient.TdsParser.TryRun(RunBehavior runBehavior, SqlCommand cmdHandler, SqlDataReader dataStream, BulkCopySimpleResultSet bulkCopyHandler, TdsParserStateObject stateObj, Boolean& dataReady)
   at Microsoft.Data.SqlClient.SqlDataReader.TryHasMoreRows(Boolean& moreRows)
   at Microsoft.Data.SqlClient.SqlDataReader.TryReadInternal(Boolean setTimeout, Boolean& more)
   at Microsoft.Data.SqlClient.SqlDataReader.ReadAsyncExecute(Task task, Object state)
   at Microsoft.Data.SqlClient.SqlDataReader.InvokeAsyncCall[T](SqlDataReaderBaseAsyncCallContext`1 context)
--- End of stack trace from previous location ---
   at Microsoft.EntityFrameworkCore.Update.AffectedCountModificationCommandBatch.ConsumeResultSetAsync(Int32 startCommandIndex, RelationalDataReader reader, CancellationToken cancellationToken)
ClientConnectionId:5609c438-e92c-4b66-b9a6-39e9b33d367c
Error Number:8152,State:30,Class:16
   --- End of inner exception stack trace ---
   at Microsoft.EntityFrameworkCore.Update.AffectedCountModificationCommandBatch.ConsumeResultSetAsync(Int32 startCommandIndex, RelationalDataReader reader, CancellationToken cancellationToken)
   at Microsoft.EntityFrameworkCore.Update.AffectedCountModificationCommandBatch.ConsumeAsync(RelationalDataReader reader, CancellationToken cancellationToken)
   at Microsoft.EntityFrameworkCore.Update.ReaderModificationCommandBatch.ExecuteAsync(IRelationalConnection connection, CancellationToken cancellationToken)
   at Microsoft.EntityFrameworkCore.Update.ReaderModificationCommandBatch.ExecuteAsync(IRelationalConnection connection, CancellationToken cancellationToken)
   at Microsoft.EntityFrameworkCore.SqlServer.Update.Internal.SqlServerModificationCommandBatch.ExecuteAsync(IRelationalConnection connection, CancellationToken cancellationToken)
   at Microsoft.EntityFrameworkCore.Update.Internal.BatchExecutor.ExecuteAsync(IEnumerable`1 commandBatches, IRelationalConnection connection, CancellationToken cancellationToken)
   at Microsoft.EntityFrameworkCore.Update.Internal.BatchExecutor.ExecuteAsync(IEnumerable`1 commandBatches, IRelationalConnection connection, CancellationToken cancellationToken)
   at Microsoft.EntityFrameworkCore.Update.Internal.BatchExecutor.ExecuteAsync(IEnumerable`1 commandBatches, IRelationalConnection connection, CancellationToken cancellationToken)
   at Microsoft.EntityFrameworkCore.ChangeTracking.Internal.StateManager.SaveChangesAsync(IList`1 entriesToSave, CancellationToken cancellationToken)
   at Microsoft.EntityFrameworkCore.ChangeTracking.Internal.StateManager.SaveChangesAsync(StateManager stateManager, Boolean acceptAllChangesOnSuccess, CancellationToken cancellationToken)
   at Microsoft.EntityFrameworkCore.Storage.ExecutionStrategy.<>c__DisplayClass30_0`2.<<ExecuteAsync>b__0>d.MoveNext()
--- End of stack trace from previous location ---
   at Microsoft.EntityFrameworkCore.Storage.ExecutionStrategy.ExecuteImplementationAsync[TState,TResult](Func`4 operation, Func`4 verifySucceeded, TState state, CancellationToken cancellationToken)
   at Microsoft.EntityFrameworkCore.Storage.ExecutionStrategy.ExecuteImplementationAsync[TState,TResult](Func`4 operation, Func`4 verifySucceeded, TState state, CancellationToken cancellationToken)
   at Microsoft.EntityFrameworkCore.Storage.ExecutionStrategy.ExecuteAsync[TState,TResult](TState state, Func`4 operation, Func`4 verifySucceeded, CancellationToken cancellationToken)
   at Microsoft.EntityFrameworkCore.DbContext.SaveChangesAsync(Boolean acceptAllChangesOnSuccess, CancellationToken cancellationToken)
   at Microsoft.EntityFrameworkCore.DbContext.SaveChangesAsync(Boolean acceptAllChangesOnSuccess, CancellationToken cancellationToken)
   at Water.Bill.API.Controllers.Mvc.ChallanManagementController.Create(ChallanCreateViewModel model, CancellationToken ct) in C:\Users\Lekesh\Prince Yadav\Vedang Projects\Water Bill\VedangSoft.BPMS\Water.Bill\src\Water.Bill.API\Controllers\Mvc\ChallanManagementController.cs:line 245
   at Microsoft.AspNetCore.Mvc.Infrastructure.ActionMethodExecutor.TaskOfIActionResultExecutor.Execute(ActionContext actionContext, IActionResultTypeMapper mapper, ObjectMethodExecutor executor, Object controller, Object[] arguments)
   at Microsoft.AspNetCore.Mvc.Infrastructure.ControllerActionInvoker.<InvokeActionMethodAsync>g__Awaited|12_0(ControllerActionInvoker invoker, ValueTask`1 actionResultValueTask)
   at Microsoft.AspNetCore.Mvc.Infrastructure.ControllerActionInvoker.<InvokeNextActionFilterAsync>g__Awaited|10_0(ControllerActionInvoker invoker, Task lastTask, State next, Scope scope, Object state, Boolean isCompleted)
   at Microsoft.AspNetCore.Mvc.Infrastructure.ControllerActionInvoker.Rethrow(ActionExecutedContextSealed context)
   at Microsoft.AspNetCore.Mvc.Infrastructure.ControllerActionInvoker.Next(State& next, Scope& scope, Object& state, Boolean& isCompleted)
   at Microsoft.AspNetCore.Mvc.Infrastructure.ControllerActionInvoker.<InvokeInnerFilterAsync>g__Awaited|13_0(ControllerActionInvoker invoker, Task lastTask, State next, Scope scope, Object state, Boolean isCompleted)
   at Microsoft.AspNetCore.Mvc.Infrastructure.ResourceInvoker.<InvokeNextResourceFilter>g__Awaited|25_0(ResourceInvoker invoker, Task lastTask, State next, Scope scope, Object state, Boolean isCompleted)
   at Microsoft.AspNetCore.Mvc.Infrastructure.ResourceInvoker.Rethrow(ResourceExecutedContextSealed context)
   at Microsoft.AspNetCore.Mvc.Infrastructure.ResourceInvoker.Next(State& next, Scope& scope, Object& state, Boolean& isCompleted)
   at Microsoft.AspNetCore.Mvc.Infrastructure.ResourceInvoker.<InvokeFilterPipelineAsync>g__Awaited|20_0(ResourceInvoker invoker, Task lastTask, State next, Scope scope, Object state, Boolean isCompleted)
   at Microsoft.AspNetCore.Mvc.Infrastructure.ResourceInvoker.<InvokeAsync>g__Awaited|17_0(ResourceInvoker invoker, Task task, IDisposable scope)
   at Microsoft.AspNetCore.Mvc.Infrastructure.ResourceInvoker.<InvokeAsync>g__Awaited|17_0(ResourceInvoker invoker, Task task, IDisposable scope)
   at Microsoft.AspNetCore.Authorization.AuthorizationMiddleware.Invoke(HttpContext context)
   at Program.<>c.<<<Main>$>b__0_5>d.MoveNext() in C:\Users\Lekesh\Prince Yadav\Vedang Projects\Water Bill\VedangSoft.BPMS\Water.Bill\src\Water.Bill.API\Program.cs:line 103
--- End of stack trace from previous location ---
   at Microsoft.AspNetCore.Authentication.AuthenticationMiddleware.Invoke(HttpContext context)
   at Water.Bill.Infrastructure.Middleware.GlobalExceptionLoggingMiddleware.InvokeAsync(HttpContext context) in C:\Users\Lekesh\Prince Yadav\Vedang Projects\Water Bill\VedangSoft.BPMS\Water.Bill\src\Water.Bill.Infrastructure\Middleware\GlobalExceptionLoggingMiddleware.cs:line 37
2026-06-16 02:05:48.281 +05:30 [WRN] The query uses a row limiting operator ('Skip'/'Take') without an 'OrderBy' operator. This may lead to unpredictable results. If the 'Distinct' operator is used after 'OrderBy', then make sure to use the 'OrderBy' operator after 'Distinct' as the ordering would otherwise get erased.
2026-06-16 02:05:49.875 +05:30 [WRN] The query uses a row limiting operator ('Skip'/'Take') without an 'OrderBy' operator. This may lead to unpredictable results. If the 'Distinct' operator is used after 'OrderBy', then make sure to use the 'OrderBy' operator after 'Distinct' as the ordering would otherwise get erased.
2026-06-16 02:12:38.505 +05:30 [INF] Now listening on: https://localhost:7183
2026-06-16 02:12:38.702 +05:30 [INF] Now listening on: http://localhost:5264
2026-06-16 02:12:39.001 +05:30 [INF] Application started. Press Ctrl+C to shut down.
2026-06-16 02:12:39.002 +05:30 [INF] Hosting environment: Development
2026-06-16 02:12:39.003 +05:30 [INF] Content root path: C:\Users\Lekesh\Prince Yadav\Vedang Projects\Water Bill\VedangSoft.BPMS\Water.Bill\src\Water.Bill.API
2026-06-16 02:12:53.677 +05:30 [WRN] The 'bool' property 'IsActive' on entity type 'CommunicationPurpose' is configured with a database-generated default, but has no configured sentinel value. The database-generated default will always be used for inserts when the property has the value 'False', since this is the CLR default for the 'bool' type. Consider using a nullable type, using a nullable backing field, or setting the sentinel value for the property to ensure the database default is used when, and only when, appropriate. See https://aka.ms/efcore-docs-default-values for more information.
2026-06-16 02:12:53.693 +05:30 [WRN] The 'bool' property 'IsSystem' on entity type 'CommunicationPurpose' is configured with a database-generated default, but has no configured sentinel value. The database-generated default will always be used for inserts when the property has the value 'False', since this is the CLR default for the 'bool' type. Consider using a nullable type, using a nullable backing field, or setting the sentinel value for the property to ensure the database default is used when, and only when, appropriate. See https://aka.ms/efcore-docs-default-values for more information.
2026-06-16 02:12:53.719 +05:30 [WRN] The 'bool' property 'IsActive' on entity type 'CommunicationTemplate' is configured with a database-generated default, but has no configured sentinel value. The database-generated default will always be used for inserts when the property has the value 'False', since this is the CLR default for the 'bool' type. Consider using a nullable type, using a nullable backing field, or setting the sentinel value for the property to ensure the database default is used when, and only when, appropriate. See https://aka.ms/efcore-docs-default-values for more information.
2026-06-16 02:12:53.722 +05:30 [WRN] The 'bool' property 'IsDefault' on entity type 'CommunicationTemplate' is configured with a database-generated default, but has no configured sentinel value. The database-generated default will always be used for inserts when the property has the value 'False', since this is the CLR default for the 'bool' type. Consider using a nullable type, using a nullable backing field, or setting the sentinel value for the property to ensure the database default is used when, and only when, appropriate. See https://aka.ms/efcore-docs-default-values for more information.
2026-06-16 02:12:53.725 +05:30 [WRN] The 'bool' property 'IsDeleted' on entity type 'CommunicationTemplate' is configured with a database-generated default, but has no configured sentinel value. The database-generated default will always be used for inserts when the property has the value 'False', since this is the CLR default for the 'bool' type. Consider using a nullable type, using a nullable backing field, or setting the sentinel value for the property to ensure the database default is used when, and only when, appropriate. See https://aka.ms/efcore-docs-default-values for more information.
2026-06-16 02:12:53.733 +05:30 [WRN] The 'bool' property 'IsActive' on entity type 'ConsumerOtpVerification' is configured with a database-generated default, but has no configured sentinel value. The database-generated default will always be used for inserts when the property has the value 'False', since this is the CLR default for the 'bool' type. Consider using a nullable type, using a nullable backing field, or setting the sentinel value for the property to ensure the database default is used when, and only when, appropriate. See https://aka.ms/efcore-docs-default-values for more information.
2026-06-16 02:12:53.739 +05:30 [WRN] The 'bool' property 'IsDeleted' on entity type 'ConsumerOtpVerification' is configured with a database-generated default, but has no configured sentinel value. The database-generated default will always be used for inserts when the property has the value 'False', since this is the CLR default for the 'bool' type. Consider using a nullable type, using a nullable backing field, or setting the sentinel value for the property to ensure the database default is used when, and only when, appropriate. See https://aka.ms/efcore-docs-default-values for more information.
2026-06-16 02:12:53.752 +05:30 [WRN] The 'bool' property 'IsDeleted' on entity type 'InAppNotification' is configured with a database-generated default, but has no configured sentinel value. The database-generated default will always be used for inserts when the property has the value 'False', since this is the CLR default for the 'bool' type. Consider using a nullable type, using a nullable backing field, or setting the sentinel value for the property to ensure the database default is used when, and only when, appropriate. See https://aka.ms/efcore-docs-default-values for more information.
2026-06-16 02:12:53.759 +05:30 [WRN] The 'bool' property 'IsRead' on entity type 'InAppNotification' is configured with a database-generated default, but has no configured sentinel value. The database-generated default will always be used for inserts when the property has the value 'False', since this is the CLR default for the 'bool' type. Consider using a nullable type, using a nullable backing field, or setting the sentinel value for the property to ensure the database default is used when, and only when, appropriate. See https://aka.ms/efcore-docs-default-values for more information.
2026-06-16 02:12:53.769 +05:30 [WRN] The 'bool' property 'ShowInSidebar' on entity type 'Menuitem' is configured with a database-generated default, but has no configured sentinel value. The database-generated default will always be used for inserts when the property has the value 'False', since this is the CLR default for the 'bool' type. Consider using a nullable type, using a nullable backing field, or setting the sentinel value for the property to ensure the database default is used when, and only when, appropriate. See https://aka.ms/efcore-docs-default-values for more information.
2026-06-16 02:12:53.775 +05:30 [WRN] The 'bool' property 'IsActive' on entity type 'PermissionModule' is configured with a database-generated default, but has no configured sentinel value. The database-generated default will always be used for inserts when the property has the value 'False', since this is the CLR default for the 'bool' type. Consider using a nullable type, using a nullable backing field, or setting the sentinel value for the property to ensure the database default is used when, and only when, appropriate. See https://aka.ms/efcore-docs-default-values for more information.
2026-06-16 02:12:53.784 +05:30 [WRN] The 'bool' property 'IsDeleted' on entity type 'PermissionModule' is configured with a database-generated default, but has no configured sentinel value. The database-generated default will always be used for inserts when the property has the value 'False', since this is the CLR default for the 'bool' type. Consider using a nullable type, using a nullable backing field, or setting the sentinel value for the property to ensure the database default is used when, and only when, appropriate. See https://aka.ms/efcore-docs-default-values for more information.
2026-06-16 02:13:55.492 +05:30 [WRN] The query uses a row limiting operator ('Skip'/'Take') without an 'OrderBy' operator. This may lead to unpredictable results. If the 'Distinct' operator is used after 'OrderBy', then make sure to use the 'OrderBy' operator after 'Distinct' as the ordering would otherwise get erased.
2026-06-16 02:22:25.628 +05:30 [INF] Now listening on: https://localhost:7183
2026-06-16 02:22:25.739 +05:30 [INF] Now listening on: http://localhost:5264
2026-06-16 02:22:26.166 +05:30 [INF] Application started. Press Ctrl+C to shut down.
2026-06-16 02:22:26.706 +05:30 [INF] Hosting environment: Development
2026-06-16 02:22:29.431 +05:30 [INF] Content root path: C:\Users\Lekesh\Prince Yadav\Vedang Projects\Water Bill\VedangSoft.BPMS\Water.Bill\src\Water.Bill.API
2026-06-16 02:22:40.800 +05:30 [WRN] The 'bool' property 'IsActive' on entity type 'CommunicationPurpose' is configured with a database-generated default, but has no configured sentinel value. The database-generated default will always be used for inserts when the property has the value 'False', since this is the CLR default for the 'bool' type. Consider using a nullable type, using a nullable backing field, or setting the sentinel value for the property to ensure the database default is used when, and only when, appropriate. See https://aka.ms/efcore-docs-default-values for more information.
2026-06-16 02:22:40.809 +05:30 [WRN] The 'bool' property 'IsSystem' on entity type 'CommunicationPurpose' is configured with a database-generated default, but has no configured sentinel value. The database-generated default will always be used for inserts when the property has the value 'False', since this is the CLR default for the 'bool' type. Consider using a nullable type, using a nullable backing field, or setting the sentinel value for the property to ensure the database default is used when, and only when, appropriate. See https://aka.ms/efcore-docs-default-values for more information.
2026-06-16 02:22:40.814 +05:30 [WRN] The 'bool' property 'IsActive' on entity type 'CommunicationTemplate' is configured with a database-generated default, but has no configured sentinel value. The database-generated default will always be used for inserts when the property has the value 'False', since this is the CLR default for the 'bool' type. Consider using a nullable type, using a nullable backing field, or setting the sentinel value for the property to ensure the database default is used when, and only when, appropriate. See https://aka.ms/efcore-docs-default-values for more information.
2026-06-16 02:22:40.819 +05:30 [WRN] The 'bool' property 'IsDefault' on entity type 'CommunicationTemplate' is configured with a database-generated default, but has no configured sentinel value. The database-generated default will always be used for inserts when the property has the value 'False', since this is the CLR default for the 'bool' type. Consider using a nullable type, using a nullable backing field, or setting the sentinel value for the property to ensure the database default is used when, and only when, appropriate. See https://aka.ms/efcore-docs-default-values for more information.
2026-06-16 02:22:40.826 +05:30 [WRN] The 'bool' property 'IsDeleted' on entity type 'CommunicationTemplate' is configured with a database-generated default, but has no configured sentinel value. The database-generated default will always be used for inserts when the property has the value 'False', since this is the CLR default for the 'bool' type. Consider using a nullable type, using a nullable backing field, or setting the sentinel value for the property to ensure the database default is used when, and only when, appropriate. See https://aka.ms/efcore-docs-default-values for more information.
2026-06-16 02:22:40.833 +05:30 [WRN] The 'bool' property 'IsActive' on entity type 'ConsumerOtpVerification' is configured with a database-generated default, but has no configured sentinel value. The database-generated default will always be used for inserts when the property has the value 'False', since this is the CLR default for the 'bool' type. Consider using a nullable type, using a nullable backing field, or setting the sentinel value for the property to ensure the database default is used when, and only when, appropriate. See https://aka.ms/efcore-docs-default-values for more information.
2026-06-16 02:22:40.890 +05:30 [WRN] The 'bool' property 'IsDeleted' on entity type 'ConsumerOtpVerification' is configured with a database-generated default, but has no configured sentinel value. The database-generated default will always be used for inserts when the property has the value 'False', since this is the CLR default for the 'bool' type. Consider using a nullable type, using a nullable backing field, or setting the sentinel value for the property to ensure the database default is used when, and only when, appropriate. See https://aka.ms/efcore-docs-default-values for more information.
2026-06-16 02:22:40.991 +05:30 [WRN] The 'bool' property 'IsDeleted' on entity type 'InAppNotification' is configured with a database-generated default, but has no configured sentinel value. The database-generated default will always be used for inserts when the property has the value 'False', since this is the CLR default for the 'bool' type. Consider using a nullable type, using a nullable backing field, or setting the sentinel value for the property to ensure the database default is used when, and only when, appropriate. See https://aka.ms/efcore-docs-default-values for more information.
2026-06-16 02:22:41.045 +05:30 [WRN] The 'bool' property 'IsRead' on entity type 'InAppNotification' is configured with a database-generated default, but has no configured sentinel value. The database-generated default will always be used for inserts when the property has the value 'False', since this is the CLR default for the 'bool' type. Consider using a nullable type, using a nullable backing field, or setting the sentinel value for the property to ensure the database default is used when, and only when, appropriate. See https://aka.ms/efcore-docs-default-values for more information.
2026-06-16 02:22:41.063 +05:30 [WRN] The 'bool' property 'ShowInSidebar' on entity type 'Menuitem' is configured with a database-generated default, but has no configured sentinel value. The database-generated default will always be used for inserts when the property has the value 'False', since this is the CLR default for the 'bool' type. Consider using a nullable type, using a nullable backing field, or setting the sentinel value for the property to ensure the database default is used when, and only when, appropriate. See https://aka.ms/efcore-docs-default-values for more information.
2026-06-16 02:22:41.081 +05:30 [WRN] The 'bool' property 'IsActive' on entity type 'PermissionModule' is configured with a database-generated default, but has no configured sentinel value. The database-generated default will always be used for inserts when the property has the value 'False', since this is the CLR default for the 'bool' type. Consider using a nullable type, using a nullable backing field, or setting the sentinel value for the property to ensure the database default is used when, and only when, appropriate. See https://aka.ms/efcore-docs-default-values for more information.
2026-06-16 02:22:41.098 +05:30 [WRN] The 'bool' property 'IsDeleted' on entity type 'PermissionModule' is configured with a database-generated default, but has no configured sentinel value. The database-generated default will always be used for inserts when the property has the value 'False', since this is the CLR default for the 'bool' type. Consider using a nullable type, using a nullable backing field, or setting the sentinel value for the property to ensure the database default is used when, and only when, appropriate. See https://aka.ms/efcore-docs-default-values for more information.
2026-06-16 02:25:27.767 +05:30 [WRN] The query uses a row limiting operator ('Skip'/'Take') without an 'OrderBy' operator. This may lead to unpredictable results. If the 'Distinct' operator is used after 'OrderBy', then make sure to use the 'OrderBy' operator after 'Distinct' as the ordering would otherwise get erased.
2026-06-16 02:30:10.804 +05:30 [INF] Now listening on: https://localhost:7183
2026-06-16 02:30:11.202 +05:30 [INF] Now listening on: http://localhost:5264
2026-06-16 02:30:13.586 +05:30 [INF] Application started. Press Ctrl+C to shut down.
2026-06-16 02:30:13.815 +05:30 [INF] Hosting environment: Development
2026-06-16 02:30:13.847 +05:30 [INF] Content root path: C:\Users\Lekesh\Prince Yadav\Vedang Projects\Water Bill\VedangSoft.BPMS\Water.Bill\src\Water.Bill.API
2026-06-16 02:30:22.380 +05:30 [WRN] The 'bool' property 'IsActive' on entity type 'CommunicationPurpose' is configured with a database-generated default, but has no configured sentinel value. The database-generated default will always be used for inserts when the property has the value 'False', since this is the CLR default for the 'bool' type. Consider using a nullable type, using a nullable backing field, or setting the sentinel value for the property to ensure the database default is used when, and only when, appropriate. See https://aka.ms/efcore-docs-default-values for more information.
2026-06-16 02:30:22.424 +05:30 [WRN] The 'bool' property 'IsSystem' on entity type 'CommunicationPurpose' is configured with a database-generated default, but has no configured sentinel value. The database-generated default will always be used for inserts when the property has the value 'False', since this is the CLR default for the 'bool' type. Consider using a nullable type, using a nullable backing field, or setting the sentinel value for the property to ensure the database default is used when, and only when, appropriate. See https://aka.ms/efcore-docs-default-values for more information.
2026-06-16 02:30:22.429 +05:30 [WRN] The 'bool' property 'IsActive' on entity type 'CommunicationTemplate' is configured with a database-generated default, but has no configured sentinel value. The database-generated default will always be used for inserts when the property has the value 'False', since this is the CLR default for the 'bool' type. Consider using a nullable type, using a nullable backing field, or setting the sentinel value for the property to ensure the database default is used when, and only when, appropriate. See https://aka.ms/efcore-docs-default-values for more information.
2026-06-16 02:30:22.433 +05:30 [WRN] The 'bool' property 'IsDefault' on entity type 'CommunicationTemplate' is configured with a database-generated default, but has no configured sentinel value. The database-generated default will always be used for inserts when the property has the value 'False', since this is the CLR default for the 'bool' type. Consider using a nullable type, using a nullable backing field, or setting the sentinel value for the property to ensure the database default is used when, and only when, appropriate. See https://aka.ms/efcore-docs-default-values for more information.
2026-06-16 02:30:22.441 +05:30 [WRN] The 'bool' property 'IsDeleted' on entity type 'CommunicationTemplate' is configured with a database-generated default, but has no configured sentinel value. The database-generated default will always be used for inserts when the property has the value 'False', since this is the CLR default for the 'bool' type. Consider using a nullable type, using a nullable backing field, or setting the sentinel value for the property to ensure the database default is used when, and only when, appropriate. See https://aka.ms/efcore-docs-default-values for more information.
2026-06-16 02:30:22.446 +05:30 [WRN] The 'bool' property 'IsActive' on entity type 'ConsumerOtpVerification' is configured with a database-generated default, but has no configured sentinel value. The database-generated default will always be used for inserts when the property has the value 'False', since this is the CLR default for the 'bool' type. Consider using a nullable type, using a nullable backing field, or setting the sentinel value for the property to ensure the database default is used when, and only when, appropriate. See https://aka.ms/efcore-docs-default-values for more information.
2026-06-16 02:30:22.459 +05:30 [WRN] The 'bool' property 'IsDeleted' on entity type 'ConsumerOtpVerification' is configured with a database-generated default, but has no configured sentinel value. The database-generated default will always be used for inserts when the property has the value 'False', since this is the CLR default for the 'bool' type. Consider using a nullable type, using a nullable backing field, or setting the sentinel value for the property to ensure the database default is used when, and only when, appropriate. See https://aka.ms/efcore-docs-default-values for more information.
2026-06-16 02:30:22.471 +05:30 [WRN] The 'bool' property 'IsDeleted' on entity type 'InAppNotification' is configured with a database-generated default, but has no configured sentinel value. The database-generated default will always be used for inserts when the property has the value 'False', since this is the CLR default for the 'bool' type. Consider using a nullable type, using a nullable backing field, or setting the sentinel value for the property to ensure the database default is used when, and only when, appropriate. See https://aka.ms/efcore-docs-default-values for more information.
2026-06-16 02:30:22.479 +05:30 [WRN] The 'bool' property 'IsRead' on entity type 'InAppNotification' is configured with a database-generated default, but has no configured sentinel value. The database-generated default will always be used for inserts when the property has the value 'False', since this is the CLR default for the 'bool' type. Consider using a nullable type, using a nullable backing field, or setting the sentinel value for the property to ensure the database default is used when, and only when, appropriate. See https://aka.ms/efcore-docs-default-values for more information.
2026-06-16 02:30:22.491 +05:30 [WRN] The 'bool' property 'ShowInSidebar' on entity type 'Menuitem' is configured with a database-generated default, but has no configured sentinel value. The database-generated default will always be used for inserts when the property has the value 'False', since this is the CLR default for the 'bool' type. Consider using a nullable type, using a nullable backing field, or setting the sentinel value for the property to ensure the database default is used when, and only when, appropriate. See https://aka.ms/efcore-docs-default-values for more information.
2026-06-16 02:30:22.508 +05:30 [WRN] The 'bool' property 'IsActive' on entity type 'PermissionModule' is configured with a database-generated default, but has no configured sentinel value. The database-generated default will always be used for inserts when the property has the value 'False', since this is the CLR default for the 'bool' type. Consider using a nullable type, using a nullable backing field, or setting the sentinel value for the property to ensure the database default is used when, and only when, appropriate. See https://aka.ms/efcore-docs-default-values for more information.
2026-06-16 02:30:22.517 +05:30 [WRN] The 'bool' property 'IsDeleted' on entity type 'PermissionModule' is configured with a database-generated default, but has no configured sentinel value. The database-generated default will always be used for inserts when the property has the value 'False', since this is the CLR default for the 'bool' type. Consider using a nullable type, using a nullable backing field, or setting the sentinel value for the property to ensure the database default is used when, and only when, appropriate. See https://aka.ms/efcore-docs-default-values for more information.
2026-06-16 02:44:05.169 +05:30 [ERR] Unhandled exception captured for /ChallanManagement. TraceId: 0HNMB44BCNL4Q:00000039
System.Threading.Tasks.TaskCanceledException: A task was canceled.
   at Microsoft.EntityFrameworkCore.Query.Internal.BufferedDataReader.BufferedDataRecord.InitializeAsync(DbDataReader reader, IReadOnlyList`1 columns, CancellationToken cancellationToken)
   at Microsoft.EntityFrameworkCore.Query.Internal.BufferedDataReader.InitializeAsync(IReadOnlyList`1 columns, CancellationToken cancellationToken)
   at Microsoft.EntityFrameworkCore.Query.Internal.BufferedDataReader.InitializeAsync(IReadOnlyList`1 columns, CancellationToken cancellationToken)
   at Microsoft.EntityFrameworkCore.Storage.RelationalCommand.ExecuteReaderAsync(RelationalCommandParameterObject parameterObject, CancellationToken cancellationToken)
   at Microsoft.EntityFrameworkCore.Storage.RelationalCommand.ExecuteReaderAsync(RelationalCommandParameterObject parameterObject, CancellationToken cancellationToken)
   at Microsoft.EntityFrameworkCore.Query.Internal.SingleQueryingEnumerable`1.AsyncEnumerator.InitializeReaderAsync(AsyncEnumerator enumerator, CancellationToken cancellationToken)
   at Microsoft.EntityFrameworkCore.Storage.ExecutionStrategy.<>c__DisplayClass30_0`2.<<ExecuteAsync>b__0>d.MoveNext()
--- End of stack trace from previous location ---
   at Microsoft.EntityFrameworkCore.Storage.ExecutionStrategy.ExecuteImplementationAsync[TState,TResult](Func`4 operation, Func`4 verifySucceeded, TState state, CancellationToken cancellationToken)
   at Microsoft.EntityFrameworkCore.Storage.ExecutionStrategy.ExecuteImplementationAsync[TState,TResult](Func`4 operation, Func`4 verifySucceeded, TState state, CancellationToken cancellationToken)
   at Microsoft.EntityFrameworkCore.Storage.ExecutionStrategy.ExecuteAsync[TState,TResult](TState state, Func`4 operation, Func`4 verifySucceeded, CancellationToken cancellationToken)
   at Microsoft.EntityFrameworkCore.Query.Internal.SingleQueryingEnumerable`1.AsyncEnumerator.MoveNextAsync()
   at Microsoft.EntityFrameworkCore.EntityFrameworkQueryableExtensions.ToListAsync[TSource](IQueryable`1 source, CancellationToken cancellationToken)
   at Microsoft.EntityFrameworkCore.EntityFrameworkQueryableExtensions.ToListAsync[TSource](IQueryable`1 source, CancellationToken cancellationToken)
   at Water.Bill.API.Controllers.Mvc.ChallanManagementController.SearchChallansPagedAsync(ChallanManagementIndexViewModel model, Int32 page, Int32 pageSize, CancellationToken ct) in C:\Users\Lekesh\Prince Yadav\Vedang Projects\Water Bill\VedangSoft.BPMS\Water.Bill\src\Water.Bill.API\Controllers\Mvc\ChallanManagementController.cs:line 587
   at Water.Bill.API.Controllers.Mvc.ChallanManagementController.Index(String search, String consumerNo, String consumerName, String mobileNo, String sector, String block, String plotNo, String status, Nullable`1 fromDate, Nullable`1 toDate, Int32 page, Int32 pageSize, CancellationToken ct) in C:\Users\Lekesh\Prince Yadav\Vedang Projects\Water Bill\VedangSoft.BPMS\Water.Bill\src\Water.Bill.API\Controllers\Mvc\ChallanManagementController.cs:line 66
   at Microsoft.AspNetCore.Mvc.Infrastructure.ActionMethodExecutor.TaskOfIActionResultExecutor.Execute(ActionContext actionContext, IActionResultTypeMapper mapper, ObjectMethodExecutor executor, Object controller, Object[] arguments)
   at Microsoft.AspNetCore.Mvc.Infrastructure.ControllerActionInvoker.<InvokeActionMethodAsync>g__Awaited|12_0(ControllerActionInvoker invoker, ValueTask`1 actionResultValueTask)
   at Microsoft.AspNetCore.Mvc.Infrastructure.ControllerActionInvoker.<InvokeNextActionFilterAsync>g__Awaited|10_0(ControllerActionInvoker invoker, Task lastTask, State next, Scope scope, Object state, Boolean isCompleted)
   at Microsoft.AspNetCore.Mvc.Infrastructure.ControllerActionInvoker.Rethrow(ActionExecutedContextSealed context)
   at Microsoft.AspNetCore.Mvc.Infrastructure.ControllerActionInvoker.Next(State& next, Scope& scope, Object& state, Boolean& isCompleted)
   at Microsoft.AspNetCore.Mvc.Infrastructure.ControllerActionInvoker.<InvokeInnerFilterAsync>g__Awaited|13_0(ControllerActionInvoker invoker, Task lastTask, State next, Scope scope, Object state, Boolean isCompleted)
   at Microsoft.AspNetCore.Mvc.Infrastructure.ResourceInvoker.<InvokeNextResourceFilter>g__Awaited|25_0(ResourceInvoker invoker, Task lastTask, State next, Scope scope, Object state, Boolean isCompleted)
   at Microsoft.AspNetCore.Mvc.Infrastructure.ResourceInvoker.Rethrow(ResourceExecutedContextSealed context)
   at Microsoft.AspNetCore.Mvc.Infrastructure.ResourceInvoker.Next(State& next, Scope& scope, Object& state, Boolean& isCompleted)
   at Microsoft.AspNetCore.Mvc.Infrastructure.ResourceInvoker.<InvokeFilterPipelineAsync>g__Awaited|20_0(ResourceInvoker invoker, Task lastTask, State next, Scope scope, Object state, Boolean isCompleted)
   at Microsoft.AspNetCore.Mvc.Infrastructure.ResourceInvoker.<InvokeAsync>g__Awaited|17_0(ResourceInvoker invoker, Task task, IDisposable scope)
   at Microsoft.AspNetCore.Mvc.Infrastructure.ResourceInvoker.<InvokeAsync>g__Awaited|17_0(ResourceInvoker invoker, Task task, IDisposable scope)
   at Microsoft.AspNetCore.Authorization.AuthorizationMiddleware.Invoke(HttpContext context)
   at Program.<>c.<<<Main>$>b__0_5>d.MoveNext() in C:\Users\Lekesh\Prince Yadav\Vedang Projects\Water Bill\VedangSoft.BPMS\Water.Bill\src\Water.Bill.API\Program.cs:line 103
--- End of stack trace from previous location ---
   at Microsoft.AspNetCore.Authentication.AuthenticationMiddleware.Invoke(HttpContext context)
   at Water.Bill.Infrastructure.Middleware.GlobalExceptionLoggingMiddleware.InvokeAsync(HttpContext context) in C:\Users\Lekesh\Prince Yadav\Vedang Projects\Water Bill\VedangSoft.BPMS\Water.Bill\src\Water.Bill.Infrastructure\Middleware\GlobalExceptionLoggingMiddleware.cs:line 37
2026-06-16 02:47:39.471 +05:30 [ERR] Unhandled exception captured for /Dashboard. TraceId: 0HNMB44BCNL4Q:0000006B
System.Threading.Tasks.TaskCanceledException: A task was canceled.
   at Microsoft.EntityFrameworkCore.Query.Internal.BufferedDataReader.BufferedDataRecord.InitializeAsync(DbDataReader reader, IReadOnlyList`1 columns, CancellationToken cancellationToken)
   at Microsoft.EntityFrameworkCore.Query.Internal.BufferedDataReader.InitializeAsync(IReadOnlyList`1 columns, CancellationToken cancellationToken)
   at Microsoft.EntityFrameworkCore.Query.Internal.BufferedDataReader.InitializeAsync(IReadOnlyList`1 columns, CancellationToken cancellationToken)
   at Microsoft.EntityFrameworkCore.Storage.RelationalCommand.ExecuteReaderAsync(RelationalCommandParameterObject parameterObject, CancellationToken cancellationToken)
   at Microsoft.EntityFrameworkCore.Storage.RelationalCommand.ExecuteReaderAsync(RelationalCommandParameterObject parameterObject, CancellationToken cancellationToken)
   at Microsoft.EntityFrameworkCore.Query.Internal.SingleQueryingEnumerable`1.AsyncEnumerator.InitializeReaderAsync(AsyncEnumerator enumerator, CancellationToken cancellationToken)
   at Microsoft.EntityFrameworkCore.Storage.ExecutionStrategy.<>c__DisplayClass30_0`2.<<ExecuteAsync>b__0>d.MoveNext()
--- End of stack trace from previous location ---
   at Microsoft.EntityFrameworkCore.Storage.ExecutionStrategy.ExecuteImplementationAsync[TState,TResult](Func`4 operation, Func`4 verifySucceeded, TState state, CancellationToken cancellationToken)
   at Microsoft.EntityFrameworkCore.Storage.ExecutionStrategy.ExecuteImplementationAsync[TState,TResult](Func`4 operation, Func`4 verifySucceeded, TState state, CancellationToken cancellationToken)
   at Microsoft.EntityFrameworkCore.Storage.ExecutionStrategy.ExecuteAsync[TState,TResult](TState state, Func`4 operation, Func`4 verifySucceeded, CancellationToken cancellationToken)
   at Microsoft.EntityFrameworkCore.Query.Internal.SingleQueryingEnumerable`1.AsyncEnumerator.MoveNextAsync()
   at Microsoft.EntityFrameworkCore.Query.ShapedQueryCompilingExpressionVisitor.SingleAsync[TSource](IAsyncEnumerable`1 asyncEnumerable, CancellationToken cancellationToken)
   at Microsoft.EntityFrameworkCore.Query.ShapedQueryCompilingExpressionVisitor.SingleAsync[TSource](IAsyncEnumerable`1 asyncEnumerable, CancellationToken cancellationToken)
   at Water.Bill.API.Controllers.Mvc.DashboardController.BuildAdminDashboardAsync(String userName, String roleName, Nullable`1 defaulterThreshold, CancellationToken ct) in C:\Users\Lekesh\Prince Yadav\Vedang Projects\Water Bill\VedangSoft.BPMS\Water.Bill\src\Water.Bill.API\Controllers\Mvc\DashboardController.cs:line 78
   at Water.Bill.API.Controllers.Mvc.DashboardController.Index(Nullable`1 defaulterThreshold, CancellationToken ct) in C:\Users\Lekesh\Prince Yadav\Vedang Projects\Water Bill\VedangSoft.BPMS\Water.Bill\src\Water.Bill.API\Controllers\Mvc\DashboardController.cs:line 53
   at Microsoft.AspNetCore.Mvc.Infrastructure.ActionMethodExecutor.TaskOfIActionResultExecutor.Execute(ActionContext actionContext, IActionResultTypeMapper mapper, ObjectMethodExecutor executor, Object controller, Object[] arguments)
   at Microsoft.AspNetCore.Mvc.Infrastructure.ControllerActionInvoker.<InvokeActionMethodAsync>g__Awaited|12_0(ControllerActionInvoker invoker, ValueTask`1 actionResultValueTask)
   at Microsoft.AspNetCore.Mvc.Infrastructure.ControllerActionInvoker.<InvokeNextActionFilterAsync>g__Awaited|10_0(ControllerActionInvoker invoker, Task lastTask, State next, Scope scope, Object state, Boolean isCompleted)
   at Microsoft.AspNetCore.Mvc.Infrastructure.ControllerActionInvoker.Rethrow(ActionExecutedContextSealed context)
   at Microsoft.AspNetCore.Mvc.Infrastructure.ControllerActionInvoker.Next(State& next, Scope& scope, Object& state, Boolean& isCompleted)
   at Microsoft.AspNetCore.Mvc.Infrastructure.ControllerActionInvoker.<InvokeInnerFilterAsync>g__Awaited|13_0(ControllerActionInvoker invoker, Task lastTask, State next, Scope scope, Object state, Boolean isCompleted)
   at Microsoft.AspNetCore.Mvc.Infrastructure.ResourceInvoker.<InvokeNextResourceFilter>g__Awaited|25_0(ResourceInvoker invoker, Task lastTask, State next, Scope scope, Object state, Boolean isCompleted)
   at Microsoft.AspNetCore.Mvc.Infrastructure.ResourceInvoker.Rethrow(ResourceExecutedContextSealed context)
   at Microsoft.AspNetCore.Mvc.Infrastructure.ResourceInvoker.Next(State& next, Scope& scope, Object& state, Boolean& isCompleted)
   at Microsoft.AspNetCore.Mvc.Infrastructure.ResourceInvoker.<InvokeFilterPipelineAsync>g__Awaited|20_0(ResourceInvoker invoker, Task lastTask, State next, Scope scope, Object state, Boolean isCompleted)
   at Microsoft.AspNetCore.Mvc.Infrastructure.ResourceInvoker.<InvokeAsync>g__Awaited|17_0(ResourceInvoker invoker, Task task, IDisposable scope)
   at Microsoft.AspNetCore.Mvc.Infrastructure.ResourceInvoker.<InvokeAsync>g__Awaited|17_0(ResourceInvoker invoker, Task task, IDisposable scope)
   at Microsoft.AspNetCore.Authorization.AuthorizationMiddleware.Invoke(HttpContext context)
   at Program.<>c.<<<Main>$>b__0_5>d.MoveNext() in C:\Users\Lekesh\Prince Yadav\Vedang Projects\Water Bill\VedangSoft.BPMS\Water.Bill\src\Water.Bill.API\Program.cs:line 103
--- End of stack trace from previous location ---
   at Microsoft.AspNetCore.Authentication.AuthenticationMiddleware.Invoke(HttpContext context)
   at Water.Bill.Infrastructure.Middleware.GlobalExceptionLoggingMiddleware.InvokeAsync(HttpContext context) in C:\Users\Lekesh\Prince Yadav\Vedang Projects\Water Bill\VedangSoft.BPMS\Water.Bill\src\Water.Bill.Infrastructure\Middleware\GlobalExceptionLoggingMiddleware.cs:line 37
2026-06-16 03:04:09.396 +05:30 [INF] Now listening on: https://localhost:7183
2026-06-16 03:04:11.975 +05:30 [INF] Now listening on: http://localhost:5264
2026-06-16 03:04:14.565 +05:30 [INF] Application started. Press Ctrl+C to shut down.
2026-06-16 03:04:21.421 +05:30 [INF] Hosting environment: Development
2026-06-16 03:04:22.626 +05:30 [INF] Content root path: C:\Users\Lekesh\Prince Yadav\Vedang Projects\Water Bill\VedangSoft.BPMS\Water.Bill\src\Water.Bill.API
2026-06-16 03:04:38.497 +05:30 [WRN] The 'bool' property 'IsActive' on entity type 'CommunicationPurpose' is configured with a database-generated default, but has no configured sentinel value. The database-generated default will always be used for inserts when the property has the value 'False', since this is the CLR default for the 'bool' type. Consider using a nullable type, using a nullable backing field, or setting the sentinel value for the property to ensure the database default is used when, and only when, appropriate. See https://aka.ms/efcore-docs-default-values for more information.
2026-06-16 03:04:40.277 +05:30 [WRN] The 'bool' property 'IsSystem' on entity type 'CommunicationPurpose' is configured with a database-generated default, but has no configured sentinel value. The database-generated default will always be used for inserts when the property has the value 'False', since this is the CLR default for the 'bool' type. Consider using a nullable type, using a nullable backing field, or setting the sentinel value for the property to ensure the database default is used when, and only when, appropriate. See https://aka.ms/efcore-docs-default-values for more information.
2026-06-16 03:04:42.262 +05:30 [WRN] The 'bool' property 'IsActive' on entity type 'CommunicationTemplate' is configured with a database-generated default, but has no configured sentinel value. The database-generated default will always be used for inserts when the property has the value 'False', since this is the CLR default for the 'bool' type. Consider using a nullable type, using a nullable backing field, or setting the sentinel value for the property to ensure the database default is used when, and only when, appropriate. See https://aka.ms/efcore-docs-default-values for more information.
2026-06-16 03:04:43.242 +05:30 [WRN] The 'bool' property 'IsDefault' on entity type 'CommunicationTemplate' is configured with a database-generated default, but has no configured sentinel value. The database-generated default will always be used for inserts when the property has the value 'False', since this is the CLR default for the 'bool' type. Consider using a nullable type, using a nullable backing field, or setting the sentinel value for the property to ensure the database default is used when, and only when, appropriate. See https://aka.ms/efcore-docs-default-values for more information.
2026-06-16 03:04:43.316 +05:30 [WRN] The 'bool' property 'IsDeleted' on entity type 'CommunicationTemplate' is configured with a database-generated default, but has no configured sentinel value. The database-generated default will always be used for inserts when the property has the value 'False', since this is the CLR default for the 'bool' type. Consider using a nullable type, using a nullable backing field, or setting the sentinel value for the property to ensure the database default is used when, and only when, appropriate. See https://aka.ms/efcore-docs-default-values for more information.
2026-06-16 03:04:43.323 +05:30 [WRN] The 'bool' property 'IsActive' on entity type 'ConsumerOtpVerification' is configured with a database-generated default, but has no configured sentinel value. The database-generated default will always be used for inserts when the property has the value 'False', since this is the CLR default for the 'bool' type. Consider using a nullable type, using a nullable backing field, or setting the sentinel value for the property to ensure the database default is used when, and only when, appropriate. See https://aka.ms/efcore-docs-default-values for more information.
2026-06-16 03:04:43.330 +05:30 [WRN] The 'bool' property 'IsDeleted' on entity type 'ConsumerOtpVerification' is configured with a database-generated default, but has no configured sentinel value. The database-generated default will always be used for inserts when the property has the value 'False', since this is the CLR default for the 'bool' type. Consider using a nullable type, using a nullable backing field, or setting the sentinel value for the property to ensure the database default is used when, and only when, appropriate. See https://aka.ms/efcore-docs-default-values for more information.
2026-06-16 03:04:43.345 +05:30 [WRN] The 'bool' property 'IsDeleted' on entity type 'InAppNotification' is configured with a database-generated default, but has no configured sentinel value. The database-generated default will always be used for inserts when the property has the value 'False', since this is the CLR default for the 'bool' type. Consider using a nullable type, using a nullable backing field, or setting the sentinel value for the property to ensure the database default is used when, and only when, appropriate. See https://aka.ms/efcore-docs-default-values for more information.
2026-06-16 03:04:43.373 +05:30 [WRN] The 'bool' property 'IsRead' on entity type 'InAppNotification' is configured with a database-generated default, but has no configured sentinel value. The database-generated default will always be used for inserts when the property has the value 'False', since this is the CLR default for the 'bool' type. Consider using a nullable type, using a nullable backing field, or setting the sentinel value for the property to ensure the database default is used when, and only when, appropriate. See https://aka.ms/efcore-docs-default-values for more information.
2026-06-16 03:04:43.385 +05:30 [WRN] The 'bool' property 'ShowInSidebar' on entity type 'Menuitem' is configured with a database-generated default, but has no configured sentinel value. The database-generated default will always be used for inserts when the property has the value 'False', since this is the CLR default for the 'bool' type. Consider using a nullable type, using a nullable backing field, or setting the sentinel value for the property to ensure the database default is used when, and only when, appropriate. See https://aka.ms/efcore-docs-default-values for more information.
2026-06-16 03:04:43.393 +05:30 [WRN] The 'bool' property 'IsActive' on entity type 'PermissionModule' is configured with a database-generated default, but has no configured sentinel value. The database-generated default will always be used for inserts when the property has the value 'False', since this is the CLR default for the 'bool' type. Consider using a nullable type, using a nullable backing field, or setting the sentinel value for the property to ensure the database default is used when, and only when, appropriate. See https://aka.ms/efcore-docs-default-values for more information.
2026-06-16 03:04:43.403 +05:30 [WRN] The 'bool' property 'IsDeleted' on entity type 'PermissionModule' is configured with a database-generated default, but has no configured sentinel value. The database-generated default will always be used for inserts when the property has the value 'False', since this is the CLR default for the 'bool' type. Consider using a nullable type, using a nullable backing field, or setting the sentinel value for the property to ensure the database default is used when, and only when, appropriate. See https://aka.ms/efcore-docs-default-values for more information.
2026-06-16 03:14:46.044 +05:30 [INF] Now listening on: https://localhost:7183
2026-06-16 03:14:46.382 +05:30 [INF] Now listening on: http://localhost:5264
2026-06-16 03:14:46.971 +05:30 [INF] Application started. Press Ctrl+C to shut down.
2026-06-16 03:14:49.683 +05:30 [INF] Hosting environment: Development
2026-06-16 03:14:49.991 +05:30 [INF] Content root path: C:\Users\Lekesh\Prince Yadav\Vedang Projects\Water Bill\VedangSoft.BPMS\Water.Bill\src\Water.Bill.API
2026-06-16 03:15:00.818 +05:30 [WRN] The 'bool' property 'IsActive' on entity type 'CommunicationPurpose' is configured with a database-generated default, but has no configured sentinel value. The database-generated default will always be used for inserts when the property has the value 'False', since this is the CLR default for the 'bool' type. Consider using a nullable type, using a nullable backing field, or setting the sentinel value for the property to ensure the database default is used when, and only when, appropriate. See https://aka.ms/efcore-docs-default-values for more information.
2026-06-16 03:15:00.847 +05:30 [WRN] The 'bool' property 'IsSystem' on entity type 'CommunicationPurpose' is configured with a database-generated default, but has no configured sentinel value. The database-generated default will always be used for inserts when the property has the value 'False', since this is the CLR default for the 'bool' type. Consider using a nullable type, using a nullable backing field, or setting the sentinel value for the property to ensure the database default is used when, and only when, appropriate. See https://aka.ms/efcore-docs-default-values for more information.
2026-06-16 03:15:00.854 +05:30 [WRN] The 'bool' property 'IsActive' on entity type 'CommunicationTemplate' is configured with a database-generated default, but has no configured sentinel value. The database-generated default will always be used for inserts when the property has the value 'False', since this is the CLR default for the 'bool' type. Consider using a nullable type, using a nullable backing field, or setting the sentinel value for the property to ensure the database default is used when, and only when, appropriate. See https://aka.ms/efcore-docs-default-values for more information.
2026-06-16 03:15:00.863 +05:30 [WRN] The 'bool' property 'IsDefault' on entity type 'CommunicationTemplate' is configured with a database-generated default, but has no configured sentinel value. The database-generated default will always be used for inserts when the property has the value 'False', since this is the CLR default for the 'bool' type. Consider using a nullable type, using a nullable backing field, or setting the sentinel value for the property to ensure the database default is used when, and only when, appropriate. See https://aka.ms/efcore-docs-default-values for more information.
2026-06-16 03:15:00.877 +05:30 [WRN] The 'bool' property 'IsDeleted' on entity type 'CommunicationTemplate' is configured with a database-generated default, but has no configured sentinel value. The database-generated default will always be used for inserts when the property has the value 'False', since this is the CLR default for the 'bool' type. Consider using a nullable type, using a nullable backing field, or setting the sentinel value for the property to ensure the database default is used when, and only when, appropriate. See https://aka.ms/efcore-docs-default-values for more information.
2026-06-16 03:15:00.888 +05:30 [WRN] The 'bool' property 'IsActive' on entity type 'ConsumerOtpVerification' is configured with a database-generated default, but has no configured sentinel value. The database-generated default will always be used for inserts when the property has the value 'False', since this is the CLR default for the 'bool' type. Consider using a nullable type, using a nullable backing field, or setting the sentinel value for the property to ensure the database default is used when, and only when, appropriate. See https://aka.ms/efcore-docs-default-values for more information.
2026-06-16 03:15:00.911 +05:30 [WRN] The 'bool' property 'IsDeleted' on entity type 'ConsumerOtpVerification' is configured with a database-generated default, but has no configured sentinel value. The database-generated default will always be used for inserts when the property has the value 'False', since this is the CLR default for the 'bool' type. Consider using a nullable type, using a nullable backing field, or setting the sentinel value for the property to ensure the database default is used when, and only when, appropriate. See https://aka.ms/efcore-docs-default-values for more information.
2026-06-16 03:15:00.987 +05:30 [WRN] The 'bool' property 'IsDeleted' on entity type 'InAppNotification' is configured with a database-generated default, but has no configured sentinel value. The database-generated default will always be used for inserts when the property has the value 'False', since this is the CLR default for the 'bool' type. Consider using a nullable type, using a nullable backing field, or setting the sentinel value for the property to ensure the database default is used when, and only when, appropriate. See https://aka.ms/efcore-docs-default-values for more information.
2026-06-16 03:15:01.267 +05:30 [WRN] The 'bool' property 'IsRead' on entity type 'InAppNotification' is configured with a database-generated default, but has no configured sentinel value. The database-generated default will always be used for inserts when the property has the value 'False', since this is the CLR default for the 'bool' type. Consider using a nullable type, using a nullable backing field, or setting the sentinel value for the property to ensure the database default is used when, and only when, appropriate. See https://aka.ms/efcore-docs-default-values for more information.
2026-06-16 03:15:01.283 +05:30 [WRN] The 'bool' property 'ShowInSidebar' on entity type 'Menuitem' is configured with a database-generated default, but has no configured sentinel value. The database-generated default will always be used for inserts when the property has the value 'False', since this is the CLR default for the 'bool' type. Consider using a nullable type, using a nullable backing field, or setting the sentinel value for the property to ensure the database default is used when, and only when, appropriate. See https://aka.ms/efcore-docs-default-values for more information.
2026-06-16 03:15:01.299 +05:30 [WRN] The 'bool' property 'IsActive' on entity type 'PermissionModule' is configured with a database-generated default, but has no configured sentinel value. The database-generated default will always be used for inserts when the property has the value 'False', since this is the CLR default for the 'bool' type. Consider using a nullable type, using a nullable backing field, or setting the sentinel value for the property to ensure the database default is used when, and only when, appropriate. See https://aka.ms/efcore-docs-default-values for more information.
2026-06-16 03:15:01.317 +05:30 [WRN] The 'bool' property 'IsDeleted' on entity type 'PermissionModule' is configured with a database-generated default, but has no configured sentinel value. The database-generated default will always be used for inserts when the property has the value 'False', since this is the CLR default for the 'bool' type. Consider using a nullable type, using a nullable backing field, or setting the sentinel value for the property to ensure the database default is used when, and only when, appropriate. See https://aka.ms/efcore-docs-default-values for more information.
2026-06-16 03:16:37.082 +05:30 [WRN] Savepoints are disabled because Multiple Active Result Sets (MARS) is enabled. If 'SaveChanges' fails, then the transaction cannot be automatically rolled back to a known clean state. Instead, the transaction should be rolled back by the application before retrying 'SaveChanges'. See https://go.microsoft.com/fwlink/?linkid=2149338 for more information and examples. To identify the code which triggers this warning, call 'ConfigureWarnings(w => w.Throw(SqlServerEventId.SavepointsDisabledBecauseOfMARS))'.
2026-06-16 12:24:12.017 +05:30 [INF] Now listening on: https://localhost:7183
2026-06-16 12:24:13.721 +05:30 [INF] Now listening on: http://localhost:5264
2026-06-16 12:24:16.128 +05:30 [INF] Application started. Press Ctrl+C to shut down.
2026-06-16 12:24:19.520 +05:30 [INF] Hosting environment: Development
2026-06-16 12:24:19.795 +05:30 [INF] Content root path: C:\Users\Lekesh\Prince Yadav\Vedang Projects\Water Bill\VedangSoft.BPMS\Water.Bill\src\Water.Bill.API
2026-06-16 12:24:46.871 +05:30 [WRN] The 'bool' property 'IsActive' on entity type 'CommunicationPurpose' is configured with a database-generated default, but has no configured sentinel value. The database-generated default will always be used for inserts when the property has the value 'False', since this is the CLR default for the 'bool' type. Consider using a nullable type, using a nullable backing field, or setting the sentinel value for the property to ensure the database default is used when, and only when, appropriate. See https://aka.ms/efcore-docs-default-values for more information.
2026-06-16 12:24:46.887 +05:30 [WRN] The 'bool' property 'IsSystem' on entity type 'CommunicationPurpose' is configured with a database-generated default, but has no configured sentinel value. The database-generated default will always be used for inserts when the property has the value 'False', since this is the CLR default for the 'bool' type. Consider using a nullable type, using a nullable backing field, or setting the sentinel value for the property to ensure the database default is used when, and only when, appropriate. See https://aka.ms/efcore-docs-default-values for more information.
2026-06-16 12:24:46.899 +05:30 [WRN] The 'bool' property 'IsActive' on entity type 'CommunicationTemplate' is configured with a database-generated default, but has no configured sentinel value. The database-generated default will always be used for inserts when the property has the value 'False', since this is the CLR default for the 'bool' type. Consider using a nullable type, using a nullable backing field, or setting the sentinel value for the property to ensure the database default is used when, and only when, appropriate. See https://aka.ms/efcore-docs-default-values for more information.
2026-06-16 12:24:46.904 +05:30 [WRN] The 'bool' property 'IsDefault' on entity type 'CommunicationTemplate' is configured with a database-generated default, but has no configured sentinel value. The database-generated default will always be used for inserts when the property has the value 'False', since this is the CLR default for the 'bool' type. Consider using a nullable type, using a nullable backing field, or setting the sentinel value for the property to ensure the database default is used when, and only when, appropriate. See https://aka.ms/efcore-docs-default-values for more information.
2026-06-16 12:24:46.909 +05:30 [WRN] The 'bool' property 'IsDeleted' on entity type 'CommunicationTemplate' is configured with a database-generated default, but has no configured sentinel value. The database-generated default will always be used for inserts when the property has the value 'False', since this is the CLR default for the 'bool' type. Consider using a nullable type, using a nullable backing field, or setting the sentinel value for the property to ensure the database default is used when, and only when, appropriate. See https://aka.ms/efcore-docs-default-values for more information.
2026-06-16 12:24:46.918 +05:30 [WRN] The 'bool' property 'IsActive' on entity type 'ConsumerOtpVerification' is configured with a database-generated default, but has no configured sentinel value. The database-generated default will always be used for inserts when the property has the value 'False', since this is the CLR default for the 'bool' type. Consider using a nullable type, using a nullable backing field, or setting the sentinel value for the property to ensure the database default is used when, and only when, appropriate. See https://aka.ms/efcore-docs-default-values for more information.
2026-06-16 12:24:46.925 +05:30 [WRN] The 'bool' property 'IsDeleted' on entity type 'ConsumerOtpVerification' is configured with a database-generated default, but has no configured sentinel value. The database-generated default will always be used for inserts when the property has the value 'False', since this is the CLR default for the 'bool' type. Consider using a nullable type, using a nullable backing field, or setting the sentinel value for the property to ensure the database default is used when, and only when, appropriate. See https://aka.ms/efcore-docs-default-values for more information.
2026-06-16 12:24:46.938 +05:30 [WRN] The 'bool' property 'IsDeleted' on entity type 'InAppNotification' is configured with a database-generated default, but has no configured sentinel value. The database-generated default will always be used for inserts when the property has the value 'False', since this is the CLR default for the 'bool' type. Consider using a nullable type, using a nullable backing field, or setting the sentinel value for the property to ensure the database default is used when, and only when, appropriate. See https://aka.ms/efcore-docs-default-values for more information.
2026-06-16 12:24:46.952 +05:30 [WRN] The 'bool' property 'IsRead' on entity type 'InAppNotification' is configured with a database-generated default, but has no configured sentinel value. The database-generated default will always be used for inserts when the property has the value 'False', since this is the CLR default for the 'bool' type. Consider using a nullable type, using a nullable backing field, or setting the sentinel value for the property to ensure the database default is used when, and only when, appropriate. See https://aka.ms/efcore-docs-default-values for more information.
2026-06-16 12:24:46.970 +05:30 [WRN] The 'bool' property 'ShowInSidebar' on entity type 'Menuitem' is configured with a database-generated default, but has no configured sentinel value. The database-generated default will always be used for inserts when the property has the value 'False', since this is the CLR default for the 'bool' type. Consider using a nullable type, using a nullable backing field, or setting the sentinel value for the property to ensure the database default is used when, and only when, appropriate. See https://aka.ms/efcore-docs-default-values for more information.
2026-06-16 12:24:46.984 +05:30 [WRN] The 'bool' property 'IsActive' on entity type 'PermissionModule' is configured with a database-generated default, but has no configured sentinel value. The database-generated default will always be used for inserts when the property has the value 'False', since this is the CLR default for the 'bool' type. Consider using a nullable type, using a nullable backing field, or setting the sentinel value for the property to ensure the database default is used when, and only when, appropriate. See https://aka.ms/efcore-docs-default-values for more information.
2026-06-16 12:24:46.993 +05:30 [WRN] The 'bool' property 'IsDeleted' on entity type 'PermissionModule' is configured with a database-generated default, but has no configured sentinel value. The database-generated default will always be used for inserts when the property has the value 'False', since this is the CLR default for the 'bool' type. Consider using a nullable type, using a nullable backing field, or setting the sentinel value for the property to ensure the database default is used when, and only when, appropriate. See https://aka.ms/efcore-docs-default-values for more information.
2026-06-16 12:37:31.430 +05:30 [INF] Now listening on: https://localhost:7183
2026-06-16 12:37:31.548 +05:30 [INF] Now listening on: http://localhost:5264
2026-06-16 12:37:32.985 +05:30 [INF] Application started. Press Ctrl+C to shut down.
2026-06-16 12:37:33.363 +05:30 [INF] Hosting environment: Development
2026-06-16 12:37:33.364 +05:30 [INF] Content root path: C:\Users\Lekesh\Prince Yadav\Vedang Projects\Water Bill\VedangSoft.BPMS\Water.Bill\src\Water.Bill.API
2026-06-16 12:37:50.692 +05:30 [WRN] The 'bool' property 'IsActive' on entity type 'CommunicationPurpose' is configured with a database-generated default, but has no configured sentinel value. The database-generated default will always be used for inserts when the property has the value 'False', since this is the CLR default for the 'bool' type. Consider using a nullable type, using a nullable backing field, or setting the sentinel value for the property to ensure the database default is used when, and only when, appropriate. See https://aka.ms/efcore-docs-default-values for more information.
2026-06-16 12:37:50.709 +05:30 [WRN] The 'bool' property 'IsSystem' on entity type 'CommunicationPurpose' is configured with a database-generated default, but has no configured sentinel value. The database-generated default will always be used for inserts when the property has the value 'False', since this is the CLR default for the 'bool' type. Consider using a nullable type, using a nullable backing field, or setting the sentinel value for the property to ensure the database default is used when, and only when, appropriate. See https://aka.ms/efcore-docs-default-values for more information.
2026-06-16 12:37:50.715 +05:30 [WRN] The 'bool' property 'IsActive' on entity type 'CommunicationTemplate' is configured with a database-generated default, but has no configured sentinel value. The database-generated default will always be used for inserts when the property has the value 'False', since this is the CLR default for the 'bool' type. Consider using a nullable type, using a nullable backing field, or setting the sentinel value for the property to ensure the database default is used when, and only when, appropriate. See https://aka.ms/efcore-docs-default-values for more information.
2026-06-16 12:37:50.730 +05:30 [WRN] The 'bool' property 'IsDefault' on entity type 'CommunicationTemplate' is configured with a database-generated default, but has no configured sentinel value. The database-generated default will always be used for inserts when the property has the value 'False', since this is the CLR default for the 'bool' type. Consider using a nullable type, using a nullable backing field, or setting the sentinel value for the property to ensure the database default is used when, and only when, appropriate. See https://aka.ms/efcore-docs-default-values for more information.
2026-06-16 12:37:50.742 +05:30 [WRN] The 'bool' property 'IsDeleted' on entity type 'CommunicationTemplate' is configured with a database-generated default, but has no configured sentinel value. The database-generated default will always be used for inserts when the property has the value 'False', since this is the CLR default for the 'bool' type. Consider using a nullable type, using a nullable backing field, or setting the sentinel value for the property to ensure the database default is used when, and only when, appropriate. See https://aka.ms/efcore-docs-default-values for more information.
2026-06-16 12:37:50.756 +05:30 [WRN] The 'bool' property 'IsActive' on entity type 'ConsumerOtpVerification' is configured with a database-generated default, but has no configured sentinel value. The database-generated default will always be used for inserts when the property has the value 'False', since this is the CLR default for the 'bool' type. Consider using a nullable type, using a nullable backing field, or setting the sentinel value for the property to ensure the database default is used when, and only when, appropriate. See https://aka.ms/efcore-docs-default-values for more information.
2026-06-16 12:37:50.766 +05:30 [WRN] The 'bool' property 'IsDeleted' on entity type 'ConsumerOtpVerification' is configured with a database-generated default, but has no configured sentinel value. The database-generated default will always be used for inserts when the property has the value 'False', since this is the CLR default for the 'bool' type. Consider using a nullable type, using a nullable backing field, or setting the sentinel value for the property to ensure the database default is used when, and only when, appropriate. See https://aka.ms/efcore-docs-default-values for more information.
2026-06-16 12:37:50.785 +05:30 [WRN] The 'bool' property 'IsDeleted' on entity type 'InAppNotification' is configured with a database-generated default, but has no configured sentinel value. The database-generated default will always be used for inserts when the property has the value 'False', since this is the CLR default for the 'bool' type. Consider using a nullable type, using a nullable backing field, or setting the sentinel value for the property to ensure the database default is used when, and only when, appropriate. See https://aka.ms/efcore-docs-default-values for more information.
2026-06-16 12:37:50.798 +05:30 [WRN] The 'bool' property 'IsRead' on entity type 'InAppNotification' is configured with a database-generated default, but has no configured sentinel value. The database-generated default will always be used for inserts when the property has the value 'False', since this is the CLR default for the 'bool' type. Consider using a nullable type, using a nullable backing field, or setting the sentinel value for the property to ensure the database default is used when, and only when, appropriate. See https://aka.ms/efcore-docs-default-values for more information.
2026-06-16 12:37:50.827 +05:30 [WRN] The 'bool' property 'ShowInSidebar' on entity type 'Menuitem' is configured with a database-generated default, but has no configured sentinel value. The database-generated default will always be used for inserts when the property has the value 'False', since this is the CLR default for the 'bool' type. Consider using a nullable type, using a nullable backing field, or setting the sentinel value for the property to ensure the database default is used when, and only when, appropriate. See https://aka.ms/efcore-docs-default-values for more information.
2026-06-16 12:37:50.857 +05:30 [WRN] The 'bool' property 'IsActive' on entity type 'PermissionModule' is configured with a database-generated default, but has no configured sentinel value. The database-generated default will always be used for inserts when the property has the value 'False', since this is the CLR default for the 'bool' type. Consider using a nullable type, using a nullable backing field, or setting the sentinel value for the property to ensure the database default is used when, and only when, appropriate. See https://aka.ms/efcore-docs-default-values for more information.
2026-06-16 12:37:51.167 +05:30 [WRN] The 'bool' property 'IsDeleted' on entity type 'PermissionModule' is configured with a database-generated default, but has no configured sentinel value. The database-generated default will always be used for inserts when the property has the value 'False', since this is the CLR default for the 'bool' type. Consider using a nullable type, using a nullable backing field, or setting the sentinel value for the property to ensure the database default is used when, and only when, appropriate. See https://aka.ms/efcore-docs-default-values for more information.
2026-06-16 12:50:40.929 +05:30 [INF] Now listening on: https://localhost:7183
2026-06-16 12:50:41.089 +05:30 [INF] Now listening on: http://localhost:5264
2026-06-16 12:50:41.605 +05:30 [INF] Application started. Press Ctrl+C to shut down.
2026-06-16 12:50:41.815 +05:30 [INF] Hosting environment: Development
2026-06-16 12:50:41.817 +05:30 [INF] Content root path: C:\Users\Lekesh\Prince Yadav\Vedang Projects\Water Bill\VedangSoft.BPMS\Water.Bill\src\Water.Bill.API
2026-06-16 12:51:10.726 +05:30 [WRN] The 'bool' property 'IsActive' on entity type 'CommunicationPurpose' is configured with a database-generated default, but has no configured sentinel value. The database-generated default will always be used for inserts when the property has the value 'False', since this is the CLR default for the 'bool' type. Consider using a nullable type, using a nullable backing field, or setting the sentinel value for the property to ensure the database default is used when, and only when, appropriate. See https://aka.ms/efcore-docs-default-values for more information.
2026-06-16 12:51:10.993 +05:30 [WRN] The 'bool' property 'IsSystem' on entity type 'CommunicationPurpose' is configured with a database-generated default, but has no configured sentinel value. The database-generated default will always be used for inserts when the property has the value 'False', since this is the CLR default for the 'bool' type. Consider using a nullable type, using a nullable backing field, or setting the sentinel value for the property to ensure the database default is used when, and only when, appropriate. See https://aka.ms/efcore-docs-default-values for more information.
2026-06-16 12:51:11.416 +05:30 [WRN] The 'bool' property 'IsActive' on entity type 'CommunicationTemplate' is configured with a database-generated default, but has no configured sentinel value. The database-generated default will always be used for inserts when the property has the value 'False', since this is the CLR default for the 'bool' type. Consider using a nullable type, using a nullable backing field, or setting the sentinel value for the property to ensure the database default is used when, and only when, appropriate. See https://aka.ms/efcore-docs-default-values for more information.
2026-06-16 12:51:11.803 +05:30 [WRN] The 'bool' property 'IsDefault' on entity type 'CommunicationTemplate' is configured with a database-generated default, but has no configured sentinel value. The database-generated default will always be used for inserts when the property has the value 'False', since this is the CLR default for the 'bool' type. Consider using a nullable type, using a nullable backing field, or setting the sentinel value for the property to ensure the database default is used when, and only when, appropriate. See https://aka.ms/efcore-docs-default-values for more information.
2026-06-16 12:51:11.812 +05:30 [WRN] The 'bool' property 'IsDeleted' on entity type 'CommunicationTemplate' is configured with a database-generated default, but has no configured sentinel value. The database-generated default will always be used for inserts when the property has the value 'False', since this is the CLR default for the 'bool' type. Consider using a nullable type, using a nullable backing field, or setting the sentinel value for the property to ensure the database default is used when, and only when, appropriate. See https://aka.ms/efcore-docs-default-values for more information.
2026-06-16 12:51:11.819 +05:30 [WRN] The 'bool' property 'IsActive' on entity type 'ConsumerOtpVerification' is configured with a database-generated default, but has no configured sentinel value. The database-generated default will always be used for inserts when the property has the value 'False', since this is the CLR default for the 'bool' type. Consider using a nullable type, using a nullable backing field, or setting the sentinel value for the property to ensure the database default is used when, and only when, appropriate. See https://aka.ms/efcore-docs-default-values for more information.
2026-06-16 12:51:11.831 +05:30 [WRN] The 'bool' property 'IsDeleted' on entity type 'ConsumerOtpVerification' is configured with a database-generated default, but has no configured sentinel value. The database-generated default will always be used for inserts when the property has the value 'False', since this is the CLR default for the 'bool' type. Consider using a nullable type, using a nullable backing field, or setting the sentinel value for the property to ensure the database default is used when, and only when, appropriate. See https://aka.ms/efcore-docs-default-values for more information.
2026-06-16 12:51:11.841 +05:30 [WRN] The 'bool' property 'IsDeleted' on entity type 'InAppNotification' is configured with a database-generated default, but has no configured sentinel value. The database-generated default will always be used for inserts when the property has the value 'False', since this is the CLR default for the 'bool' type. Consider using a nullable type, using a nullable backing field, or setting the sentinel value for the property to ensure the database default is used when, and only when, appropriate. See https://aka.ms/efcore-docs-default-values for more information.
2026-06-16 12:51:11.858 +05:30 [WRN] The 'bool' property 'IsRead' on entity type 'InAppNotification' is configured with a database-generated default, but has no configured sentinel value. The database-generated default will always be used for inserts when the property has the value 'False', since this is the CLR default for the 'bool' type. Consider using a nullable type, using a nullable backing field, or setting the sentinel value for the property to ensure the database default is used when, and only when, appropriate. See https://aka.ms/efcore-docs-default-values for more information.
2026-06-16 12:51:11.869 +05:30 [WRN] The 'bool' property 'ShowInSidebar' on entity type 'Menuitem' is configured with a database-generated default, but has no configured sentinel value. The database-generated default will always be used for inserts when the property has the value 'False', since this is the CLR default for the 'bool' type. Consider using a nullable type, using a nullable backing field, or setting the sentinel value for the property to ensure the database default is used when, and only when, appropriate. See https://aka.ms/efcore-docs-default-values for more information.
2026-06-16 12:51:11.885 +05:30 [WRN] The 'bool' property 'IsActive' on entity type 'PermissionModule' is configured with a database-generated default, but has no configured sentinel value. The database-generated default will always be used for inserts when the property has the value 'False', since this is the CLR default for the 'bool' type. Consider using a nullable type, using a nullable backing field, or setting the sentinel value for the property to ensure the database default is used when, and only when, appropriate. See https://aka.ms/efcore-docs-default-values for more information.
2026-06-16 12:51:11.897 +05:30 [WRN] The 'bool' property 'IsDeleted' on entity type 'PermissionModule' is configured with a database-generated default, but has no configured sentinel value. The database-generated default will always be used for inserts when the property has the value 'False', since this is the CLR default for the 'bool' type. Consider using a nullable type, using a nullable backing field, or setting the sentinel value for the property to ensure the database default is used when, and only when, appropriate. See https://aka.ms/efcore-docs-default-values for more information.
2026-06-16 13:13:25.416 +05:30 [INF] Now listening on: https://localhost:7183
2026-06-16 13:13:26.041 +05:30 [INF] Now listening on: http://localhost:5264
2026-06-16 13:13:26.907 +05:30 [INF] Application started. Press Ctrl+C to shut down.
2026-06-16 13:13:27.410 +05:30 [INF] Hosting environment: Development
2026-06-16 13:13:29.510 +05:30 [INF] Content root path: C:\Users\Lekesh\Prince Yadav\Vedang Projects\Water Bill\VedangSoft.BPMS\Water.Bill\src\Water.Bill.API
2026-06-16 13:13:43.453 +05:30 [WRN] The 'bool' property 'IsActive' on entity type 'CommunicationPurpose' is configured with a database-generated default, but has no configured sentinel value. The database-generated default will always be used for inserts when the property has the value 'False', since this is the CLR default for the 'bool' type. Consider using a nullable type, using a nullable backing field, or setting the sentinel value for the property to ensure the database default is used when, and only when, appropriate. See https://aka.ms/efcore-docs-default-values for more information.
2026-06-16 13:13:43.992 +05:30 [WRN] The 'bool' property 'IsSystem' on entity type 'CommunicationPurpose' is configured with a database-generated default, but has no configured sentinel value. The database-generated default will always be used for inserts when the property has the value 'False', since this is the CLR default for the 'bool' type. Consider using a nullable type, using a nullable backing field, or setting the sentinel value for the property to ensure the database default is used when, and only when, appropriate. See https://aka.ms/efcore-docs-default-values for more information.
2026-06-16 13:13:44.017 +05:30 [WRN] The 'bool' property 'IsActive' on entity type 'CommunicationTemplate' is configured with a database-generated default, but has no configured sentinel value. The database-generated default will always be used for inserts when the property has the value 'False', since this is the CLR default for the 'bool' type. Consider using a nullable type, using a nullable backing field, or setting the sentinel value for the property to ensure the database default is used when, and only when, appropriate. See https://aka.ms/efcore-docs-default-values for more information.
2026-06-16 13:13:44.022 +05:30 [WRN] The 'bool' property 'IsDefault' on entity type 'CommunicationTemplate' is configured with a database-generated default, but has no configured sentinel value. The database-generated default will always be used for inserts when the property has the value 'False', since this is the CLR default for the 'bool' type. Consider using a nullable type, using a nullable backing field, or setting the sentinel value for the property to ensure the database default is used when, and only when, appropriate. See https://aka.ms/efcore-docs-default-values for more information.
2026-06-16 13:13:44.025 +05:30 [WRN] The 'bool' property 'IsDeleted' on entity type 'CommunicationTemplate' is configured with a database-generated default, but has no configured sentinel value. The database-generated default will always be used for inserts when the property has the value 'False', since this is the CLR default for the 'bool' type. Consider using a nullable type, using a nullable backing field, or setting the sentinel value for the property to ensure the database default is used when, and only when, appropriate. See https://aka.ms/efcore-docs-default-values for more information.
2026-06-16 13:13:44.035 +05:30 [WRN] The 'bool' property 'IsActive' on entity type 'ConsumerOtpVerification' is configured with a database-generated default, but has no configured sentinel value. The database-generated default will always be used for inserts when the property has the value 'False', since this is the CLR default for the 'bool' type. Consider using a nullable type, using a nullable backing field, or setting the sentinel value for the property to ensure the database default is used when, and only when, appropriate. See https://aka.ms/efcore-docs-default-values for more information.
2026-06-16 13:13:44.040 +05:30 [WRN] The 'bool' property 'IsDeleted' on entity type 'ConsumerOtpVerification' is configured with a database-generated default, but has no configured sentinel value. The database-generated default will always be used for inserts when the property has the value 'False', since this is the CLR default for the 'bool' type. Consider using a nullable type, using a nullable backing field, or setting the sentinel value for the property to ensure the database default is used when, and only when, appropriate. See https://aka.ms/efcore-docs-default-values for more information.
2026-06-16 13:13:44.045 +05:30 [WRN] The 'bool' property 'IsDeleted' on entity type 'InAppNotification' is configured with a database-generated default, but has no configured sentinel value. The database-generated default will always be used for inserts when the property has the value 'False', since this is the CLR default for the 'bool' type. Consider using a nullable type, using a nullable backing field, or setting the sentinel value for the property to ensure the database default is used when, and only when, appropriate. See https://aka.ms/efcore-docs-default-values for more information.
2026-06-16 13:13:44.053 +05:30 [WRN] The 'bool' property 'IsRead' on entity type 'InAppNotification' is configured with a database-generated default, but has no configured sentinel value. The database-generated default will always be used for inserts when the property has the value 'False', since this is the CLR default for the 'bool' type. Consider using a nullable type, using a nullable backing field, or setting the sentinel value for the property to ensure the database default is used when, and only when, appropriate. See https://aka.ms/efcore-docs-default-values for more information.
2026-06-16 13:13:44.058 +05:30 [WRN] The 'bool' property 'ShowInSidebar' on entity type 'Menuitem' is configured with a database-generated default, but has no configured sentinel value. The database-generated default will always be used for inserts when the property has the value 'False', since this is the CLR default for the 'bool' type. Consider using a nullable type, using a nullable backing field, or setting the sentinel value for the property to ensure the database default is used when, and only when, appropriate. See https://aka.ms/efcore-docs-default-values for more information.
2026-06-16 13:13:44.067 +05:30 [WRN] The 'bool' property 'IsActive' on entity type 'PermissionModule' is configured with a database-generated default, but has no configured sentinel value. The database-generated default will always be used for inserts when the property has the value 'False', since this is the CLR default for the 'bool' type. Consider using a nullable type, using a nullable backing field, or setting the sentinel value for the property to ensure the database default is used when, and only when, appropriate. See https://aka.ms/efcore-docs-default-values for more information.
2026-06-16 13:13:44.072 +05:30 [WRN] The 'bool' property 'IsDeleted' on entity type 'PermissionModule' is configured with a database-generated default, but has no configured sentinel value. The database-generated default will always be used for inserts when the property has the value 'False', since this is the CLR default for the 'bool' type. Consider using a nullable type, using a nullable backing field, or setting the sentinel value for the property to ensure the database default is used when, and only when, appropriate. See https://aka.ms/efcore-docs-default-values for more information.
2026-06-16 13:58:50.591 +05:30 [INF] Now listening on: https://localhost:7183
2026-06-16 13:58:51.374 +05:30 [INF] Now listening on: http://localhost:5264
2026-06-16 13:58:53.504 +05:30 [INF] Application started. Press Ctrl+C to shut down.
2026-06-16 13:58:54.162 +05:30 [INF] Hosting environment: Development
2026-06-16 13:58:54.170 +05:30 [INF] Content root path: C:\Users\Lekesh\Prince Yadav\Vedang Projects\Water Bill\VedangSoft.BPMS\Water.Bill\src\Water.Bill.API
2026-06-16 13:59:04.094 +05:30 [WRN] The 'bool' property 'IsActive' on entity type 'CommunicationPurpose' is configured with a database-generated default, but has no configured sentinel value. The database-generated default will always be used for inserts when the property has the value 'False', since this is the CLR default for the 'bool' type. Consider using a nullable type, using a nullable backing field, or setting the sentinel value for the property to ensure the database default is used when, and only when, appropriate. See https://aka.ms/efcore-docs-default-values for more information.
2026-06-16 13:59:04.103 +05:30 [WRN] The 'bool' property 'IsSystem' on entity type 'CommunicationPurpose' is configured with a database-generated default, but has no configured sentinel value. The database-generated default will always be used for inserts when the property has the value 'False', since this is the CLR default for the 'bool' type. Consider using a nullable type, using a nullable backing field, or setting the sentinel value for the property to ensure the database default is used when, and only when, appropriate. See https://aka.ms/efcore-docs-default-values for more information.
2026-06-16 13:59:04.109 +05:30 [WRN] The 'bool' property 'IsActive' on entity type 'CommunicationTemplate' is configured with a database-generated default, but has no configured sentinel value. The database-generated default will always be used for inserts when the property has the value 'False', since this is the CLR default for the 'bool' type. Consider using a nullable type, using a nullable backing field, or setting the sentinel value for the property to ensure the database default is used when, and only when, appropriate. See https://aka.ms/efcore-docs-default-values for more information.
2026-06-16 13:59:04.119 +05:30 [WRN] The 'bool' property 'IsDefault' on entity type 'CommunicationTemplate' is configured with a database-generated default, but has no configured sentinel value. The database-generated default will always be used for inserts when the property has the value 'False', since this is the CLR default for the 'bool' type. Consider using a nullable type, using a nullable backing field, or setting the sentinel value for the property to ensure the database default is used when, and only when, appropriate. See https://aka.ms/efcore-docs-default-values for more information.
2026-06-16 13:59:04.135 +05:30 [WRN] The 'bool' property 'IsDeleted' on entity type 'CommunicationTemplate' is configured with a database-generated default, but has no configured sentinel value. The database-generated default will always be used for inserts when the property has the value 'False', since this is the CLR default for the 'bool' type. Consider using a nullable type, using a nullable backing field, or setting the sentinel value for the property to ensure the database default is used when, and only when, appropriate. See https://aka.ms/efcore-docs-default-values for more information.
2026-06-16 13:59:04.230 +05:30 [WRN] The 'bool' property 'IsActive' on entity type 'ConsumerOtpVerification' is configured with a database-generated default, but has no configured sentinel value. The database-generated default will always be used for inserts when the property has the value 'False', since this is the CLR default for the 'bool' type. Consider using a nullable type, using a nullable backing field, or setting the sentinel value for the property to ensure the database default is used when, and only when, appropriate. See https://aka.ms/efcore-docs-default-values for more information.
2026-06-16 13:59:04.248 +05:30 [WRN] The 'bool' property 'IsDeleted' on entity type 'ConsumerOtpVerification' is configured with a database-generated default, but has no configured sentinel value. The database-generated default will always be used for inserts when the property has the value 'False', since this is the CLR default for the 'bool' type. Consider using a nullable type, using a nullable backing field, or setting the sentinel value for the property to ensure the database default is used when, and only when, appropriate. See https://aka.ms/efcore-docs-default-values for more information.
2026-06-16 13:59:04.258 +05:30 [WRN] The 'bool' property 'IsDeleted' on entity type 'InAppNotification' is configured with a database-generated default, but has no configured sentinel value. The database-generated default will always be used for inserts when the property has the value 'False', since this is the CLR default for the 'bool' type. Consider using a nullable type, using a nullable backing field, or setting the sentinel value for the property to ensure the database default is used when, and only when, appropriate. See https://aka.ms/efcore-docs-default-values for more information.
2026-06-16 13:59:04.276 +05:30 [WRN] The 'bool' property 'IsRead' on entity type 'InAppNotification' is configured with a database-generated default, but has no configured sentinel value. The database-generated default will always be used for inserts when the property has the value 'False', since this is the CLR default for the 'bool' type. Consider using a nullable type, using a nullable backing field, or setting the sentinel value for the property to ensure the database default is used when, and only when, appropriate. See https://aka.ms/efcore-docs-default-values for more information.
2026-06-16 13:59:04.292 +05:30 [WRN] The 'bool' property 'ShowInSidebar' on entity type 'Menuitem' is configured with a database-generated default, but has no configured sentinel value. The database-generated default will always be used for inserts when the property has the value 'False', since this is the CLR default for the 'bool' type. Consider using a nullable type, using a nullable backing field, or setting the sentinel value for the property to ensure the database default is used when, and only when, appropriate. See https://aka.ms/efcore-docs-default-values for more information.
2026-06-16 13:59:04.307 +05:30 [WRN] The 'bool' property 'IsActive' on entity type 'PermissionModule' is configured with a database-generated default, but has no configured sentinel value. The database-generated default will always be used for inserts when the property has the value 'False', since this is the CLR default for the 'bool' type. Consider using a nullable type, using a nullable backing field, or setting the sentinel value for the property to ensure the database default is used when, and only when, appropriate. See https://aka.ms/efcore-docs-default-values for more information.
2026-06-16 13:59:04.326 +05:30 [WRN] The 'bool' property 'IsDeleted' on entity type 'PermissionModule' is configured with a database-generated default, but has no configured sentinel value. The database-generated default will always be used for inserts when the property has the value 'False', since this is the CLR default for the 'bool' type. Consider using a nullable type, using a nullable backing field, or setting the sentinel value for the property to ensure the database default is used when, and only when, appropriate. See https://aka.ms/efcore-docs-default-values for more information.
2026-06-16 14:00:52.137 +05:30 [WRN] The query uses the 'Distinct' operator after applying an ordering. If there are any row limiting operation used before 'Distinct' and after ordering then ordering will be used for it. Ordering(s) will be erased after 'Distinct' and results afterwards would be unordered.
2026-06-16 14:09:44.810 +05:30 [ERR] An exception was thrown while deserializing the token.
Microsoft.AspNetCore.Antiforgery.AntiforgeryValidationException: The antiforgery token could not be decrypted.
 ---> System.Security.Cryptography.CryptographicException: The key {30cc0c52-edeb-4845-8fec-02aa24329d17} was not found in the key ring. For more information go to https://aka.ms/aspnet/dataprotectionwarning
   at Microsoft.AspNetCore.DataProtection.KeyManagement.KeyRingBasedDataProtector.UnprotectCore(Byte[] protectedData, Boolean allowOperationsOnRevokedKeys, UnprotectStatus& status)
   at Microsoft.AspNetCore.DataProtection.KeyManagement.KeyRingBasedDataProtector.Unprotect(Byte[] protectedData)
   at Microsoft.AspNetCore.Antiforgery.DefaultAntiforgeryTokenSerializer.Deserialize(String serializedToken)
   --- End of inner exception stack trace ---
   at Microsoft.AspNetCore.Antiforgery.DefaultAntiforgeryTokenSerializer.Deserialize(String serializedToken)
   at Microsoft.AspNetCore.Antiforgery.DefaultAntiforgery.GetCookieTokenDoesNotThrow(HttpContext httpContext)
2026-06-16 14:10:17.121 +05:30 [ERR] Unhandled exception captured for /Dashboard. TraceId: 0HNMBG55LPDB9:00000039
System.OperationCanceledException: The operation was canceled.
   at System.Threading.CancellationToken.ThrowOperationCanceledException()
   at Microsoft.EntityFrameworkCore.Storage.ExecutionStrategy.ExecuteImplementationAsync[TState,TResult](Func`4 operation, Func`4 verifySucceeded, TState state, CancellationToken cancellationToken)
   at Microsoft.EntityFrameworkCore.Storage.ExecutionStrategy.ExecuteAsync[TState,TResult](TState state, Func`4 operation, Func`4 verifySucceeded, CancellationToken cancellationToken)
   at Microsoft.EntityFrameworkCore.Query.Internal.SingleQueryingEnumerable`1.AsyncEnumerator.MoveNextAsync()
   at Microsoft.EntityFrameworkCore.EntityFrameworkQueryableExtensions.ToListAsync[TSource](IQueryable`1 source, CancellationToken cancellationToken)
   at Microsoft.EntityFrameworkCore.EntityFrameworkQueryableExtensions.ToListAsync[TSource](IQueryable`1 source, CancellationToken cancellationToken)
   at Water.Bill.API.Controllers.Mvc.DashboardController.BuildDepartmentWorkloadChartAsync(IQueryable`1 pendingTaskQuery, CancellationToken ct) in C:\Users\Lekesh\Prince Yadav\Vedang Projects\Water Bill\VedangSoft.BPMS\Water.Bill\src\Water.Bill.API\Controllers\Mvc\DashboardController.cs:line 491
   at Water.Bill.API.Controllers.Mvc.DashboardController.BuildAdminDashboardAsync(String userName, String roleName, Nullable`1 defaulterThreshold, CancellationToken ct) in C:\Users\Lekesh\Prince Yadav\Vedang Projects\Water Bill\VedangSoft.BPMS\Water.Bill\src\Water.Bill.API\Controllers\Mvc\DashboardController.cs:line 131
   at Water.Bill.API.Controllers.Mvc.DashboardController.Index(Nullable`1 defaulterThreshold, CancellationToken ct) in C:\Users\Lekesh\Prince Yadav\Vedang Projects\Water Bill\VedangSoft.BPMS\Water.Bill\src\Water.Bill.API\Controllers\Mvc\DashboardController.cs:line 53
   at Microsoft.AspNetCore.Mvc.Infrastructure.ActionMethodExecutor.TaskOfIActionResultExecutor.Execute(ActionContext actionContext, IActionResultTypeMapper mapper, ObjectMethodExecutor executor, Object controller, Object[] arguments)
   at Microsoft.AspNetCore.Mvc.Infrastructure.ControllerActionInvoker.<InvokeActionMethodAsync>g__Awaited|12_0(ControllerActionInvoker invoker, ValueTask`1 actionResultValueTask)
   at Microsoft.AspNetCore.Mvc.Infrastructure.ControllerActionInvoker.<InvokeNextActionFilterAsync>g__Awaited|10_0(ControllerActionInvoker invoker, Task lastTask, State next, Scope scope, Object state, Boolean isCompleted)
   at Microsoft.AspNetCore.Mvc.Infrastructure.ControllerActionInvoker.Rethrow(ActionExecutedContextSealed context)
   at Microsoft.AspNetCore.Mvc.Infrastructure.ControllerActionInvoker.Next(State& next, Scope& scope, Object& state, Boolean& isCompleted)
   at Microsoft.AspNetCore.Mvc.Infrastructure.ControllerActionInvoker.<InvokeInnerFilterAsync>g__Awaited|13_0(ControllerActionInvoker invoker, Task lastTask, State next, Scope scope, Object state, Boolean isCompleted)
   at Microsoft.AspNetCore.Mvc.Infrastructure.ResourceInvoker.<InvokeNextResourceFilter>g__Awaited|25_0(ResourceInvoker invoker, Task lastTask, State next, Scope scope, Object state, Boolean isCompleted)
   at Microsoft.AspNetCore.Mvc.Infrastructure.ResourceInvoker.Rethrow(ResourceExecutedContextSealed context)
   at Microsoft.AspNetCore.Mvc.Infrastructure.ResourceInvoker.Next(State& next, Scope& scope, Object& state, Boolean& isCompleted)
   at Microsoft.AspNetCore.Mvc.Infrastructure.ResourceInvoker.<InvokeFilterPipelineAsync>g__Awaited|20_0(ResourceInvoker invoker, Task lastTask, State next, Scope scope, Object state, Boolean isCompleted)
   at Microsoft.AspNetCore.Mvc.Infrastructure.ResourceInvoker.<InvokeAsync>g__Awaited|17_0(ResourceInvoker invoker, Task task, IDisposable scope)
   at Microsoft.AspNetCore.Mvc.Infrastructure.ResourceInvoker.<InvokeAsync>g__Awaited|17_0(ResourceInvoker invoker, Task task, IDisposable scope)
   at Microsoft.AspNetCore.Authorization.AuthorizationMiddleware.Invoke(HttpContext context)
   at Program.<>c.<<<Main>$>b__0_5>d.MoveNext() in C:\Users\Lekesh\Prince Yadav\Vedang Projects\Water Bill\VedangSoft.BPMS\Water.Bill\src\Water.Bill.API\Program.cs:line 104
--- End of stack trace from previous location ---
   at Microsoft.AspNetCore.Authentication.AuthenticationMiddleware.Invoke(HttpContext context)
   at Water.Bill.Infrastructure.Middleware.GlobalExceptionLoggingMiddleware.InvokeAsync(HttpContext context) in C:\Users\Lekesh\Prince Yadav\Vedang Projects\Water Bill\VedangSoft.BPMS\Water.Bill\src\Water.Bill.Infrastructure\Middleware\GlobalExceptionLoggingMiddleware.cs:line 37
2026-06-16 14:10:38.939 +05:30 [ERR] Unhandled exception captured for /Dashboard. TraceId: 0HNMBG55LPDB9:0000003D
System.OperationCanceledException: The operation was canceled.
   at System.Threading.CancellationToken.ThrowOperationCanceledException()
   at Microsoft.EntityFrameworkCore.Storage.ExecutionStrategy.ExecuteImplementationAsync[TState,TResult](Func`4 operation, Func`4 verifySucceeded, TState state, CancellationToken cancellationToken)
   at Microsoft.EntityFrameworkCore.Storage.ExecutionStrategy.ExecuteAsync[TState,TResult](TState state, Func`4 operation, Func`4 verifySucceeded, CancellationToken cancellationToken)
   at Microsoft.EntityFrameworkCore.Query.Internal.SingleQueryingEnumerable`1.AsyncEnumerator.MoveNextAsync()
   at Microsoft.EntityFrameworkCore.EntityFrameworkQueryableExtensions.ToListAsync[TSource](IQueryable`1 source, CancellationToken cancellationToken)
   at Microsoft.EntityFrameworkCore.EntityFrameworkQueryableExtensions.ToListAsync[TSource](IQueryable`1 source, CancellationToken cancellationToken)
   at Water.Bill.API.Controllers.Mvc.DashboardController.BuildDepartmentWorkloadChartAsync(IQueryable`1 pendingTaskQuery, CancellationToken ct) in C:\Users\Lekesh\Prince Yadav\Vedang Projects\Water Bill\VedangSoft.BPMS\Water.Bill\src\Water.Bill.API\Controllers\Mvc\DashboardController.cs:line 491
   at Water.Bill.API.Controllers.Mvc.DashboardController.BuildAdminDashboardAsync(String userName, String roleName, Nullable`1 defaulterThreshold, CancellationToken ct) in C:\Users\Lekesh\Prince Yadav\Vedang Projects\Water Bill\VedangSoft.BPMS\Water.Bill\src\Water.Bill.API\Controllers\Mvc\DashboardController.cs:line 131
   at Water.Bill.API.Controllers.Mvc.DashboardController.Index(Nullable`1 defaulterThreshold, CancellationToken ct) in C:\Users\Lekesh\Prince Yadav\Vedang Projects\Water Bill\VedangSoft.BPMS\Water.Bill\src\Water.Bill.API\Controllers\Mvc\DashboardController.cs:line 53
   at Microsoft.AspNetCore.Mvc.Infrastructure.ActionMethodExecutor.TaskOfIActionResultExecutor.Execute(ActionContext actionContext, IActionResultTypeMapper mapper, ObjectMethodExecutor executor, Object controller, Object[] arguments)
   at Microsoft.AspNetCore.Mvc.Infrastructure.ControllerActionInvoker.<InvokeActionMethodAsync>g__Awaited|12_0(ControllerActionInvoker invoker, ValueTask`1 actionResultValueTask)
   at Microsoft.AspNetCore.Mvc.Infrastructure.ControllerActionInvoker.<InvokeNextActionFilterAsync>g__Awaited|10_0(ControllerActionInvoker invoker, Task lastTask, State next, Scope scope, Object state, Boolean isCompleted)
   at Microsoft.AspNetCore.Mvc.Infrastructure.ControllerActionInvoker.Rethrow(ActionExecutedContextSealed context)
   at Microsoft.AspNetCore.Mvc.Infrastructure.ControllerActionInvoker.Next(State& next, Scope& scope, Object& state, Boolean& isCompleted)
   at Microsoft.AspNetCore.Mvc.Infrastructure.ControllerActionInvoker.<InvokeInnerFilterAsync>g__Awaited|13_0(ControllerActionInvoker invoker, Task lastTask, State next, Scope scope, Object state, Boolean isCompleted)
   at Microsoft.AspNetCore.Mvc.Infrastructure.ResourceInvoker.<InvokeNextResourceFilter>g__Awaited|25_0(ResourceInvoker invoker, Task lastTask, State next, Scope scope, Object state, Boolean isCompleted)
   at Microsoft.AspNetCore.Mvc.Infrastructure.ResourceInvoker.Rethrow(ResourceExecutedContextSealed context)
   at Microsoft.AspNetCore.Mvc.Infrastructure.ResourceInvoker.Next(State& next, Scope& scope, Object& state, Boolean& isCompleted)
   at Microsoft.AspNetCore.Mvc.Infrastructure.ResourceInvoker.<InvokeFilterPipelineAsync>g__Awaited|20_0(ResourceInvoker invoker, Task lastTask, State next, Scope scope, Object state, Boolean isCompleted)
   at Microsoft.AspNetCore.Mvc.Infrastructure.ResourceInvoker.<InvokeAsync>g__Awaited|17_0(ResourceInvoker invoker, Task task, IDisposable scope)
   at Microsoft.AspNetCore.Mvc.Infrastructure.ResourceInvoker.<InvokeAsync>g__Awaited|17_0(ResourceInvoker invoker, Task task, IDisposable scope)
   at Microsoft.AspNetCore.Authorization.AuthorizationMiddleware.Invoke(HttpContext context)
   at Program.<>c.<<<Main>$>b__0_5>d.MoveNext() in C:\Users\Lekesh\Prince Yadav\Vedang Projects\Water Bill\VedangSoft.BPMS\Water.Bill\src\Water.Bill.API\Program.cs:line 104
--- End of stack trace from previous location ---
   at Microsoft.AspNetCore.Authentication.AuthenticationMiddleware.Invoke(HttpContext context)
   at Water.Bill.Infrastructure.Middleware.GlobalExceptionLoggingMiddleware.InvokeAsync(HttpContext context) in C:\Users\Lekesh\Prince Yadav\Vedang Projects\Water Bill\VedangSoft.BPMS\Water.Bill\src\Water.Bill.Infrastructure\Middleware\GlobalExceptionLoggingMiddleware.cs:line 37
2026-06-16 14:10:50.874 +05:30 [ERR] Unhandled exception captured for /Dashboard. TraceId: 0HNMBG55LPDB9:00000045
System.OperationCanceledException: The operation was canceled.
   at System.Threading.CancellationToken.ThrowOperationCanceledException()
   at Microsoft.EntityFrameworkCore.Storage.ExecutionStrategy.ExecuteImplementationAsync[TState,TResult](Func`4 operation, Func`4 verifySucceeded, TState state, CancellationToken cancellationToken)
   at Microsoft.EntityFrameworkCore.Storage.ExecutionStrategy.ExecuteAsync[TState,TResult](TState state, Func`4 operation, Func`4 verifySucceeded, CancellationToken cancellationToken)
   at Microsoft.EntityFrameworkCore.Query.Internal.SingleQueryingEnumerable`1.AsyncEnumerator.MoveNextAsync()
   at Microsoft.EntityFrameworkCore.Query.ShapedQueryCompilingExpressionVisitor.SingleAsync[TSource](IAsyncEnumerable`1 asyncEnumerable, CancellationToken cancellationToken)
   at Microsoft.EntityFrameworkCore.Query.ShapedQueryCompilingExpressionVisitor.SingleAsync[TSource](IAsyncEnumerable`1 asyncEnumerable, CancellationToken cancellationToken)
   at Water.Bill.API.Controllers.Mvc.DashboardController.BuildAdminDashboardAsync(String userName, String roleName, Nullable`1 defaulterThreshold, CancellationToken ct) in C:\Users\Lekesh\Prince Yadav\Vedang Projects\Water Bill\VedangSoft.BPMS\Water.Bill\src\Water.Bill.API\Controllers\Mvc\DashboardController.cs:line 67
   at Water.Bill.API.Controllers.Mvc.DashboardController.Index(Nullable`1 defaulterThreshold, CancellationToken ct) in C:\Users\Lekesh\Prince Yadav\Vedang Projects\Water Bill\VedangSoft.BPMS\Water.Bill\src\Water.Bill.API\Controllers\Mvc\DashboardController.cs:line 53
   at Microsoft.AspNetCore.Mvc.Infrastructure.ActionMethodExecutor.TaskOfIActionResultExecutor.Execute(ActionContext actionContext, IActionResultTypeMapper mapper, ObjectMethodExecutor executor, Object controller, Object[] arguments)
   at Microsoft.AspNetCore.Mvc.Infrastructure.ControllerActionInvoker.<InvokeActionMethodAsync>g__Awaited|12_0(ControllerActionInvoker invoker, ValueTask`1 actionResultValueTask)
   at Microsoft.AspNetCore.Mvc.Infrastructure.ControllerActionInvoker.<InvokeNextActionFilterAsync>g__Awaited|10_0(ControllerActionInvoker invoker, Task lastTask, State next, Scope scope, Object state, Boolean isCompleted)
   at Microsoft.AspNetCore.Mvc.Infrastructure.ControllerActionInvoker.Rethrow(ActionExecutedContextSealed context)
   at Microsoft.AspNetCore.Mvc.Infrastructure.ControllerActionInvoker.Next(State& next, Scope& scope, Object& state, Boolean& isCompleted)
   at Microsoft.AspNetCore.Mvc.Infrastructure.ControllerActionInvoker.<InvokeInnerFilterAsync>g__Awaited|13_0(ControllerActionInvoker invoker, Task lastTask, State next, Scope scope, Object state, Boolean isCompleted)
   at Microsoft.AspNetCore.Mvc.Infrastructure.ResourceInvoker.<InvokeNextResourceFilter>g__Awaited|25_0(ResourceInvoker invoker, Task lastTask, State next, Scope scope, Object state, Boolean isCompleted)
   at Microsoft.AspNetCore.Mvc.Infrastructure.ResourceInvoker.Rethrow(ResourceExecutedContextSealed context)
   at Microsoft.AspNetCore.Mvc.Infrastructure.ResourceInvoker.Next(State& next, Scope& scope, Object& state, Boolean& isCompleted)
   at Microsoft.AspNetCore.Mvc.Infrastructure.ResourceInvoker.<InvokeFilterPipelineAsync>g__Awaited|20_0(ResourceInvoker invoker, Task lastTask, State next, Scope scope, Object state, Boolean isCompleted)
   at Microsoft.AspNetCore.Mvc.Infrastructure.ResourceInvoker.<InvokeAsync>g__Awaited|17_0(ResourceInvoker invoker, Task task, IDisposable scope)
   at Microsoft.AspNetCore.Mvc.Infrastructure.ResourceInvoker.<InvokeAsync>g__Awaited|17_0(ResourceInvoker invoker, Task task, IDisposable scope)
   at Microsoft.AspNetCore.Authorization.AuthorizationMiddleware.Invoke(HttpContext context)
   at Program.<>c.<<<Main>$>b__0_5>d.MoveNext() in C:\Users\Lekesh\Prince Yadav\Vedang Projects\Water Bill\VedangSoft.BPMS\Water.Bill\src\Water.Bill.API\Program.cs:line 104
--- End of stack trace from previous location ---
   at Microsoft.AspNetCore.Authentication.AuthenticationMiddleware.Invoke(HttpContext context)
   at Water.Bill.Infrastructure.Middleware.GlobalExceptionLoggingMiddleware.InvokeAsync(HttpContext context) in C:\Users\Lekesh\Prince Yadav\Vedang Projects\Water Bill\VedangSoft.BPMS\Water.Bill\src\Water.Bill.Infrastructure\Middleware\GlobalExceptionLoggingMiddleware.cs:line 37
2026-06-16 14:10:52.262 +05:30 [ERR] Unhandled exception captured for /Dashboard. TraceId: 0HNMBG55LPDB9:00000041
System.Threading.Tasks.TaskCanceledException: A task was canceled.
   at Microsoft.EntityFrameworkCore.Query.Internal.BufferedDataReader.BufferedDataRecord.InitializeAsync(DbDataReader reader, IReadOnlyList`1 columns, CancellationToken cancellationToken)
   at Microsoft.EntityFrameworkCore.Query.Internal.BufferedDataReader.InitializeAsync(IReadOnlyList`1 columns, CancellationToken cancellationToken)
   at Microsoft.EntityFrameworkCore.Query.Internal.BufferedDataReader.InitializeAsync(IReadOnlyList`1 columns, CancellationToken cancellationToken)
   at Microsoft.EntityFrameworkCore.Storage.RelationalCommand.ExecuteReaderAsync(RelationalCommandParameterObject parameterObject, CancellationToken cancellationToken)
   at Microsoft.EntityFrameworkCore.Storage.RelationalCommand.ExecuteReaderAsync(RelationalCommandParameterObject parameterObject, CancellationToken cancellationToken)
   at Microsoft.EntityFrameworkCore.Query.Internal.SingleQueryingEnumerable`1.AsyncEnumerator.InitializeReaderAsync(AsyncEnumerator enumerator, CancellationToken cancellationToken)
   at Microsoft.EntityFrameworkCore.Storage.ExecutionStrategy.<>c__DisplayClass30_0`2.<<ExecuteAsync>b__0>d.MoveNext()
--- End of stack trace from previous location ---
   at Microsoft.EntityFrameworkCore.Storage.ExecutionStrategy.ExecuteImplementationAsync[TState,TResult](Func`4 operation, Func`4 verifySucceeded, TState state, CancellationToken cancellationToken)
   at Microsoft.EntityFrameworkCore.Storage.ExecutionStrategy.ExecuteImplementationAsync[TState,TResult](Func`4 operation, Func`4 verifySucceeded, TState state, CancellationToken cancellationToken)
   at Microsoft.EntityFrameworkCore.Storage.ExecutionStrategy.ExecuteAsync[TState,TResult](TState state, Func`4 operation, Func`4 verifySucceeded, CancellationToken cancellationToken)
   at Microsoft.EntityFrameworkCore.Query.Internal.SingleQueryingEnumerable`1.AsyncEnumerator.MoveNextAsync()
   at Microsoft.EntityFrameworkCore.Query.ShapedQueryCompilingExpressionVisitor.SingleAsync[TSource](IAsyncEnumerable`1 asyncEnumerable, CancellationToken cancellationToken)
   at Microsoft.EntityFrameworkCore.Query.ShapedQueryCompilingExpressionVisitor.SingleAsync[TSource](IAsyncEnumerable`1 asyncEnumerable, CancellationToken cancellationToken)
   at Water.Bill.API.Controllers.Mvc.DashboardController.BuildAdminDashboardAsync(String userName, String roleName, Nullable`1 defaulterThreshold, CancellationToken ct) in C:\Users\Lekesh\Prince Yadav\Vedang Projects\Water Bill\VedangSoft.BPMS\Water.Bill\src\Water.Bill.API\Controllers\Mvc\DashboardController.cs:line 75
   at Water.Bill.API.Controllers.Mvc.DashboardController.Index(Nullable`1 defaulterThreshold, CancellationToken ct) in C:\Users\Lekesh\Prince Yadav\Vedang Projects\Water Bill\VedangSoft.BPMS\Water.Bill\src\Water.Bill.API\Controllers\Mvc\DashboardController.cs:line 53
   at Microsoft.AspNetCore.Mvc.Infrastructure.ActionMethodExecutor.TaskOfIActionResultExecutor.Execute(ActionContext actionContext, IActionResultTypeMapper mapper, ObjectMethodExecutor executor, Object controller, Object[] arguments)
   at Microsoft.AspNetCore.Mvc.Infrastructure.ControllerActionInvoker.<InvokeActionMethodAsync>g__Awaited|12_0(ControllerActionInvoker invoker, ValueTask`1 actionResultValueTask)
   at Microsoft.AspNetCore.Mvc.Infrastructure.ControllerActionInvoker.<InvokeNextActionFilterAsync>g__Awaited|10_0(ControllerActionInvoker invoker, Task lastTask, State next, Scope scope, Object state, Boolean isCompleted)
   at Microsoft.AspNetCore.Mvc.Infrastructure.ControllerActionInvoker.Rethrow(ActionExecutedContextSealed context)
   at Microsoft.AspNetCore.Mvc.Infrastructure.ControllerActionInvoker.Next(State& next, Scope& scope, Object& state, Boolean& isCompleted)
   at Microsoft.AspNetCore.Mvc.Infrastructure.ControllerActionInvoker.<InvokeInnerFilterAsync>g__Awaited|13_0(ControllerActionInvoker invoker, Task lastTask, State next, Scope scope, Object state, Boolean isCompleted)
   at Microsoft.AspNetCore.Mvc.Infrastructure.ResourceInvoker.<InvokeNextResourceFilter>g__Awaited|25_0(ResourceInvoker invoker, Task lastTask, State next, Scope scope, Object state, Boolean isCompleted)
   at Microsoft.AspNetCore.Mvc.Infrastructure.ResourceInvoker.Rethrow(ResourceExecutedContextSealed context)
   at Microsoft.AspNetCore.Mvc.Infrastructure.ResourceInvoker.Next(State& next, Scope& scope, Object& state, Boolean& isCompleted)
   at Microsoft.AspNetCore.Mvc.Infrastructure.ResourceInvoker.<InvokeFilterPipelineAsync>g__Awaited|20_0(ResourceInvoker invoker, Task lastTask, State next, Scope scope, Object state, Boolean isCompleted)
   at Microsoft.AspNetCore.Mvc.Infrastructure.ResourceInvoker.<InvokeAsync>g__Awaited|17_0(ResourceInvoker invoker, Task task, IDisposable scope)
   at Microsoft.AspNetCore.Mvc.Infrastructure.ResourceInvoker.<InvokeAsync>g__Awaited|17_0(ResourceInvoker invoker, Task task, IDisposable scope)
   at Microsoft.AspNetCore.Authorization.AuthorizationMiddleware.Invoke(HttpContext context)
   at Program.<>c.<<<Main>$>b__0_5>d.MoveNext() in C:\Users\Lekesh\Prince Yadav\Vedang Projects\Water Bill\VedangSoft.BPMS\Water.Bill\src\Water.Bill.API\Program.cs:line 104
--- End of stack trace from previous location ---
   at Microsoft.AspNetCore.Authentication.AuthenticationMiddleware.Invoke(HttpContext context)
   at Water.Bill.Infrastructure.Middleware.GlobalExceptionLoggingMiddleware.InvokeAsync(HttpContext context) in C:\Users\Lekesh\Prince Yadav\Vedang Projects\Water Bill\VedangSoft.BPMS\Water.Bill\src\Water.Bill.Infrastructure\Middleware\GlobalExceptionLoggingMiddleware.cs:line 37
2026-06-16 14:11:04.774 +05:30 [ERR] An exception was thrown while deserializing the token.
Microsoft.AspNetCore.Antiforgery.AntiforgeryValidationException: The antiforgery token could not be decrypted.
 ---> System.Security.Cryptography.CryptographicException: The key {30cc0c52-edeb-4845-8fec-02aa24329d17} was not found in the key ring. For more information go to https://aka.ms/aspnet/dataprotectionwarning
   at Microsoft.AspNetCore.DataProtection.KeyManagement.KeyRingBasedDataProtector.UnprotectCore(Byte[] protectedData, Boolean allowOperationsOnRevokedKeys, UnprotectStatus& status)
   at Microsoft.AspNetCore.DataProtection.KeyManagement.KeyRingBasedDataProtector.Unprotect(Byte[] protectedData)
   at Microsoft.AspNetCore.Antiforgery.DefaultAntiforgeryTokenSerializer.Deserialize(String serializedToken)
   --- End of inner exception stack trace ---
   at Microsoft.AspNetCore.Antiforgery.DefaultAntiforgeryTokenSerializer.Deserialize(String serializedToken)
   at Microsoft.AspNetCore.Antiforgery.DefaultAntiforgery.GetCookieTokenDoesNotThrow(HttpContext httpContext)
2026-06-16 14:18:39.800 +05:30 [INF] Now listening on: https://localhost:7183
2026-06-16 14:18:39.925 +05:30 [INF] Now listening on: http://localhost:5264
2026-06-16 14:18:40.387 +05:30 [INF] Application started. Press Ctrl+C to shut down.
2026-06-16 14:18:40.396 +05:30 [INF] Hosting environment: Development
2026-06-16 14:18:40.406 +05:30 [INF] Content root path: C:\Users\Lekesh\Prince Yadav\Vedang Projects\Water Bill\VedangSoft.BPMS\Water.Bill\src\Water.Bill.API
2026-06-16 14:18:53.059 +05:30 [WRN] The 'bool' property 'IsActive' on entity type 'CommunicationPurpose' is configured with a database-generated default, but has no configured sentinel value. The database-generated default will always be used for inserts when the property has the value 'False', since this is the CLR default for the 'bool' type. Consider using a nullable type, using a nullable backing field, or setting the sentinel value for the property to ensure the database default is used when, and only when, appropriate. See https://aka.ms/efcore-docs-default-values for more information.
2026-06-16 14:18:53.070 +05:30 [WRN] The 'bool' property 'IsSystem' on entity type 'CommunicationPurpose' is configured with a database-generated default, but has no configured sentinel value. The database-generated default will always be used for inserts when the property has the value 'False', since this is the CLR default for the 'bool' type. Consider using a nullable type, using a nullable backing field, or setting the sentinel value for the property to ensure the database default is used when, and only when, appropriate. See https://aka.ms/efcore-docs-default-values for more information.
2026-06-16 14:18:53.078 +05:30 [WRN] The 'bool' property 'IsActive' on entity type 'CommunicationTemplate' is configured with a database-generated default, but has no configured sentinel value. The database-generated default will always be used for inserts when the property has the value 'False', since this is the CLR default for the 'bool' type. Consider using a nullable type, using a nullable backing field, or setting the sentinel value for the property to ensure the database default is used when, and only when, appropriate. See https://aka.ms/efcore-docs-default-values for more information.
2026-06-16 14:18:53.082 +05:30 [WRN] The 'bool' property 'IsDefault' on entity type 'CommunicationTemplate' is configured with a database-generated default, but has no configured sentinel value. The database-generated default will always be used for inserts when the property has the value 'False', since this is the CLR default for the 'bool' type. Consider using a nullable type, using a nullable backing field, or setting the sentinel value for the property to ensure the database default is used when, and only when, appropriate. See https://aka.ms/efcore-docs-default-values for more information.
2026-06-16 14:18:53.090 +05:30 [WRN] The 'bool' property 'IsDeleted' on entity type 'CommunicationTemplate' is configured with a database-generated default, but has no configured sentinel value. The database-generated default will always be used for inserts when the property has the value 'False', since this is the CLR default for the 'bool' type. Consider using a nullable type, using a nullable backing field, or setting the sentinel value for the property to ensure the database default is used when, and only when, appropriate. See https://aka.ms/efcore-docs-default-values for more information.
2026-06-16 14:18:53.100 +05:30 [WRN] The 'bool' property 'IsActive' on entity type 'ConsumerOtpVerification' is configured with a database-generated default, but has no configured sentinel value. The database-generated default will always be used for inserts when the property has the value 'False', since this is the CLR default for the 'bool' type. Consider using a nullable type, using a nullable backing field, or setting the sentinel value for the property to ensure the database default is used when, and only when, appropriate. See https://aka.ms/efcore-docs-default-values for more information.
2026-06-16 14:18:53.112 +05:30 [WRN] The 'bool' property 'IsDeleted' on entity type 'ConsumerOtpVerification' is configured with a database-generated default, but has no configured sentinel value. The database-generated default will always be used for inserts when the property has the value 'False', since this is the CLR default for the 'bool' type. Consider using a nullable type, using a nullable backing field, or setting the sentinel value for the property to ensure the database default is used when, and only when, appropriate. See https://aka.ms/efcore-docs-default-values for more information.
2026-06-16 14:18:53.118 +05:30 [WRN] The 'bool' property 'IsDeleted' on entity type 'InAppNotification' is configured with a database-generated default, but has no configured sentinel value. The database-generated default will always be used for inserts when the property has the value 'False', since this is the CLR default for the 'bool' type. Consider using a nullable type, using a nullable backing field, or setting the sentinel value for the property to ensure the database default is used when, and only when, appropriate. See https://aka.ms/efcore-docs-default-values for more information.
2026-06-16 14:18:53.127 +05:30 [WRN] The 'bool' property 'IsRead' on entity type 'InAppNotification' is configured with a database-generated default, but has no configured sentinel value. The database-generated default will always be used for inserts when the property has the value 'False', since this is the CLR default for the 'bool' type. Consider using a nullable type, using a nullable backing field, or setting the sentinel value for the property to ensure the database default is used when, and only when, appropriate. See https://aka.ms/efcore-docs-default-values for more information.
2026-06-16 14:18:53.137 +05:30 [WRN] The 'bool' property 'ShowInSidebar' on entity type 'Menuitem' is configured with a database-generated default, but has no configured sentinel value. The database-generated default will always be used for inserts when the property has the value 'False', since this is the CLR default for the 'bool' type. Consider using a nullable type, using a nullable backing field, or setting the sentinel value for the property to ensure the database default is used when, and only when, appropriate. See https://aka.ms/efcore-docs-default-values for more information.
2026-06-16 14:18:53.145 +05:30 [WRN] The 'bool' property 'IsActive' on entity type 'PermissionModule' is configured with a database-generated default, but has no configured sentinel value. The database-generated default will always be used for inserts when the property has the value 'False', since this is the CLR default for the 'bool' type. Consider using a nullable type, using a nullable backing field, or setting the sentinel value for the property to ensure the database default is used when, and only when, appropriate. See https://aka.ms/efcore-docs-default-values for more information.
2026-06-16 14:18:53.154 +05:30 [WRN] The 'bool' property 'IsDeleted' on entity type 'PermissionModule' is configured with a database-generated default, but has no configured sentinel value. The database-generated default will always be used for inserts when the property has the value 'False', since this is the CLR default for the 'bool' type. Consider using a nullable type, using a nullable backing field, or setting the sentinel value for the property to ensure the database default is used when, and only when, appropriate. See https://aka.ms/efcore-docs-default-values for more information.
2026-06-16 15:06:07.070 +05:30 [INF] Now listening on: https://localhost:7183
2026-06-16 15:06:07.190 +05:30 [INF] Now listening on: http://localhost:5264
2026-06-16 15:06:08.881 +05:30 [INF] Application started. Press Ctrl+C to shut down.
2026-06-16 15:06:10.890 +05:30 [INF] Hosting environment: Development
2026-06-16 15:06:11.122 +05:30 [INF] Content root path: C:\Users\Lekesh\Prince Yadav\Vedang Projects\Water Bill\VedangSoft.BPMS\Water.Bill\src\Water.Bill.API
2026-06-16 15:06:27.566 +05:30 [WRN] The 'bool' property 'IsActive' on entity type 'CommunicationPurpose' is configured with a database-generated default, but has no configured sentinel value. The database-generated default will always be used for inserts when the property has the value 'False', since this is the CLR default for the 'bool' type. Consider using a nullable type, using a nullable backing field, or setting the sentinel value for the property to ensure the database default is used when, and only when, appropriate. See https://aka.ms/efcore-docs-default-values for more information.
2026-06-16 15:06:27.619 +05:30 [WRN] The 'bool' property 'IsSystem' on entity type 'CommunicationPurpose' is configured with a database-generated default, but has no configured sentinel value. The database-generated default will always be used for inserts when the property has the value 'False', since this is the CLR default for the 'bool' type. Consider using a nullable type, using a nullable backing field, or setting the sentinel value for the property to ensure the database default is used when, and only when, appropriate. See https://aka.ms/efcore-docs-default-values for more information.
2026-06-16 15:06:27.734 +05:30 [WRN] The 'bool' property 'IsActive' on entity type 'CommunicationTemplate' is configured with a database-generated default, but has no configured sentinel value. The database-generated default will always be used for inserts when the property has the value 'False', since this is the CLR default for the 'bool' type. Consider using a nullable type, using a nullable backing field, or setting the sentinel value for the property to ensure the database default is used when, and only when, appropriate. See https://aka.ms/efcore-docs-default-values for more information.
2026-06-16 15:06:27.899 +05:30 [WRN] The 'bool' property 'IsDefault' on entity type 'CommunicationTemplate' is configured with a database-generated default, but has no configured sentinel value. The database-generated default will always be used for inserts when the property has the value 'False', since this is the CLR default for the 'bool' type. Consider using a nullable type, using a nullable backing field, or setting the sentinel value for the property to ensure the database default is used when, and only when, appropriate. See https://aka.ms/efcore-docs-default-values for more information.
2026-06-16 15:06:27.903 +05:30 [WRN] The 'bool' property 'IsDeleted' on entity type 'CommunicationTemplate' is configured with a database-generated default, but has no configured sentinel value. The database-generated default will always be used for inserts when the property has the value 'False', since this is the CLR default for the 'bool' type. Consider using a nullable type, using a nullable backing field, or setting the sentinel value for the property to ensure the database default is used when, and only when, appropriate. See https://aka.ms/efcore-docs-default-values for more information.
2026-06-16 15:06:27.933 +05:30 [WRN] The 'bool' property 'IsActive' on entity type 'ConsumerOtpVerification' is configured with a database-generated default, but has no configured sentinel value. The database-generated default will always be used for inserts when the property has the value 'False', since this is the CLR default for the 'bool' type. Consider using a nullable type, using a nullable backing field, or setting the sentinel value for the property to ensure the database default is used when, and only when, appropriate. See https://aka.ms/efcore-docs-default-values for more information.
2026-06-16 15:06:27.952 +05:30 [WRN] The 'bool' property 'IsDeleted' on entity type 'ConsumerOtpVerification' is configured with a database-generated default, but has no configured sentinel value. The database-generated default will always be used for inserts when the property has the value 'False', since this is the CLR default for the 'bool' type. Consider using a nullable type, using a nullable backing field, or setting the sentinel value for the property to ensure the database default is used when, and only when, appropriate. See https://aka.ms/efcore-docs-default-values for more information.
2026-06-16 15:06:28.167 +05:30 [WRN] The 'bool' property 'IsDeleted' on entity type 'InAppNotification' is configured with a database-generated default, but has no configured sentinel value. The database-generated default will always be used for inserts when the property has the value 'False', since this is the CLR default for the 'bool' type. Consider using a nullable type, using a nullable backing field, or setting the sentinel value for the property to ensure the database default is used when, and only when, appropriate. See https://aka.ms/efcore-docs-default-values for more information.
2026-06-16 15:06:28.197 +05:30 [WRN] The 'bool' property 'IsRead' on entity type 'InAppNotification' is configured with a database-generated default, but has no configured sentinel value. The database-generated default will always be used for inserts when the property has the value 'False', since this is the CLR default for the 'bool' type. Consider using a nullable type, using a nullable backing field, or setting the sentinel value for the property to ensure the database default is used when, and only when, appropriate. See https://aka.ms/efcore-docs-default-values for more information.
2026-06-16 15:06:28.220 +05:30 [WRN] The 'bool' property 'ShowInSidebar' on entity type 'Menuitem' is configured with a database-generated default, but has no configured sentinel value. The database-generated default will always be used for inserts when the property has the value 'False', since this is the CLR default for the 'bool' type. Consider using a nullable type, using a nullable backing field, or setting the sentinel value for the property to ensure the database default is used when, and only when, appropriate. See https://aka.ms/efcore-docs-default-values for more information.
2026-06-16 15:06:28.549 +05:30 [WRN] The 'bool' property 'IsActive' on entity type 'PermissionModule' is configured with a database-generated default, but has no configured sentinel value. The database-generated default will always be used for inserts when the property has the value 'False', since this is the CLR default for the 'bool' type. Consider using a nullable type, using a nullable backing field, or setting the sentinel value for the property to ensure the database default is used when, and only when, appropriate. See https://aka.ms/efcore-docs-default-values for more information.
2026-06-16 15:06:28.581 +05:30 [WRN] The 'bool' property 'IsDeleted' on entity type 'PermissionModule' is configured with a database-generated default, but has no configured sentinel value. The database-generated default will always be used for inserts when the property has the value 'False', since this is the CLR default for the 'bool' type. Consider using a nullable type, using a nullable backing field, or setting the sentinel value for the property to ensure the database default is used when, and only when, appropriate. See https://aka.ms/efcore-docs-default-values for more information.
2026-06-16 15:07:52.293 +05:30 [ERR] Unhandled exception captured for /Dashboard. TraceId: 0HNMBHAOJIAOU:0000001B
System.Threading.Tasks.TaskCanceledException: A task was canceled.
   at Microsoft.EntityFrameworkCore.Query.Internal.BufferedDataReader.BufferedDataRecord.InitializeAsync(DbDataReader reader, IReadOnlyList`1 columns, CancellationToken cancellationToken)
   at Microsoft.EntityFrameworkCore.Query.Internal.BufferedDataReader.InitializeAsync(IReadOnlyList`1 columns, CancellationToken cancellationToken)
   at Microsoft.EntityFrameworkCore.Query.Internal.BufferedDataReader.InitializeAsync(IReadOnlyList`1 columns, CancellationToken cancellationToken)
   at Microsoft.EntityFrameworkCore.Storage.RelationalCommand.ExecuteReaderAsync(RelationalCommandParameterObject parameterObject, CancellationToken cancellationToken)
   at Microsoft.EntityFrameworkCore.Storage.RelationalCommand.ExecuteReaderAsync(RelationalCommandParameterObject parameterObject, CancellationToken cancellationToken)
   at Microsoft.EntityFrameworkCore.Query.Internal.SingleQueryingEnumerable`1.AsyncEnumerator.InitializeReaderAsync(AsyncEnumerator enumerator, CancellationToken cancellationToken)
   at Microsoft.EntityFrameworkCore.Storage.ExecutionStrategy.<>c__DisplayClass30_0`2.<<ExecuteAsync>b__0>d.MoveNext()
--- End of stack trace from previous location ---
   at Microsoft.EntityFrameworkCore.Storage.ExecutionStrategy.ExecuteImplementationAsync[TState,TResult](Func`4 operation, Func`4 verifySucceeded, TState state, CancellationToken cancellationToken)
   at Microsoft.EntityFrameworkCore.Storage.ExecutionStrategy.ExecuteImplementationAsync[TState,TResult](Func`4 operation, Func`4 verifySucceeded, TState state, CancellationToken cancellationToken)
   at Microsoft.EntityFrameworkCore.Storage.ExecutionStrategy.ExecuteAsync[TState,TResult](TState state, Func`4 operation, Func`4 verifySucceeded, CancellationToken cancellationToken)
   at Microsoft.EntityFrameworkCore.Query.Internal.SingleQueryingEnumerable`1.AsyncEnumerator.MoveNextAsync()
   at Microsoft.EntityFrameworkCore.EntityFrameworkQueryableExtensions.ToListAsync[TSource](IQueryable`1 source, CancellationToken cancellationToken)
   at Microsoft.EntityFrameworkCore.EntityFrameworkQueryableExtensions.ToListAsync[TSource](IQueryable`1 source, CancellationToken cancellationToken)
   at Water.Bill.API.Controllers.Mvc.DashboardController.BuildPaymentCollectionByTypeChartAsync(CancellationToken ct) in C:\Users\Lekesh\Prince Yadav\Vedang Projects\Water Bill\VedangSoft.BPMS\Water.Bill\src\Water.Bill.API\Controllers\Mvc\DashboardController.cs:line 327
   at Water.Bill.API.Controllers.Mvc.DashboardController.BuildAdminDashboardAsync(String userName, String roleName, Nullable`1 defaulterThreshold, CancellationToken ct) in C:\Users\Lekesh\Prince Yadav\Vedang Projects\Water Bill\VedangSoft.BPMS\Water.Bill\src\Water.Bill.API\Controllers\Mvc\DashboardController.cs:line 121
   at Water.Bill.API.Controllers.Mvc.DashboardController.Index(Nullable`1 defaulterThreshold, CancellationToken ct) in C:\Users\Lekesh\Prince Yadav\Vedang Projects\Water Bill\VedangSoft.BPMS\Water.Bill\src\Water.Bill.API\Controllers\Mvc\DashboardController.cs:line 53
   at Microsoft.AspNetCore.Mvc.Infrastructure.ActionMethodExecutor.TaskOfIActionResultExecutor.Execute(ActionContext actionContext, IActionResultTypeMapper mapper, ObjectMethodExecutor executor, Object controller, Object[] arguments)
   at Microsoft.AspNetCore.Mvc.Infrastructure.ControllerActionInvoker.<InvokeActionMethodAsync>g__Awaited|12_0(ControllerActionInvoker invoker, ValueTask`1 actionResultValueTask)
   at Microsoft.AspNetCore.Mvc.Infrastructure.ControllerActionInvoker.<InvokeNextActionFilterAsync>g__Awaited|10_0(ControllerActionInvoker invoker, Task lastTask, State next, Scope scope, Object state, Boolean isCompleted)
   at Microsoft.AspNetCore.Mvc.Infrastructure.ControllerActionInvoker.Rethrow(ActionExecutedContextSealed context)
   at Microsoft.AspNetCore.Mvc.Infrastructure.ControllerActionInvoker.Next(State& next, Scope& scope, Object& state, Boolean& isCompleted)
   at Microsoft.AspNetCore.Mvc.Infrastructure.ControllerActionInvoker.<InvokeInnerFilterAsync>g__Awaited|13_0(ControllerActionInvoker invoker, Task lastTask, State next, Scope scope, Object state, Boolean isCompleted)
   at Microsoft.AspNetCore.Mvc.Infrastructure.ResourceInvoker.<InvokeNextResourceFilter>g__Awaited|25_0(ResourceInvoker invoker, Task lastTask, State next, Scope scope, Object state, Boolean isCompleted)
   at Microsoft.AspNetCore.Mvc.Infrastructure.ResourceInvoker.Rethrow(ResourceExecutedContextSealed context)
   at Microsoft.AspNetCore.Mvc.Infrastructure.ResourceInvoker.Next(State& next, Scope& scope, Object& state, Boolean& isCompleted)
   at Microsoft.AspNetCore.Mvc.Infrastructure.ResourceInvoker.<InvokeFilterPipelineAsync>g__Awaited|20_0(ResourceInvoker invoker, Task lastTask, State next, Scope scope, Object state, Boolean isCompleted)
   at Microsoft.AspNetCore.Mvc.Infrastructure.ResourceInvoker.<InvokeAsync>g__Awaited|17_0(ResourceInvoker invoker, Task task, IDisposable scope)
   at Microsoft.AspNetCore.Mvc.Infrastructure.ResourceInvoker.<InvokeAsync>g__Awaited|17_0(ResourceInvoker invoker, Task task, IDisposable scope)
   at Microsoft.AspNetCore.Authorization.AuthorizationMiddleware.Invoke(HttpContext context)
   at Program.<>c.<<<Main>$>b__0_5>d.MoveNext() in C:\Users\Lekesh\Prince Yadav\Vedang Projects\Water Bill\VedangSoft.BPMS\Water.Bill\src\Water.Bill.API\Program.cs:line 104
--- End of stack trace from previous location ---
   at Microsoft.AspNetCore.Authentication.AuthenticationMiddleware.Invoke(HttpContext context)
   at Water.Bill.Infrastructure.Middleware.GlobalExceptionLoggingMiddleware.InvokeAsync(HttpContext context) in C:\Users\Lekesh\Prince Yadav\Vedang Projects\Water Bill\VedangSoft.BPMS\Water.Bill\src\Water.Bill.Infrastructure\Middleware\GlobalExceptionLoggingMiddleware.cs:line 37
2026-06-16 15:08:37.358 +05:30 [INF] Now listening on: https://localhost:7183
2026-06-16 15:08:37.558 +05:30 [INF] Now listening on: http://localhost:5264
2026-06-16 15:08:38.272 +05:30 [INF] Application started. Press Ctrl+C to shut down.
2026-06-16 15:08:38.956 +05:30 [INF] Hosting environment: Development
2026-06-16 15:08:38.957 +05:30 [INF] Content root path: C:\Users\Lekesh\Prince Yadav\Vedang Projects\Water Bill\VedangSoft.BPMS\Water.Bill\src\Water.Bill.API
2026-06-16 15:08:50.706 +05:30 [WRN] The 'bool' property 'IsActive' on entity type 'CommunicationPurpose' is configured with a database-generated default, but has no configured sentinel value. The database-generated default will always be used for inserts when the property has the value 'False', since this is the CLR default for the 'bool' type. Consider using a nullable type, using a nullable backing field, or setting the sentinel value for the property to ensure the database default is used when, and only when, appropriate. See https://aka.ms/efcore-docs-default-values for more information.
2026-06-16 15:08:50.721 +05:30 [WRN] The 'bool' property 'IsSystem' on entity type 'CommunicationPurpose' is configured with a database-generated default, but has no configured sentinel value. The database-generated default will always be used for inserts when the property has the value 'False', since this is the CLR default for the 'bool' type. Consider using a nullable type, using a nullable backing field, or setting the sentinel value for the property to ensure the database default is used when, and only when, appropriate. See https://aka.ms/efcore-docs-default-values for more information.
2026-06-16 15:08:50.725 +05:30 [WRN] The 'bool' property 'IsActive' on entity type 'CommunicationTemplate' is configured with a database-generated default, but has no configured sentinel value. The database-generated default will always be used for inserts when the property has the value 'False', since this is the CLR default for the 'bool' type. Consider using a nullable type, using a nullable backing field, or setting the sentinel value for the property to ensure the database default is used when, and only when, appropriate. See https://aka.ms/efcore-docs-default-values for more information.
2026-06-16 15:08:50.737 +05:30 [WRN] The 'bool' property 'IsDefault' on entity type 'CommunicationTemplate' is configured with a database-generated default, but has no configured sentinel value. The database-generated default will always be used for inserts when the property has the value 'False', since this is the CLR default for the 'bool' type. Consider using a nullable type, using a nullable backing field, or setting the sentinel value for the property to ensure the database default is used when, and only when, appropriate. See https://aka.ms/efcore-docs-default-values for more information.
2026-06-16 15:08:50.741 +05:30 [WRN] The 'bool' property 'IsDeleted' on entity type 'CommunicationTemplate' is configured with a database-generated default, but has no configured sentinel value. The database-generated default will always be used for inserts when the property has the value 'False', since this is the CLR default for the 'bool' type. Consider using a nullable type, using a nullable backing field, or setting the sentinel value for the property to ensure the database default is used when, and only when, appropriate. See https://aka.ms/efcore-docs-default-values for more information.
2026-06-16 15:08:50.756 +05:30 [WRN] The 'bool' property 'IsActive' on entity type 'ConsumerOtpVerification' is configured with a database-generated default, but has no configured sentinel value. The database-generated default will always be used for inserts when the property has the value 'False', since this is the CLR default for the 'bool' type. Consider using a nullable type, using a nullable backing field, or setting the sentinel value for the property to ensure the database default is used when, and only when, appropriate. See https://aka.ms/efcore-docs-default-values for more information.
2026-06-16 15:08:50.768 +05:30 [WRN] The 'bool' property 'IsDeleted' on entity type 'ConsumerOtpVerification' is configured with a database-generated default, but has no configured sentinel value. The database-generated default will always be used for inserts when the property has the value 'False', since this is the CLR default for the 'bool' type. Consider using a nullable type, using a nullable backing field, or setting the sentinel value for the property to ensure the database default is used when, and only when, appropriate. See https://aka.ms/efcore-docs-default-values for more information.
2026-06-16 15:08:50.785 +05:30 [WRN] The 'bool' property 'IsDeleted' on entity type 'InAppNotification' is configured with a database-generated default, but has no configured sentinel value. The database-generated default will always be used for inserts when the property has the value 'False', since this is the CLR default for the 'bool' type. Consider using a nullable type, using a nullable backing field, or setting the sentinel value for the property to ensure the database default is used when, and only when, appropriate. See https://aka.ms/efcore-docs-default-values for more information.
2026-06-16 15:08:50.800 +05:30 [WRN] The 'bool' property 'IsRead' on entity type 'InAppNotification' is configured with a database-generated default, but has no configured sentinel value. The database-generated default will always be used for inserts when the property has the value 'False', since this is the CLR default for the 'bool' type. Consider using a nullable type, using a nullable backing field, or setting the sentinel value for the property to ensure the database default is used when, and only when, appropriate. See https://aka.ms/efcore-docs-default-values for more information.
2026-06-16 15:08:50.809 +05:30 [WRN] The 'bool' property 'ShowInSidebar' on entity type 'Menuitem' is configured with a database-generated default, but has no configured sentinel value. The database-generated default will always be used for inserts when the property has the value 'False', since this is the CLR default for the 'bool' type. Consider using a nullable type, using a nullable backing field, or setting the sentinel value for the property to ensure the database default is used when, and only when, appropriate. See https://aka.ms/efcore-docs-default-values for more information.
2026-06-16 15:08:50.821 +05:30 [WRN] The 'bool' property 'IsActive' on entity type 'PermissionModule' is configured with a database-generated default, but has no configured sentinel value. The database-generated default will always be used for inserts when the property has the value 'False', since this is the CLR default for the 'bool' type. Consider using a nullable type, using a nullable backing field, or setting the sentinel value for the property to ensure the database default is used when, and only when, appropriate. See https://aka.ms/efcore-docs-default-values for more information.
2026-06-16 15:08:50.838 +05:30 [WRN] The 'bool' property 'IsDeleted' on entity type 'PermissionModule' is configured with a database-generated default, but has no configured sentinel value. The database-generated default will always be used for inserts when the property has the value 'False', since this is the CLR default for the 'bool' type. Consider using a nullable type, using a nullable backing field, or setting the sentinel value for the property to ensure the database default is used when, and only when, appropriate. See https://aka.ms/efcore-docs-default-values for more information.
2026-06-16 17:57:49.323 +05:30 [INF] Now listening on: https://localhost:7183
2026-06-16 17:57:49.406 +05:30 [INF] Now listening on: http://localhost:5264
2026-06-16 17:57:49.687 +05:30 [INF] Application started. Press Ctrl+C to shut down.
2026-06-16 17:57:49.690 +05:30 [INF] Hosting environment: Development
2026-06-16 17:57:49.694 +05:30 [INF] Content root path: C:\Users\Lekesh\Prince Yadav\Vedang Projects\Water Bill\VedangSoft.BPMS\Water.Bill\src\Water.Bill.API
2026-06-16 17:58:01.494 +05:30 [WRN] The 'bool' property 'IsActive' on entity type 'CommunicationPurpose' is configured with a database-generated default, but has no configured sentinel value. The database-generated default will always be used for inserts when the property has the value 'False', since this is the CLR default for the 'bool' type. Consider using a nullable type, using a nullable backing field, or setting the sentinel value for the property to ensure the database default is used when, and only when, appropriate. See https://aka.ms/efcore-docs-default-values for more information.
2026-06-16 17:58:01.505 +05:30 [WRN] The 'bool' property 'IsSystem' on entity type 'CommunicationPurpose' is configured with a database-generated default, but has no configured sentinel value. The database-generated default will always be used for inserts when the property has the value 'False', since this is the CLR default for the 'bool' type. Consider using a nullable type, using a nullable backing field, or setting the sentinel value for the property to ensure the database default is used when, and only when, appropriate. See https://aka.ms/efcore-docs-default-values for more information.
2026-06-16 17:58:01.510 +05:30 [WRN] The 'bool' property 'IsActive' on entity type 'CommunicationTemplate' is configured with a database-generated default, but has no configured sentinel value. The database-generated default will always be used for inserts when the property has the value 'False', since this is the CLR default for the 'bool' type. Consider using a nullable type, using a nullable backing field, or setting the sentinel value for the property to ensure the database default is used when, and only when, appropriate. See https://aka.ms/efcore-docs-default-values for more information.
2026-06-16 17:58:01.514 +05:30 [WRN] The 'bool' property 'IsDefault' on entity type 'CommunicationTemplate' is configured with a database-generated default, but has no configured sentinel value. The database-generated default will always be used for inserts when the property has the value 'False', since this is the CLR default for the 'bool' type. Consider using a nullable type, using a nullable backing field, or setting the sentinel value for the property to ensure the database default is used when, and only when, appropriate. See https://aka.ms/efcore-docs-default-values for more information.
2026-06-16 17:58:01.519 +05:30 [WRN] The 'bool' property 'IsDeleted' on entity type 'CommunicationTemplate' is configured with a database-generated default, but has no configured sentinel value. The database-generated default will always be used for inserts when the property has the value 'False', since this is the CLR default for the 'bool' type. Consider using a nullable type, using a nullable backing field, or setting the sentinel value for the property to ensure the database default is used when, and only when, appropriate. See https://aka.ms/efcore-docs-default-values for more information.
2026-06-16 17:58:01.525 +05:30 [WRN] The 'bool' property 'IsActive' on entity type 'ConsumerOtpVerification' is configured with a database-generated default, but has no configured sentinel value. The database-generated default will always be used for inserts when the property has the value 'False', since this is the CLR default for the 'bool' type. Consider using a nullable type, using a nullable backing field, or setting the sentinel value for the property to ensure the database default is used when, and only when, appropriate. See https://aka.ms/efcore-docs-default-values for more information.
2026-06-16 17:58:01.531 +05:30 [WRN] The 'bool' property 'IsDeleted' on entity type 'ConsumerOtpVerification' is configured with a database-generated default, but has no configured sentinel value. The database-generated default will always be used for inserts when the property has the value 'False', since this is the CLR default for the 'bool' type. Consider using a nullable type, using a nullable backing field, or setting the sentinel value for the property to ensure the database default is used when, and only when, appropriate. See https://aka.ms/efcore-docs-default-values for more information.
2026-06-16 17:58:01.541 +05:30 [WRN] The 'bool' property 'IsDeleted' on entity type 'InAppNotification' is configured with a database-generated default, but has no configured sentinel value. The database-generated default will always be used for inserts when the property has the value 'False', since this is the CLR default for the 'bool' type. Consider using a nullable type, using a nullable backing field, or setting the sentinel value for the property to ensure the database default is used when, and only when, appropriate. See https://aka.ms/efcore-docs-default-values for more information.
2026-06-16 17:58:01.554 +05:30 [WRN] The 'bool' property 'IsRead' on entity type 'InAppNotification' is configured with a database-generated default, but has no configured sentinel value. The database-generated default will always be used for inserts when the property has the value 'False', since this is the CLR default for the 'bool' type. Consider using a nullable type, using a nullable backing field, or setting the sentinel value for the property to ensure the database default is used when, and only when, appropriate. See https://aka.ms/efcore-docs-default-values for more information.
2026-06-16 17:58:01.567 +05:30 [WRN] The 'bool' property 'ShowInSidebar' on entity type 'Menuitem' is configured with a database-generated default, but has no configured sentinel value. The database-generated default will always be used for inserts when the property has the value 'False', since this is the CLR default for the 'bool' type. Consider using a nullable type, using a nullable backing field, or setting the sentinel value for the property to ensure the database default is used when, and only when, appropriate. See https://aka.ms/efcore-docs-default-values for more information.
2026-06-16 17:58:01.573 +05:30 [WRN] The 'bool' property 'IsActive' on entity type 'PermissionModule' is configured with a database-generated default, but has no configured sentinel value. The database-generated default will always be used for inserts when the property has the value 'False', since this is the CLR default for the 'bool' type. Consider using a nullable type, using a nullable backing field, or setting the sentinel value for the property to ensure the database default is used when, and only when, appropriate. See https://aka.ms/efcore-docs-default-values for more information.
2026-06-16 17:58:01.587 +05:30 [WRN] The 'bool' property 'IsDeleted' on entity type 'PermissionModule' is configured with a database-generated default, but has no configured sentinel value. The database-generated default will always be used for inserts when the property has the value 'False', since this is the CLR default for the 'bool' type. Consider using a nullable type, using a nullable backing field, or setting the sentinel value for the property to ensure the database default is used when, and only when, appropriate. See https://aka.ms/efcore-docs-default-values for more information.
2026-06-16 17:58:19.051 +05:30 [WRN] The query uses the 'First'/'FirstOrDefault' operator without 'OrderBy' and filter operators. This may lead to unpredictable results.
2026-06-16 17:59:51.301 +05:30 [WRN] The query uses the 'First'/'FirstOrDefault' operator without 'OrderBy' and filter operators. This may lead to unpredictable results.
