2026-06-24 00:24:55.418 +05:30 [ERR] An error occurred using the connection to database 'jal1' on server 'localhost\SQLEXPRESS'.
2026-06-24 00:24:56.719 +05:30 [ERR] An error occurred using the connection to database 'jal1' on server 'localhost\SQLEXPRESS'.
2026-06-24 00:25:37.866 +05:30 [ERR] Unhandled exception captured for /NotificationManagement/GetUnreadCount. TraceId: 0HNMHA2EE60BJ:00000017
System.OperationCanceledException: The operation was canceled.
   at System.Threading.CancellationToken.ThrowOperationCanceledException()
   at Microsoft.EntityFrameworkCore.Storage.ExecutionStrategy.ExecuteImplementationAsync[TState,TResult](Func`4 operation, Func`4 verifySucceeded, TState state, CancellationToken cancellationToken)
   at Microsoft.EntityFrameworkCore.Storage.ExecutionStrategy.ExecuteAsync[TState,TResult](TState state, Func`4 operation, Func`4 verifySucceeded, CancellationToken cancellationToken)
   at Microsoft.EntityFrameworkCore.Query.Internal.SingleQueryingEnumerable`1.AsyncEnumerator.MoveNextAsync()
   at Microsoft.EntityFrameworkCore.Query.ShapedQueryCompilingExpressionVisitor.SingleAsync[TSource](IAsyncEnumerable`1 asyncEnumerable, CancellationToken cancellationToken)
   at Microsoft.EntityFrameworkCore.Query.ShapedQueryCompilingExpressionVisitor.SingleAsync[TSource](IAsyncEnumerable`1 asyncEnumerable, CancellationToken cancellationToken)
   at Water.Bill.API.Controllers.Mvc.NotificationManagementController.GetUnreadCount(CancellationToken ct) in C:\Users\Lekesh\Prince Yadav\Vedang Projects\Water Bill\VedangSoft.BPMS\Water.Bill\src\Water.Bill.API\Controllers\Mvc\NotificationManagementController.cs:line 324
   at Microsoft.AspNetCore.Mvc.Infrastructure.ActionMethodExecutor.TaskOfIActionResultExecutor.Execute(ActionContext actionContext, IActionResultTypeMapper mapper, ObjectMethodExecutor executor, Object controller, Object[] arguments)
   at Microsoft.AspNetCore.Mvc.Infrastructure.ControllerActionInvoker.<InvokeActionMethodAsync>g__Awaited|12_0(ControllerActionInvoker invoker, ValueTask`1 actionResultValueTask)
   at Microsoft.AspNetCore.Mvc.Infrastructure.ControllerActionInvoker.<InvokeNextActionFilterAsync>g__Awaited|10_0(ControllerActionInvoker invoker, Task lastTask, State next, Scope scope, Object state, Boolean isCompleted)
   at Microsoft.AspNetCore.Mvc.Infrastructure.ControllerActionInvoker.Rethrow(ActionExecutedContextSealed context)
   at Microsoft.AspNetCore.Mvc.Infrastructure.ControllerActionInvoker.Next(State& next, Scope& scope, Object& state, Boolean& isCompleted)
   at Microsoft.AspNetCore.Mvc.Infrastructure.ControllerActionInvoker.InvokeInnerFilterAsync()
--- End of stack trace from previous location ---
   at Microsoft.AspNetCore.Mvc.Infrastructure.ResourceInvoker.<InvokeNextResourceFilter>g__Awaited|25_0(ResourceInvoker invoker, Task lastTask, State next, Scope scope, Object state, Boolean isCompleted)
   at Microsoft.AspNetCore.Mvc.Infrastructure.ResourceInvoker.Rethrow(ResourceExecutedContextSealed context)
   at Microsoft.AspNetCore.Mvc.Infrastructure.ResourceInvoker.Next(State& next, Scope& scope, Object& state, Boolean& isCompleted)
   at Microsoft.AspNetCore.Mvc.Infrastructure.ResourceInvoker.InvokeFilterPipelineAsync()
--- End of stack trace from previous location ---
   at Microsoft.AspNetCore.Mvc.Infrastructure.ResourceInvoker.<InvokeAsync>g__Awaited|17_0(ResourceInvoker invoker, Task task, IDisposable scope)
   at Microsoft.AspNetCore.Mvc.Infrastructure.ResourceInvoker.<InvokeAsync>g__Awaited|17_0(ResourceInvoker invoker, Task task, IDisposable scope)
   at Microsoft.AspNetCore.Authorization.AuthorizationMiddleware.Invoke(HttpContext context)
   at Program.<>c.<<<Main>$>b__0_5>d.MoveNext() in C:\Users\Lekesh\Prince Yadav\Vedang Projects\Water Bill\VedangSoft.BPMS\Water.Bill\src\Water.Bill.API\Program.cs:line 104
--- End of stack trace from previous location ---
   at Microsoft.AspNetCore.Authentication.AuthenticationMiddleware.Invoke(HttpContext context)
   at Water.Bill.Infrastructure.Middleware.GlobalExceptionLoggingMiddleware.InvokeAsync(HttpContext context) in C:\Users\Lekesh\Prince Yadav\Vedang Projects\Water Bill\VedangSoft.BPMS\Water.Bill\src\Water.Bill.Infrastructure\Middleware\GlobalExceptionLoggingMiddleware.cs:line 37
2026-06-24 00:25:56.428 +05:30 [ERR] Unhandled exception captured for /NotificationManagement/GetUnreadCount. TraceId: 0HNMHA2EE60BL:00000003
System.Threading.Tasks.TaskCanceledException: A task was canceled.
   at Microsoft.EntityFrameworkCore.Storage.RelationalCommand.ExecuteReaderAsync(RelationalCommandParameterObject parameterObject, CancellationToken cancellationToken)
   at Microsoft.EntityFrameworkCore.Storage.RelationalCommand.ExecuteReaderAsync(RelationalCommandParameterObject parameterObject, CancellationToken cancellationToken)
   at Microsoft.EntityFrameworkCore.Query.Internal.SingleQueryingEnumerable`1.AsyncEnumerator.InitializeReaderAsync(AsyncEnumerator enumerator, CancellationToken cancellationToken)
   at Microsoft.EntityFrameworkCore.Storage.ExecutionStrategy.<>c__DisplayClass30_0`2.<<ExecuteAsync>b__0>d.MoveNext()
--- End of stack trace from previous location ---
   at Microsoft.EntityFrameworkCore.Storage.ExecutionStrategy.ExecuteImplementationAsync[TState,TResult](Func`4 operation, Func`4 verifySucceeded, TState state, CancellationToken cancellationToken)
   at Microsoft.EntityFrameworkCore.Storage.ExecutionStrategy.ExecuteImplementationAsync[TState,TResult](Func`4 operation, Func`4 verifySucceeded, TState state, CancellationToken cancellationToken)
   at Microsoft.EntityFrameworkCore.Storage.ExecutionStrategy.ExecuteAsync[TState,TResult](TState state, Func`4 operation, Func`4 verifySucceeded, CancellationToken cancellationToken)
   at Microsoft.EntityFrameworkCore.Query.Internal.SingleQueryingEnumerable`1.AsyncEnumerator.MoveNextAsync()
   at Microsoft.EntityFrameworkCore.Query.ShapedQueryCompilingExpressionVisitor.SingleAsync[TSource](IAsyncEnumerable`1 asyncEnumerable, CancellationToken cancellationToken)
   at Microsoft.EntityFrameworkCore.Query.ShapedQueryCompilingExpressionVisitor.SingleAsync[TSource](IAsyncEnumerable`1 asyncEnumerable, CancellationToken cancellationToken)
   at Water.Bill.API.Controllers.Mvc.NotificationManagementController.GetUnreadCount(CancellationToken ct) in C:\Users\Lekesh\Prince Yadav\Vedang Projects\Water Bill\VedangSoft.BPMS\Water.Bill\src\Water.Bill.API\Controllers\Mvc\NotificationManagementController.cs:line 324
   at Microsoft.AspNetCore.Mvc.Infrastructure.ActionMethodExecutor.TaskOfIActionResultExecutor.Execute(ActionContext actionContext, IActionResultTypeMapper mapper, ObjectMethodExecutor executor, Object controller, Object[] arguments)
   at Microsoft.AspNetCore.Mvc.Infrastructure.ControllerActionInvoker.<InvokeActionMethodAsync>g__Awaited|12_0(ControllerActionInvoker invoker, ValueTask`1 actionResultValueTask)
   at Microsoft.AspNetCore.Mvc.Infrastructure.ControllerActionInvoker.<InvokeNextActionFilterAsync>g__Awaited|10_0(ControllerActionInvoker invoker, Task lastTask, State next, Scope scope, Object state, Boolean isCompleted)
   at Microsoft.AspNetCore.Mvc.Infrastructure.ControllerActionInvoker.Rethrow(ActionExecutedContextSealed context)
   at Microsoft.AspNetCore.Mvc.Infrastructure.ControllerActionInvoker.Next(State& next, Scope& scope, Object& state, Boolean& isCompleted)
   at Microsoft.AspNetCore.Mvc.Infrastructure.ControllerActionInvoker.<InvokeInnerFilterAsync>g__Awaited|13_0(ControllerActionInvoker invoker, Task lastTask, State next, Scope scope, Object state, Boolean isCompleted)
   at Microsoft.AspNetCore.Mvc.Infrastructure.ResourceInvoker.<InvokeNextResourceFilter>g__Awaited|25_0(ResourceInvoker invoker, Task lastTask, State next, Scope scope, Object state, Boolean isCompleted)
   at Microsoft.AspNetCore.Mvc.Infrastructure.ResourceInvoker.Rethrow(ResourceExecutedContextSealed context)
   at Microsoft.AspNetCore.Mvc.Infrastructure.ResourceInvoker.Next(State& next, Scope& scope, Object& state, Boolean& isCompleted)
   at Microsoft.AspNetCore.Mvc.Infrastructure.ResourceInvoker.<InvokeFilterPipelineAsync>g__Awaited|20_0(ResourceInvoker invoker, Task lastTask, State next, Scope scope, Object state, Boolean isCompleted)
   at Microsoft.AspNetCore.Mvc.Infrastructure.ResourceInvoker.<InvokeAsync>g__Awaited|17_0(ResourceInvoker invoker, Task task, IDisposable scope)
   at Microsoft.AspNetCore.Mvc.Infrastructure.ResourceInvoker.<InvokeAsync>g__Awaited|17_0(ResourceInvoker invoker, Task task, IDisposable scope)
   at Microsoft.AspNetCore.Authorization.AuthorizationMiddleware.Invoke(HttpContext context)
   at Program.<>c.<<<Main>$>b__0_5>d.MoveNext() in C:\Users\Lekesh\Prince Yadav\Vedang Projects\Water Bill\VedangSoft.BPMS\Water.Bill\src\Water.Bill.API\Program.cs:line 104
--- End of stack trace from previous location ---
   at Microsoft.AspNetCore.Authentication.AuthenticationMiddleware.Invoke(HttpContext context)
   at Water.Bill.Infrastructure.Middleware.GlobalExceptionLoggingMiddleware.InvokeAsync(HttpContext context) in C:\Users\Lekesh\Prince Yadav\Vedang Projects\Water Bill\VedangSoft.BPMS\Water.Bill\src\Water.Bill.Infrastructure\Middleware\GlobalExceptionLoggingMiddleware.cs:line 37
2026-06-24 00:25:59.871 +05:30 [ERR] Unhandled exception captured for /NotificationManagement/GetUnreadCount. TraceId: 0HNMHA2EE60BL:00000001
Microsoft.Data.SqlClient.SqlException (0x80131904): Connection Timeout Expired.  The timeout period elapsed while attempting to consume the pre-login handshake acknowledgement.  This could be because the pre-login handshake failed or the server was unable to respond back in time.  The duration spent while attempting to connect to this server was - [Pre-Login] initialization=23745; handshake=479; 
 ---> System.ComponentModel.Win32Exception (258): The wait operation timed out.
   at Microsoft.Data.SqlClient.SqlInternalConnection.OnError(SqlException exception, Boolean breakConnection, Action`1 wrapCloseInAction)
   at Microsoft.Data.SqlClient.TdsParser.ThrowExceptionAndWarning(TdsParserStateObject stateObj, Boolean callerHasConnectionLock, Boolean asyncClose)
   at Microsoft.Data.SqlClient.TdsParserStateObject.ThrowExceptionAndWarning(Boolean callerHasConnectionLock, Boolean asyncClose)
   at Microsoft.Data.SqlClient.TdsParserStateObject.ReadSniError(TdsParserStateObject stateObj, UInt32 error)
   at Microsoft.Data.SqlClient.TdsParserStateObject.ReadSniSyncOverAsync()
   at Microsoft.Data.SqlClient.TdsParserStateObject.TryReadNetworkPacket()
   at Microsoft.Data.SqlClient.TdsParser.ConsumePreLoginHandshake(SqlConnectionEncryptOption encrypt, Boolean trustServerCert, Boolean integratedSecurity, Boolean& marsCapable, Boolean& fedAuthRequired, Boolean tlsFirst, String serverCert)
   at Microsoft.Data.SqlClient.TdsParser.Connect(ServerInfo serverInfo, SqlInternalConnectionTds connHandler, Boolean ignoreSniOpenTimeout, Int64 timerExpire, SqlConnectionString connectionOptions, Boolean withFailover)
   at Microsoft.Data.SqlClient.SqlInternalConnectionTds.AttemptOneLogin(ServerInfo serverInfo, String newPassword, SecureString newSecurePassword, Boolean ignoreSniOpenTimeout, TimeoutTimer timeout, Boolean withFailover)
   at Microsoft.Data.SqlClient.SqlInternalConnectionTds.LoginNoFailover(ServerInfo serverInfo, String newPassword, SecureString newSecurePassword, Boolean redirectedUserInstance, SqlConnectionString connectionOptions, SqlCredential credential, TimeoutTimer timeout)
   at Microsoft.Data.SqlClient.SqlInternalConnectionTds.OpenLoginEnlist(TimeoutTimer timeout, SqlConnectionString connectionOptions, SqlCredential credential, String newPassword, SecureString newSecurePassword, Boolean redirectedUserInstance)
   at Microsoft.Data.SqlClient.SqlInternalConnectionTds..ctor(DbConnectionPoolIdentity identity, SqlConnectionString connectionOptions, SqlCredential credential, Object providerInfo, String newPassword, SecureString newSecurePassword, Boolean redirectedUserInstance, SqlConnectionString userConnectionOptions, SessionData reconnectSessionData, Boolean applyTransientFaultHandling, String accessToken, DbConnectionPool pool)
   at Microsoft.Data.SqlClient.SqlConnectionFactory.CreateConnection(DbConnectionOptions options, DbConnectionPoolKey poolKey, Object poolGroupProviderInfo, DbConnectionPool pool, DbConnection owningConnection, DbConnectionOptions userOptions)
   at Microsoft.Data.ProviderBase.DbConnectionFactory.CreatePooledConnection(DbConnectionPool pool, DbConnection owningObject, DbConnectionOptions options, DbConnectionPoolKey poolKey, DbConnectionOptions userOptions)
   at Microsoft.Data.ProviderBase.DbConnectionPool.CreateObject(DbConnection owningObject, DbConnectionOptions userOptions, DbConnectionInternal oldConnection)
   at Microsoft.Data.ProviderBase.DbConnectionPool.UserCreateRequest(DbConnection owningObject, DbConnectionOptions userOptions, DbConnectionInternal oldConnection)
   at Microsoft.Data.ProviderBase.DbConnectionPool.TryGetConnection(DbConnection owningObject, UInt32 waitForMultipleObjectsTimeout, Boolean allowCreate, Boolean onlyOneCheckConnection, DbConnectionOptions userOptions, DbConnectionInternal& connection)
   at Microsoft.Data.ProviderBase.DbConnectionPool.WaitForPendingOpen()
--- End of stack trace from previous location ---
   at Microsoft.EntityFrameworkCore.Storage.RelationalConnection.OpenInternalAsync(Boolean errorsExpected, CancellationToken cancellationToken)
   at Microsoft.EntityFrameworkCore.Storage.RelationalConnection.OpenInternalAsync(Boolean errorsExpected, CancellationToken cancellationToken)
   at Microsoft.EntityFrameworkCore.Storage.RelationalConnection.OpenAsync(CancellationToken cancellationToken, Boolean errorsExpected)
   at Microsoft.EntityFrameworkCore.Storage.RelationalCommand.ExecuteReaderAsync(RelationalCommandParameterObject parameterObject, CancellationToken cancellationToken)
   at Microsoft.EntityFrameworkCore.Query.Internal.SingleQueryingEnumerable`1.AsyncEnumerator.InitializeReaderAsync(AsyncEnumerator enumerator, CancellationToken cancellationToken)
   at Microsoft.EntityFrameworkCore.Storage.ExecutionStrategy.<>c__DisplayClass30_0`2.<<ExecuteAsync>b__0>d.MoveNext()
--- End of stack trace from previous location ---
   at Microsoft.EntityFrameworkCore.Storage.ExecutionStrategy.ExecuteImplementationAsync[TState,TResult](Func`4 operation, Func`4 verifySucceeded, TState state, CancellationToken cancellationToken)
   at Microsoft.EntityFrameworkCore.Storage.ExecutionStrategy.ExecuteImplementationAsync[TState,TResult](Func`4 operation, Func`4 verifySucceeded, TState state, CancellationToken cancellationToken)
   at Microsoft.EntityFrameworkCore.Storage.ExecutionStrategy.ExecuteAsync[TState,TResult](TState state, Func`4 operation, Func`4 verifySucceeded, CancellationToken cancellationToken)
   at Microsoft.EntityFrameworkCore.Query.Internal.SingleQueryingEnumerable`1.AsyncEnumerator.MoveNextAsync()
   at Microsoft.EntityFrameworkCore.Query.ShapedQueryCompilingExpressionVisitor.SingleAsync[TSource](IAsyncEnumerable`1 asyncEnumerable, CancellationToken cancellationToken)
   at Microsoft.EntityFrameworkCore.Query.ShapedQueryCompilingExpressionVisitor.SingleAsync[TSource](IAsyncEnumerable`1 asyncEnumerable, CancellationToken cancellationToken)
   at Water.Bill.API.Controllers.Mvc.NotificationManagementController.GetUnreadCount(CancellationToken ct) in C:\Users\Lekesh\Prince Yadav\Vedang Projects\Water Bill\VedangSoft.BPMS\Water.Bill\src\Water.Bill.API\Controllers\Mvc\NotificationManagementController.cs:line 324
   at Microsoft.AspNetCore.Mvc.Infrastructure.ActionMethodExecutor.TaskOfIActionResultExecutor.Execute(ActionContext actionContext, IActionResultTypeMapper mapper, ObjectMethodExecutor executor, Object controller, Object[] arguments)
   at Microsoft.AspNetCore.Mvc.Infrastructure.ControllerActionInvoker.<InvokeActionMethodAsync>g__Awaited|12_0(ControllerActionInvoker invoker, ValueTask`1 actionResultValueTask)
   at Microsoft.AspNetCore.Mvc.Infrastructure.ControllerActionInvoker.<InvokeNextActionFilterAsync>g__Awaited|10_0(ControllerActionInvoker invoker, Task lastTask, State next, Scope scope, Object state, Boolean isCompleted)
   at Microsoft.AspNetCore.Mvc.Infrastructure.ControllerActionInvoker.Rethrow(ActionExecutedContextSealed context)
   at Microsoft.AspNetCore.Mvc.Infrastructure.ControllerActionInvoker.Next(State& next, Scope& scope, Object& state, Boolean& isCompleted)
   at Microsoft.AspNetCore.Mvc.Infrastructure.ControllerActionInvoker.<InvokeInnerFilterAsync>g__Awaited|13_0(ControllerActionInvoker invoker, Task lastTask, State next, Scope scope, Object state, Boolean isCompleted)
   at Microsoft.AspNetCore.Mvc.Infrastructure.ResourceInvoker.<InvokeNextResourceFilter>g__Awaited|25_0(ResourceInvoker invoker, Task lastTask, State next, Scope scope, Object state, Boolean isCompleted)
   at Microsoft.AspNetCore.Mvc.Infrastructure.ResourceInvoker.Rethrow(ResourceExecutedContextSealed context)
   at Microsoft.AspNetCore.Mvc.Infrastructure.ResourceInvoker.Next(State& next, Scope& scope, Object& state, Boolean& isCompleted)
   at Microsoft.AspNetCore.Mvc.Infrastructure.ResourceInvoker.<InvokeFilterPipelineAsync>g__Awaited|20_0(ResourceInvoker invoker, Task lastTask, State next, Scope scope, Object state, Boolean isCompleted)
   at Microsoft.AspNetCore.Mvc.Infrastructure.ResourceInvoker.<InvokeAsync>g__Awaited|17_0(ResourceInvoker invoker, Task task, IDisposable scope)
   at Microsoft.AspNetCore.Mvc.Infrastructure.ResourceInvoker.<InvokeAsync>g__Awaited|17_0(ResourceInvoker invoker, Task task, IDisposable scope)
   at Microsoft.AspNetCore.Authorization.AuthorizationMiddleware.Invoke(HttpContext context)
   at Program.<>c.<<<Main>$>b__0_5>d.MoveNext() in C:\Users\Lekesh\Prince Yadav\Vedang Projects\Water Bill\VedangSoft.BPMS\Water.Bill\src\Water.Bill.API\Program.cs:line 104
--- End of stack trace from previous location ---
   at Microsoft.AspNetCore.Authentication.AuthenticationMiddleware.Invoke(HttpContext context)
   at Water.Bill.Infrastructure.Middleware.GlobalExceptionLoggingMiddleware.InvokeAsync(HttpContext context) in C:\Users\Lekesh\Prince Yadav\Vedang Projects\Water Bill\VedangSoft.BPMS\Water.Bill\src\Water.Bill.Infrastructure\Middleware\GlobalExceptionLoggingMiddleware.cs:line 37
ClientConnectionId:ffa555cc-804a-48f0-8d9d-4134727ea559
Error Number:-2,State:0,Class:11
2026-06-24 00:26:00.185 +05:30 [ERR] Unhandled exception captured for /NotificationManagement/GetUnreadCount. TraceId: 0HNMHA2EE60BM:00000003
Microsoft.Data.SqlClient.SqlException (0x80131904): Connection Timeout Expired.  The timeout period elapsed while attempting to consume the pre-login handshake acknowledgement.  This could be because the pre-login handshake failed or the server was unable to respond back in time.  The duration spent while attempting to connect to this server was - [Pre-Login] initialization=23745; handshake=479; 
 ---> System.ComponentModel.Win32Exception (258): The wait operation timed out.
   at Microsoft.Data.ProviderBase.DbConnectionPool.TryGetConnection(DbConnection owningObject, UInt32 waitForMultipleObjectsTimeout, Boolean allowCreate, Boolean onlyOneCheckConnection, DbConnectionOptions userOptions, DbConnectionInternal& connection)
   at Microsoft.Data.ProviderBase.DbConnectionPool.WaitForPendingOpen()
--- End of stack trace from previous location ---
   at Microsoft.EntityFrameworkCore.Storage.RelationalConnection.OpenInternalAsync(Boolean errorsExpected, CancellationToken cancellationToken)
   at Microsoft.EntityFrameworkCore.Storage.RelationalConnection.OpenInternalAsync(Boolean errorsExpected, CancellationToken cancellationToken)
   at Microsoft.EntityFrameworkCore.Storage.RelationalConnection.OpenAsync(CancellationToken cancellationToken, Boolean errorsExpected)
   at Microsoft.EntityFrameworkCore.Storage.RelationalCommand.ExecuteReaderAsync(RelationalCommandParameterObject parameterObject, CancellationToken cancellationToken)
   at Microsoft.EntityFrameworkCore.Query.Internal.SingleQueryingEnumerable`1.AsyncEnumerator.InitializeReaderAsync(AsyncEnumerator enumerator, CancellationToken cancellationToken)
   at Microsoft.EntityFrameworkCore.Storage.ExecutionStrategy.<>c__DisplayClass30_0`2.<<ExecuteAsync>b__0>d.MoveNext()
--- End of stack trace from previous location ---
   at Microsoft.EntityFrameworkCore.Storage.ExecutionStrategy.ExecuteImplementationAsync[TState,TResult](Func`4 operation, Func`4 verifySucceeded, TState state, CancellationToken cancellationToken)
   at Microsoft.EntityFrameworkCore.Storage.ExecutionStrategy.ExecuteImplementationAsync[TState,TResult](Func`4 operation, Func`4 verifySucceeded, TState state, CancellationToken cancellationToken)
   at Microsoft.EntityFrameworkCore.Storage.ExecutionStrategy.ExecuteAsync[TState,TResult](TState state, Func`4 operation, Func`4 verifySucceeded, CancellationToken cancellationToken)
   at Microsoft.EntityFrameworkCore.Query.Internal.SingleQueryingEnumerable`1.AsyncEnumerator.MoveNextAsync()
   at Microsoft.EntityFrameworkCore.Query.ShapedQueryCompilingExpressionVisitor.SingleAsync[TSource](IAsyncEnumerable`1 asyncEnumerable, CancellationToken cancellationToken)
   at Microsoft.EntityFrameworkCore.Query.ShapedQueryCompilingExpressionVisitor.SingleAsync[TSource](IAsyncEnumerable`1 asyncEnumerable, CancellationToken cancellationToken)
   at Water.Bill.API.Controllers.Mvc.NotificationManagementController.GetUnreadCount(CancellationToken ct) in C:\Users\Lekesh\Prince Yadav\Vedang Projects\Water Bill\VedangSoft.BPMS\Water.Bill\src\Water.Bill.API\Controllers\Mvc\NotificationManagementController.cs:line 324
   at Microsoft.AspNetCore.Mvc.Infrastructure.ActionMethodExecutor.TaskOfIActionResultExecutor.Execute(ActionContext actionContext, IActionResultTypeMapper mapper, ObjectMethodExecutor executor, Object controller, Object[] arguments)
   at Microsoft.AspNetCore.Mvc.Infrastructure.ControllerActionInvoker.<InvokeActionMethodAsync>g__Awaited|12_0(ControllerActionInvoker invoker, ValueTask`1 actionResultValueTask)
   at Microsoft.AspNetCore.Mvc.Infrastructure.ControllerActionInvoker.<InvokeNextActionFilterAsync>g__Awaited|10_0(ControllerActionInvoker invoker, Task lastTask, State next, Scope scope, Object state, Boolean isCompleted)
   at Microsoft.AspNetCore.Mvc.Infrastructure.ControllerActionInvoker.Rethrow(ActionExecutedContextSealed context)
   at Microsoft.AspNetCore.Mvc.Infrastructure.ControllerActionInvoker.Next(State& next, Scope& scope, Object& state, Boolean& isCompleted)
   at Microsoft.AspNetCore.Mvc.Infrastructure.ControllerActionInvoker.<InvokeInnerFilterAsync>g__Awaited|13_0(ControllerActionInvoker invoker, Task lastTask, State next, Scope scope, Object state, Boolean isCompleted)
   at Microsoft.AspNetCore.Mvc.Infrastructure.ResourceInvoker.<InvokeNextResourceFilter>g__Awaited|25_0(ResourceInvoker invoker, Task lastTask, State next, Scope scope, Object state, Boolean isCompleted)
   at Microsoft.AspNetCore.Mvc.Infrastructure.ResourceInvoker.Rethrow(ResourceExecutedContextSealed context)
   at Microsoft.AspNetCore.Mvc.Infrastructure.ResourceInvoker.Next(State& next, Scope& scope, Object& state, Boolean& isCompleted)
   at Microsoft.AspNetCore.Mvc.Infrastructure.ResourceInvoker.<InvokeFilterPipelineAsync>g__Awaited|20_0(ResourceInvoker invoker, Task lastTask, State next, Scope scope, Object state, Boolean isCompleted)
   at Microsoft.AspNetCore.Mvc.Infrastructure.ResourceInvoker.<InvokeAsync>g__Awaited|17_0(ResourceInvoker invoker, Task task, IDisposable scope)
   at Microsoft.AspNetCore.Mvc.Infrastructure.ResourceInvoker.<InvokeAsync>g__Awaited|17_0(ResourceInvoker invoker, Task task, IDisposable scope)
   at Microsoft.AspNetCore.Authorization.AuthorizationMiddleware.Invoke(HttpContext context)
   at Program.<>c.<<<Main>$>b__0_5>d.MoveNext() in C:\Users\Lekesh\Prince Yadav\Vedang Projects\Water Bill\VedangSoft.BPMS\Water.Bill\src\Water.Bill.API\Program.cs:line 104
--- End of stack trace from previous location ---
   at Microsoft.AspNetCore.Authentication.AuthenticationMiddleware.Invoke(HttpContext context)
   at Water.Bill.Infrastructure.Middleware.GlobalExceptionLoggingMiddleware.InvokeAsync(HttpContext context) in C:\Users\Lekesh\Prince Yadav\Vedang Projects\Water Bill\VedangSoft.BPMS\Water.Bill\src\Water.Bill.Infrastructure\Middleware\GlobalExceptionLoggingMiddleware.cs:line 37
ClientConnectionId:ffa555cc-804a-48f0-8d9d-4134727ea559
Error Number:-2,State:0,Class:11
2026-06-24 00:31:23.348 +05:30 [INF] Now listening on: https://localhost:7183
2026-06-24 00:31:34.314 +05:30 [INF] Now listening on: http://localhost:5264
2026-06-24 00:31:37.428 +05:30 [INF] Application started. Press Ctrl+C to shut down.
2026-06-24 00:31:41.166 +05:30 [INF] Hosting environment: Development
2026-06-24 00:31:42.786 +05:30 [INF] Content root path: C:\Users\Lekesh\Prince Yadav\Vedang Projects\Water Bill\VedangSoft.BPMS\Water.Bill\src\Water.Bill.API
2026-06-24 00:31:50.116 +05:30 [WRN] The 'bool' property 'IsActive' on entity type 'AuthorityLoginOtpVerification' is configured with a database-generated default, but has no configured sentinel value. The database-generated default will always be used for inserts when the property has the value 'False', since this is the CLR default for the 'bool' type. Consider using a nullable type, using a nullable backing field, or setting the sentinel value for the property to ensure the database default is used when, and only when, appropriate. See https://aka.ms/efcore-docs-default-values for more information.
2026-06-24 00:31:52.179 +05:30 [WRN] The 'bool' property 'IsDeleted' on entity type 'AuthorityLoginOtpVerification' is configured with a database-generated default, but has no configured sentinel value. The database-generated default will always be used for inserts when the property has the value 'False', since this is the CLR default for the 'bool' type. Consider using a nullable type, using a nullable backing field, or setting the sentinel value for the property to ensure the database default is used when, and only when, appropriate. See https://aka.ms/efcore-docs-default-values for more information.
2026-06-24 00:31:52.550 +05:30 [WRN] The 'bool' property 'IsActive' on entity type 'CommunicationPurpose' is configured with a database-generated default, but has no configured sentinel value. The database-generated default will always be used for inserts when the property has the value 'False', since this is the CLR default for the 'bool' type. Consider using a nullable type, using a nullable backing field, or setting the sentinel value for the property to ensure the database default is used when, and only when, appropriate. See https://aka.ms/efcore-docs-default-values for more information.
2026-06-24 00:31:52.554 +05:30 [WRN] The 'bool' property 'IsSystem' on entity type 'CommunicationPurpose' is configured with a database-generated default, but has no configured sentinel value. The database-generated default will always be used for inserts when the property has the value 'False', since this is the CLR default for the 'bool' type. Consider using a nullable type, using a nullable backing field, or setting the sentinel value for the property to ensure the database default is used when, and only when, appropriate. See https://aka.ms/efcore-docs-default-values for more information.
2026-06-24 00:31:52.558 +05:30 [WRN] The 'bool' property 'IsActive' on entity type 'CommunicationTemplate' is configured with a database-generated default, but has no configured sentinel value. The database-generated default will always be used for inserts when the property has the value 'False', since this is the CLR default for the 'bool' type. Consider using a nullable type, using a nullable backing field, or setting the sentinel value for the property to ensure the database default is used when, and only when, appropriate. See https://aka.ms/efcore-docs-default-values for more information.
2026-06-24 00:31:52.563 +05:30 [WRN] The 'bool' property 'IsDefault' on entity type 'CommunicationTemplate' is configured with a database-generated default, but has no configured sentinel value. The database-generated default will always be used for inserts when the property has the value 'False', since this is the CLR default for the 'bool' type. Consider using a nullable type, using a nullable backing field, or setting the sentinel value for the property to ensure the database default is used when, and only when, appropriate. See https://aka.ms/efcore-docs-default-values for more information.
2026-06-24 00:31:52.568 +05:30 [WRN] The 'bool' property 'IsDeleted' on entity type 'CommunicationTemplate' is configured with a database-generated default, but has no configured sentinel value. The database-generated default will always be used for inserts when the property has the value 'False', since this is the CLR default for the 'bool' type. Consider using a nullable type, using a nullable backing field, or setting the sentinel value for the property to ensure the database default is used when, and only when, appropriate. See https://aka.ms/efcore-docs-default-values for more information.
2026-06-24 00:31:52.574 +05:30 [WRN] The 'bool' property 'IsActive' on entity type 'ConsumerOtpVerification' is configured with a database-generated default, but has no configured sentinel value. The database-generated default will always be used for inserts when the property has the value 'False', since this is the CLR default for the 'bool' type. Consider using a nullable type, using a nullable backing field, or setting the sentinel value for the property to ensure the database default is used when, and only when, appropriate. See https://aka.ms/efcore-docs-default-values for more information.
2026-06-24 00:31:52.579 +05:30 [WRN] The 'bool' property 'IsDeleted' on entity type 'ConsumerOtpVerification' is configured with a database-generated default, but has no configured sentinel value. The database-generated default will always be used for inserts when the property has the value 'False', since this is the CLR default for the 'bool' type. Consider using a nullable type, using a nullable backing field, or setting the sentinel value for the property to ensure the database default is used when, and only when, appropriate. See https://aka.ms/efcore-docs-default-values for more information.
2026-06-24 00:31:52.584 +05:30 [WRN] The 'bool' property 'IsDeleted' on entity type 'InAppNotification' is configured with a database-generated default, but has no configured sentinel value. The database-generated default will always be used for inserts when the property has the value 'False', since this is the CLR default for the 'bool' type. Consider using a nullable type, using a nullable backing field, or setting the sentinel value for the property to ensure the database default is used when, and only when, appropriate. See https://aka.ms/efcore-docs-default-values for more information.
2026-06-24 00:31:52.590 +05:30 [WRN] The 'bool' property 'IsRead' on entity type 'InAppNotification' is configured with a database-generated default, but has no configured sentinel value. The database-generated default will always be used for inserts when the property has the value 'False', since this is the CLR default for the 'bool' type. Consider using a nullable type, using a nullable backing field, or setting the sentinel value for the property to ensure the database default is used when, and only when, appropriate. See https://aka.ms/efcore-docs-default-values for more information.
2026-06-24 00:31:52.595 +05:30 [WRN] The 'bool' property 'ShowInSidebar' on entity type 'Menuitem' is configured with a database-generated default, but has no configured sentinel value. The database-generated default will always be used for inserts when the property has the value 'False', since this is the CLR default for the 'bool' type. Consider using a nullable type, using a nullable backing field, or setting the sentinel value for the property to ensure the database default is used when, and only when, appropriate. See https://aka.ms/efcore-docs-default-values for more information.
2026-06-24 00:31:52.601 +05:30 [WRN] The 'bool' property 'IsActive' on entity type 'PermissionModule' is configured with a database-generated default, but has no configured sentinel value. The database-generated default will always be used for inserts when the property has the value 'False', since this is the CLR default for the 'bool' type. Consider using a nullable type, using a nullable backing field, or setting the sentinel value for the property to ensure the database default is used when, and only when, appropriate. See https://aka.ms/efcore-docs-default-values for more information.
2026-06-24 00:31:52.606 +05:30 [WRN] The 'bool' property 'IsDeleted' on entity type 'PermissionModule' is configured with a database-generated default, but has no configured sentinel value. The database-generated default will always be used for inserts when the property has the value 'False', since this is the CLR default for the 'bool' type. Consider using a nullable type, using a nullable backing field, or setting the sentinel value for the property to ensure the database default is used when, and only when, appropriate. See https://aka.ms/efcore-docs-default-values for more information.
2026-06-24 01:26:41.307 +05:30 [INF] Now listening on: https://localhost:7183
2026-06-24 01:26:42.843 +05:30 [INF] Now listening on: http://localhost:5264
2026-06-24 01:26:43.424 +05:30 [INF] Application started. Press Ctrl+C to shut down.
2026-06-24 01:26:43.535 +05:30 [INF] Hosting environment: Development
2026-06-24 01:26:43.537 +05:30 [INF] Content root path: C:\Users\Lekesh\Prince Yadav\Vedang Projects\Water Bill\VedangSoft.BPMS\Water.Bill\src\Water.Bill.API
2026-06-24 01:26:54.552 +05:30 [WRN] The 'bool' property 'IsActive' on entity type 'AuthorityLoginOtpVerification' is configured with a database-generated default, but has no configured sentinel value. The database-generated default will always be used for inserts when the property has the value 'False', since this is the CLR default for the 'bool' type. Consider using a nullable type, using a nullable backing field, or setting the sentinel value for the property to ensure the database default is used when, and only when, appropriate. See https://aka.ms/efcore-docs-default-values for more information.
2026-06-24 01:26:54.715 +05:30 [WRN] The 'bool' property 'IsDeleted' on entity type 'AuthorityLoginOtpVerification' is configured with a database-generated default, but has no configured sentinel value. The database-generated default will always be used for inserts when the property has the value 'False', since this is the CLR default for the 'bool' type. Consider using a nullable type, using a nullable backing field, or setting the sentinel value for the property to ensure the database default is used when, and only when, appropriate. See https://aka.ms/efcore-docs-default-values for more information.
2026-06-24 01:26:54.719 +05:30 [WRN] The 'bool' property 'IsActive' on entity type 'CommunicationPurpose' is configured with a database-generated default, but has no configured sentinel value. The database-generated default will always be used for inserts when the property has the value 'False', since this is the CLR default for the 'bool' type. Consider using a nullable type, using a nullable backing field, or setting the sentinel value for the property to ensure the database default is used when, and only when, appropriate. See https://aka.ms/efcore-docs-default-values for more information.
2026-06-24 01:26:54.723 +05:30 [WRN] The 'bool' property 'IsSystem' on entity type 'CommunicationPurpose' is configured with a database-generated default, but has no configured sentinel value. The database-generated default will always be used for inserts when the property has the value 'False', since this is the CLR default for the 'bool' type. Consider using a nullable type, using a nullable backing field, or setting the sentinel value for the property to ensure the database default is used when, and only when, appropriate. See https://aka.ms/efcore-docs-default-values for more information.
2026-06-24 01:26:54.728 +05:30 [WRN] The 'bool' property 'IsActive' on entity type 'CommunicationTemplate' is configured with a database-generated default, but has no configured sentinel value. The database-generated default will always be used for inserts when the property has the value 'False', since this is the CLR default for the 'bool' type. Consider using a nullable type, using a nullable backing field, or setting the sentinel value for the property to ensure the database default is used when, and only when, appropriate. See https://aka.ms/efcore-docs-default-values for more information.
2026-06-24 01:26:54.734 +05:30 [WRN] The 'bool' property 'IsDefault' on entity type 'CommunicationTemplate' is configured with a database-generated default, but has no configured sentinel value. The database-generated default will always be used for inserts when the property has the value 'False', since this is the CLR default for the 'bool' type. Consider using a nullable type, using a nullable backing field, or setting the sentinel value for the property to ensure the database default is used when, and only when, appropriate. See https://aka.ms/efcore-docs-default-values for more information.
2026-06-24 01:26:54.739 +05:30 [WRN] The 'bool' property 'IsDeleted' on entity type 'CommunicationTemplate' is configured with a database-generated default, but has no configured sentinel value. The database-generated default will always be used for inserts when the property has the value 'False', since this is the CLR default for the 'bool' type. Consider using a nullable type, using a nullable backing field, or setting the sentinel value for the property to ensure the database default is used when, and only when, appropriate. See https://aka.ms/efcore-docs-default-values for more information.
2026-06-24 01:26:54.748 +05:30 [WRN] The 'bool' property 'IsActive' on entity type 'ConsumerOtpVerification' is configured with a database-generated default, but has no configured sentinel value. The database-generated default will always be used for inserts when the property has the value 'False', since this is the CLR default for the 'bool' type. Consider using a nullable type, using a nullable backing field, or setting the sentinel value for the property to ensure the database default is used when, and only when, appropriate. See https://aka.ms/efcore-docs-default-values for more information.
2026-06-24 01:26:54.753 +05:30 [WRN] The 'bool' property 'IsDeleted' on entity type 'ConsumerOtpVerification' is configured with a database-generated default, but has no configured sentinel value. The database-generated default will always be used for inserts when the property has the value 'False', since this is the CLR default for the 'bool' type. Consider using a nullable type, using a nullable backing field, or setting the sentinel value for the property to ensure the database default is used when, and only when, appropriate. See https://aka.ms/efcore-docs-default-values for more information.
2026-06-24 01:26:54.771 +05:30 [WRN] The 'bool' property 'IsDeleted' on entity type 'InAppNotification' is configured with a database-generated default, but has no configured sentinel value. The database-generated default will always be used for inserts when the property has the value 'False', since this is the CLR default for the 'bool' type. Consider using a nullable type, using a nullable backing field, or setting the sentinel value for the property to ensure the database default is used when, and only when, appropriate. See https://aka.ms/efcore-docs-default-values for more information.
2026-06-24 01:26:54.812 +05:30 [WRN] The 'bool' property 'IsRead' on entity type 'InAppNotification' is configured with a database-generated default, but has no configured sentinel value. The database-generated default will always be used for inserts when the property has the value 'False', since this is the CLR default for the 'bool' type. Consider using a nullable type, using a nullable backing field, or setting the sentinel value for the property to ensure the database default is used when, and only when, appropriate. See https://aka.ms/efcore-docs-default-values for more information.
2026-06-24 01:26:54.817 +05:30 [WRN] The 'bool' property 'ShowInSidebar' on entity type 'Menuitem' is configured with a database-generated default, but has no configured sentinel value. The database-generated default will always be used for inserts when the property has the value 'False', since this is the CLR default for the 'bool' type. Consider using a nullable type, using a nullable backing field, or setting the sentinel value for the property to ensure the database default is used when, and only when, appropriate. See https://aka.ms/efcore-docs-default-values for more information.
2026-06-24 01:26:54.823 +05:30 [WRN] The 'bool' property 'IsActive' on entity type 'PermissionModule' is configured with a database-generated default, but has no configured sentinel value. The database-generated default will always be used for inserts when the property has the value 'False', since this is the CLR default for the 'bool' type. Consider using a nullable type, using a nullable backing field, or setting the sentinel value for the property to ensure the database default is used when, and only when, appropriate. See https://aka.ms/efcore-docs-default-values for more information.
2026-06-24 01:26:54.828 +05:30 [WRN] The 'bool' property 'IsDeleted' on entity type 'PermissionModule' is configured with a database-generated default, but has no configured sentinel value. The database-generated default will always be used for inserts when the property has the value 'False', since this is the CLR default for the 'bool' type. Consider using a nullable type, using a nullable backing field, or setting the sentinel value for the property to ensure the database default is used when, and only when, appropriate. See https://aka.ms/efcore-docs-default-values for more information.
2026-06-24 01:45:08.348 +05:30 [INF] Now listening on: https://localhost:7183
2026-06-24 01:45:08.680 +05:30 [INF] Now listening on: http://localhost:5264
2026-06-24 01:45:09.744 +05:30 [INF] Application started. Press Ctrl+C to shut down.
2026-06-24 01:45:10.863 +05:30 [INF] Hosting environment: Development
2026-06-24 01:45:11.931 +05:30 [INF] Content root path: C:\Users\Lekesh\Prince Yadav\Vedang Projects\Water Bill\VedangSoft.BPMS\Water.Bill\src\Water.Bill.API
2026-06-24 01:45:22.252 +05:30 [WRN] The 'bool' property 'IsActive' on entity type 'AuthorityLoginOtpVerification' is configured with a database-generated default, but has no configured sentinel value. The database-generated default will always be used for inserts when the property has the value 'False', since this is the CLR default for the 'bool' type. Consider using a nullable type, using a nullable backing field, or setting the sentinel value for the property to ensure the database default is used when, and only when, appropriate. See https://aka.ms/efcore-docs-default-values for more information.
2026-06-24 01:45:22.262 +05:30 [WRN] The 'bool' property 'IsDeleted' on entity type 'AuthorityLoginOtpVerification' is configured with a database-generated default, but has no configured sentinel value. The database-generated default will always be used for inserts when the property has the value 'False', since this is the CLR default for the 'bool' type. Consider using a nullable type, using a nullable backing field, or setting the sentinel value for the property to ensure the database default is used when, and only when, appropriate. See https://aka.ms/efcore-docs-default-values for more information.
2026-06-24 01:45:22.269 +05:30 [WRN] The 'bool' property 'IsActive' on entity type 'CommunicationPurpose' is configured with a database-generated default, but has no configured sentinel value. The database-generated default will always be used for inserts when the property has the value 'False', since this is the CLR default for the 'bool' type. Consider using a nullable type, using a nullable backing field, or setting the sentinel value for the property to ensure the database default is used when, and only when, appropriate. See https://aka.ms/efcore-docs-default-values for more information.
2026-06-24 01:45:22.294 +05:30 [WRN] The 'bool' property 'IsSystem' on entity type 'CommunicationPurpose' is configured with a database-generated default, but has no configured sentinel value. The database-generated default will always be used for inserts when the property has the value 'False', since this is the CLR default for the 'bool' type. Consider using a nullable type, using a nullable backing field, or setting the sentinel value for the property to ensure the database default is used when, and only when, appropriate. See https://aka.ms/efcore-docs-default-values for more information.
2026-06-24 01:45:22.302 +05:30 [WRN] The 'bool' property 'IsActive' on entity type 'CommunicationTemplate' is configured with a database-generated default, but has no configured sentinel value. The database-generated default will always be used for inserts when the property has the value 'False', since this is the CLR default for the 'bool' type. Consider using a nullable type, using a nullable backing field, or setting the sentinel value for the property to ensure the database default is used when, and only when, appropriate. See https://aka.ms/efcore-docs-default-values for more information.
2026-06-24 01:45:22.307 +05:30 [WRN] The 'bool' property 'IsDefault' on entity type 'CommunicationTemplate' is configured with a database-generated default, but has no configured sentinel value. The database-generated default will always be used for inserts when the property has the value 'False', since this is the CLR default for the 'bool' type. Consider using a nullable type, using a nullable backing field, or setting the sentinel value for the property to ensure the database default is used when, and only when, appropriate. See https://aka.ms/efcore-docs-default-values for more information.
2026-06-24 01:45:22.312 +05:30 [WRN] The 'bool' property 'IsDeleted' on entity type 'CommunicationTemplate' is configured with a database-generated default, but has no configured sentinel value. The database-generated default will always be used for inserts when the property has the value 'False', since this is the CLR default for the 'bool' type. Consider using a nullable type, using a nullable backing field, or setting the sentinel value for the property to ensure the database default is used when, and only when, appropriate. See https://aka.ms/efcore-docs-default-values for more information.
2026-06-24 01:45:22.320 +05:30 [WRN] The 'bool' property 'IsActive' on entity type 'ConsumerOtpVerification' is configured with a database-generated default, but has no configured sentinel value. The database-generated default will always be used for inserts when the property has the value 'False', since this is the CLR default for the 'bool' type. Consider using a nullable type, using a nullable backing field, or setting the sentinel value for the property to ensure the database default is used when, and only when, appropriate. See https://aka.ms/efcore-docs-default-values for more information.
2026-06-24 01:45:22.326 +05:30 [WRN] The 'bool' property 'IsDeleted' on entity type 'ConsumerOtpVerification' is configured with a database-generated default, but has no configured sentinel value. The database-generated default will always be used for inserts when the property has the value 'False', since this is the CLR default for the 'bool' type. Consider using a nullable type, using a nullable backing field, or setting the sentinel value for the property to ensure the database default is used when, and only when, appropriate. See https://aka.ms/efcore-docs-default-values for more information.
2026-06-24 01:45:22.331 +05:30 [WRN] The 'bool' property 'IsDeleted' on entity type 'InAppNotification' is configured with a database-generated default, but has no configured sentinel value. The database-generated default will always be used for inserts when the property has the value 'False', since this is the CLR default for the 'bool' type. Consider using a nullable type, using a nullable backing field, or setting the sentinel value for the property to ensure the database default is used when, and only when, appropriate. See https://aka.ms/efcore-docs-default-values for more information.
2026-06-24 01:45:22.341 +05:30 [WRN] The 'bool' property 'IsRead' on entity type 'InAppNotification' is configured with a database-generated default, but has no configured sentinel value. The database-generated default will always be used for inserts when the property has the value 'False', since this is the CLR default for the 'bool' type. Consider using a nullable type, using a nullable backing field, or setting the sentinel value for the property to ensure the database default is used when, and only when, appropriate. See https://aka.ms/efcore-docs-default-values for more information.
2026-06-24 01:45:22.348 +05:30 [WRN] The 'bool' property 'ShowInSidebar' on entity type 'Menuitem' is configured with a database-generated default, but has no configured sentinel value. The database-generated default will always be used for inserts when the property has the value 'False', since this is the CLR default for the 'bool' type. Consider using a nullable type, using a nullable backing field, or setting the sentinel value for the property to ensure the database default is used when, and only when, appropriate. See https://aka.ms/efcore-docs-default-values for more information.
2026-06-24 01:45:22.355 +05:30 [WRN] The 'bool' property 'IsActive' on entity type 'PermissionModule' is configured with a database-generated default, but has no configured sentinel value. The database-generated default will always be used for inserts when the property has the value 'False', since this is the CLR default for the 'bool' type. Consider using a nullable type, using a nullable backing field, or setting the sentinel value for the property to ensure the database default is used when, and only when, appropriate. See https://aka.ms/efcore-docs-default-values for more information.
2026-06-24 01:45:22.360 +05:30 [WRN] The 'bool' property 'IsDeleted' on entity type 'PermissionModule' is configured with a database-generated default, but has no configured sentinel value. The database-generated default will always be used for inserts when the property has the value 'False', since this is the CLR default for the 'bool' type. Consider using a nullable type, using a nullable backing field, or setting the sentinel value for the property to ensure the database default is used when, and only when, appropriate. See https://aka.ms/efcore-docs-default-values for more information.
2026-06-24 01:54:21.834 +05:30 [WRN] Savepoints are disabled because Multiple Active Result Sets (MARS) is enabled. If 'SaveChanges' fails, then the transaction cannot be automatically rolled back to a known clean state. Instead, the transaction should be rolled back by the application before retrying 'SaveChanges'. See https://go.microsoft.com/fwlink/?linkid=2149338 for more information and examples. To identify the code which triggers this warning, call 'ConfigureWarnings(w => w.Throw(SqlServerEventId.SavepointsDisabledBecauseOfMARS))'.
2026-06-24 01:56:05.490 +05:30 [WRN] Savepoints are disabled because Multiple Active Result Sets (MARS) is enabled. If 'SaveChanges' fails, then the transaction cannot be automatically rolled back to a known clean state. Instead, the transaction should be rolled back by the application before retrying 'SaveChanges'. See https://go.microsoft.com/fwlink/?linkid=2149338 for more information and examples. To identify the code which triggers this warning, call 'ConfigureWarnings(w => w.Throw(SqlServerEventId.SavepointsDisabledBecauseOfMARS))'.
2026-06-24 01:56:05.559 +05:30 [WRN] Savepoints are disabled because Multiple Active Result Sets (MARS) is enabled. If 'SaveChanges' fails, then the transaction cannot be automatically rolled back to a known clean state. Instead, the transaction should be rolled back by the application before retrying 'SaveChanges'. See https://go.microsoft.com/fwlink/?linkid=2149338 for more information and examples. To identify the code which triggers this warning, call 'ConfigureWarnings(w => w.Throw(SqlServerEventId.SavepointsDisabledBecauseOfMARS))'.
2026-06-24 02:27:28.901 +05:30 [INF] Now listening on: https://localhost:7183
2026-06-24 02:27:31.036 +05:30 [INF] Now listening on: http://localhost:5264
2026-06-24 02:27:32.082 +05:30 [INF] Application started. Press Ctrl+C to shut down.
2026-06-24 02:27:32.101 +05:30 [INF] Hosting environment: Development
2026-06-24 02:27:32.235 +05:30 [INF] Content root path: C:\Users\Lekesh\Prince Yadav\Vedang Projects\Water Bill\VedangSoft.BPMS\Water.Bill\src\Water.Bill.API
2026-06-24 02:27:41.838 +05:30 [WRN] The 'bool' property 'IsActive' on entity type 'AuthorityLoginOtpVerification' is configured with a database-generated default, but has no configured sentinel value. The database-generated default will always be used for inserts when the property has the value 'False', since this is the CLR default for the 'bool' type. Consider using a nullable type, using a nullable backing field, or setting the sentinel value for the property to ensure the database default is used when, and only when, appropriate. See https://aka.ms/efcore-docs-default-values for more information.
2026-06-24 02:27:41.848 +05:30 [WRN] The 'bool' property 'IsDeleted' on entity type 'AuthorityLoginOtpVerification' is configured with a database-generated default, but has no configured sentinel value. The database-generated default will always be used for inserts when the property has the value 'False', since this is the CLR default for the 'bool' type. Consider using a nullable type, using a nullable backing field, or setting the sentinel value for the property to ensure the database default is used when, and only when, appropriate. See https://aka.ms/efcore-docs-default-values for more information.
2026-06-24 02:27:41.854 +05:30 [WRN] The 'bool' property 'IsActive' on entity type 'CommunicationPurpose' is configured with a database-generated default, but has no configured sentinel value. The database-generated default will always be used for inserts when the property has the value 'False', since this is the CLR default for the 'bool' type. Consider using a nullable type, using a nullable backing field, or setting the sentinel value for the property to ensure the database default is used when, and only when, appropriate. See https://aka.ms/efcore-docs-default-values for more information.
2026-06-24 02:27:41.862 +05:30 [WRN] The 'bool' property 'IsSystem' on entity type 'CommunicationPurpose' is configured with a database-generated default, but has no configured sentinel value. The database-generated default will always be used for inserts when the property has the value 'False', since this is the CLR default for the 'bool' type. Consider using a nullable type, using a nullable backing field, or setting the sentinel value for the property to ensure the database default is used when, and only when, appropriate. See https://aka.ms/efcore-docs-default-values for more information.
2026-06-24 02:27:41.868 +05:30 [WRN] The 'bool' property 'IsActive' on entity type 'CommunicationTemplate' is configured with a database-generated default, but has no configured sentinel value. The database-generated default will always be used for inserts when the property has the value 'False', since this is the CLR default for the 'bool' type. Consider using a nullable type, using a nullable backing field, or setting the sentinel value for the property to ensure the database default is used when, and only when, appropriate. See https://aka.ms/efcore-docs-default-values for more information.
2026-06-24 02:27:41.873 +05:30 [WRN] The 'bool' property 'IsDefault' on entity type 'CommunicationTemplate' is configured with a database-generated default, but has no configured sentinel value. The database-generated default will always be used for inserts when the property has the value 'False', since this is the CLR default for the 'bool' type. Consider using a nullable type, using a nullable backing field, or setting the sentinel value for the property to ensure the database default is used when, and only when, appropriate. See https://aka.ms/efcore-docs-default-values for more information.
2026-06-24 02:27:41.879 +05:30 [WRN] The 'bool' property 'IsDeleted' on entity type 'CommunicationTemplate' is configured with a database-generated default, but has no configured sentinel value. The database-generated default will always be used for inserts when the property has the value 'False', since this is the CLR default for the 'bool' type. Consider using a nullable type, using a nullable backing field, or setting the sentinel value for the property to ensure the database default is used when, and only when, appropriate. See https://aka.ms/efcore-docs-default-values for more information.
2026-06-24 02:27:41.887 +05:30 [WRN] The 'bool' property 'IsActive' on entity type 'ConsumerOtpVerification' is configured with a database-generated default, but has no configured sentinel value. The database-generated default will always be used for inserts when the property has the value 'False', since this is the CLR default for the 'bool' type. Consider using a nullable type, using a nullable backing field, or setting the sentinel value for the property to ensure the database default is used when, and only when, appropriate. See https://aka.ms/efcore-docs-default-values for more information.
2026-06-24 02:27:41.893 +05:30 [WRN] The 'bool' property 'IsDeleted' on entity type 'ConsumerOtpVerification' is configured with a database-generated default, but has no configured sentinel value. The database-generated default will always be used for inserts when the property has the value 'False', since this is the CLR default for the 'bool' type. Consider using a nullable type, using a nullable backing field, or setting the sentinel value for the property to ensure the database default is used when, and only when, appropriate. See https://aka.ms/efcore-docs-default-values for more information.
2026-06-24 02:27:41.898 +05:30 [WRN] The 'bool' property 'IsDeleted' on entity type 'InAppNotification' is configured with a database-generated default, but has no configured sentinel value. The database-generated default will always be used for inserts when the property has the value 'False', since this is the CLR default for the 'bool' type. Consider using a nullable type, using a nullable backing field, or setting the sentinel value for the property to ensure the database default is used when, and only when, appropriate. See https://aka.ms/efcore-docs-default-values for more information.
2026-06-24 02:27:41.908 +05:30 [WRN] The 'bool' property 'IsRead' on entity type 'InAppNotification' is configured with a database-generated default, but has no configured sentinel value. The database-generated default will always be used for inserts when the property has the value 'False', since this is the CLR default for the 'bool' type. Consider using a nullable type, using a nullable backing field, or setting the sentinel value for the property to ensure the database default is used when, and only when, appropriate. See https://aka.ms/efcore-docs-default-values for more information.
2026-06-24 02:27:41.913 +05:30 [WRN] The 'bool' property 'ShowInSidebar' on entity type 'Menuitem' is configured with a database-generated default, but has no configured sentinel value. The database-generated default will always be used for inserts when the property has the value 'False', since this is the CLR default for the 'bool' type. Consider using a nullable type, using a nullable backing field, or setting the sentinel value for the property to ensure the database default is used when, and only when, appropriate. See https://aka.ms/efcore-docs-default-values for more information.
2026-06-24 02:27:41.920 +05:30 [WRN] The 'bool' property 'IsActive' on entity type 'PermissionModule' is configured with a database-generated default, but has no configured sentinel value. The database-generated default will always be used for inserts when the property has the value 'False', since this is the CLR default for the 'bool' type. Consider using a nullable type, using a nullable backing field, or setting the sentinel value for the property to ensure the database default is used when, and only when, appropriate. See https://aka.ms/efcore-docs-default-values for more information.
2026-06-24 02:27:41.926 +05:30 [WRN] The 'bool' property 'IsDeleted' on entity type 'PermissionModule' is configured with a database-generated default, but has no configured sentinel value. The database-generated default will always be used for inserts when the property has the value 'False', since this is the CLR default for the 'bool' type. Consider using a nullable type, using a nullable backing field, or setting the sentinel value for the property to ensure the database default is used when, and only when, appropriate. See https://aka.ms/efcore-docs-default-values for more information.
2026-06-24 02:37:33.419 +05:30 [WRN] Savepoints are disabled because Multiple Active Result Sets (MARS) is enabled. If 'SaveChanges' fails, then the transaction cannot be automatically rolled back to a known clean state. Instead, the transaction should be rolled back by the application before retrying 'SaveChanges'. See https://go.microsoft.com/fwlink/?linkid=2149338 for more information and examples. To identify the code which triggers this warning, call 'ConfigureWarnings(w => w.Throw(SqlServerEventId.SavepointsDisabledBecauseOfMARS))'.
2026-06-24 02:39:52.794 +05:30 [WRN] Savepoints are disabled because Multiple Active Result Sets (MARS) is enabled. If 'SaveChanges' fails, then the transaction cannot be automatically rolled back to a known clean state. Instead, the transaction should be rolled back by the application before retrying 'SaveChanges'. See https://go.microsoft.com/fwlink/?linkid=2149338 for more information and examples. To identify the code which triggers this warning, call 'ConfigureWarnings(w => w.Throw(SqlServerEventId.SavepointsDisabledBecauseOfMARS))'.
2026-06-24 02:41:27.822 +05:30 [WRN] Savepoints are disabled because Multiple Active Result Sets (MARS) is enabled. If 'SaveChanges' fails, then the transaction cannot be automatically rolled back to a known clean state. Instead, the transaction should be rolled back by the application before retrying 'SaveChanges'. See https://go.microsoft.com/fwlink/?linkid=2149338 for more information and examples. To identify the code which triggers this warning, call 'ConfigureWarnings(w => w.Throw(SqlServerEventId.SavepointsDisabledBecauseOfMARS))'.
2026-06-24 02:45:22.725 +05:30 [WRN] Savepoints are disabled because Multiple Active Result Sets (MARS) is enabled. If 'SaveChanges' fails, then the transaction cannot be automatically rolled back to a known clean state. Instead, the transaction should be rolled back by the application before retrying 'SaveChanges'. See https://go.microsoft.com/fwlink/?linkid=2149338 for more information and examples. To identify the code which triggers this warning, call 'ConfigureWarnings(w => w.Throw(SqlServerEventId.SavepointsDisabledBecauseOfMARS))'.
2026-06-24 02:46:17.518 +05:30 [WRN] Savepoints are disabled because Multiple Active Result Sets (MARS) is enabled. If 'SaveChanges' fails, then the transaction cannot be automatically rolled back to a known clean state. Instead, the transaction should be rolled back by the application before retrying 'SaveChanges'. See https://go.microsoft.com/fwlink/?linkid=2149338 for more information and examples. To identify the code which triggers this warning, call 'ConfigureWarnings(w => w.Throw(SqlServerEventId.SavepointsDisabledBecauseOfMARS))'.
2026-06-24 02:46:17.538 +05:30 [WRN] Savepoints are disabled because Multiple Active Result Sets (MARS) is enabled. If 'SaveChanges' fails, then the transaction cannot be automatically rolled back to a known clean state. Instead, the transaction should be rolled back by the application before retrying 'SaveChanges'. See https://go.microsoft.com/fwlink/?linkid=2149338 for more information and examples. To identify the code which triggers this warning, call 'ConfigureWarnings(w => w.Throw(SqlServerEventId.SavepointsDisabledBecauseOfMARS))'.
2026-06-24 12:36:21.811 +05:30 [INF] Now listening on: https://localhost:7183
2026-06-24 12:36:22.426 +05:30 [INF] Now listening on: http://localhost:5264
2026-06-24 12:36:29.163 +05:30 [INF] Application started. Press Ctrl+C to shut down.
2026-06-24 12:36:29.916 +05:30 [INF] Hosting environment: Development
2026-06-24 12:36:29.917 +05:30 [INF] Content root path: C:\Users\Lekesh\Prince Yadav\Vedang Projects\Water Bill\VedangSoft.BPMS\Water.Bill\src\Water.Bill.API
2026-06-24 12:36:56.736 +05:30 [WRN] The 'bool' property 'IsActive' on entity type 'AuthorityLoginOtpVerification' is configured with a database-generated default, but has no configured sentinel value. The database-generated default will always be used for inserts when the property has the value 'False', since this is the CLR default for the 'bool' type. Consider using a nullable type, using a nullable backing field, or setting the sentinel value for the property to ensure the database default is used when, and only when, appropriate. See https://aka.ms/efcore-docs-default-values for more information.
2026-06-24 12:36:56.746 +05:30 [WRN] The 'bool' property 'IsDeleted' on entity type 'AuthorityLoginOtpVerification' is configured with a database-generated default, but has no configured sentinel value. The database-generated default will always be used for inserts when the property has the value 'False', since this is the CLR default for the 'bool' type. Consider using a nullable type, using a nullable backing field, or setting the sentinel value for the property to ensure the database default is used when, and only when, appropriate. See https://aka.ms/efcore-docs-default-values for more information.
2026-06-24 12:36:56.750 +05:30 [WRN] The 'bool' property 'IsActive' on entity type 'CommunicationPurpose' is configured with a database-generated default, but has no configured sentinel value. The database-generated default will always be used for inserts when the property has the value 'False', since this is the CLR default for the 'bool' type. Consider using a nullable type, using a nullable backing field, or setting the sentinel value for the property to ensure the database default is used when, and only when, appropriate. See https://aka.ms/efcore-docs-default-values for more information.
2026-06-24 12:36:56.753 +05:30 [WRN] The 'bool' property 'IsSystem' on entity type 'CommunicationPurpose' is configured with a database-generated default, but has no configured sentinel value. The database-generated default will always be used for inserts when the property has the value 'False', since this is the CLR default for the 'bool' type. Consider using a nullable type, using a nullable backing field, or setting the sentinel value for the property to ensure the database default is used when, and only when, appropriate. See https://aka.ms/efcore-docs-default-values for more information.
2026-06-24 12:36:56.769 +05:30 [WRN] The 'bool' property 'IsActive' on entity type 'CommunicationTemplate' is configured with a database-generated default, but has no configured sentinel value. The database-generated default will always be used for inserts when the property has the value 'False', since this is the CLR default for the 'bool' type. Consider using a nullable type, using a nullable backing field, or setting the sentinel value for the property to ensure the database default is used when, and only when, appropriate. See https://aka.ms/efcore-docs-default-values for more information.
2026-06-24 12:36:56.773 +05:30 [WRN] The 'bool' property 'IsDefault' on entity type 'CommunicationTemplate' is configured with a database-generated default, but has no configured sentinel value. The database-generated default will always be used for inserts when the property has the value 'False', since this is the CLR default for the 'bool' type. Consider using a nullable type, using a nullable backing field, or setting the sentinel value for the property to ensure the database default is used when, and only when, appropriate. See https://aka.ms/efcore-docs-default-values for more information.
2026-06-24 12:36:56.782 +05:30 [WRN] The 'bool' property 'IsDeleted' on entity type 'CommunicationTemplate' is configured with a database-generated default, but has no configured sentinel value. The database-generated default will always be used for inserts when the property has the value 'False', since this is the CLR default for the 'bool' type. Consider using a nullable type, using a nullable backing field, or setting the sentinel value for the property to ensure the database default is used when, and only when, appropriate. See https://aka.ms/efcore-docs-default-values for more information.
2026-06-24 12:36:56.789 +05:30 [WRN] The 'bool' property 'IsActive' on entity type 'ConsumerOtpVerification' is configured with a database-generated default, but has no configured sentinel value. The database-generated default will always be used for inserts when the property has the value 'False', since this is the CLR default for the 'bool' type. Consider using a nullable type, using a nullable backing field, or setting the sentinel value for the property to ensure the database default is used when, and only when, appropriate. See https://aka.ms/efcore-docs-default-values for more information.
2026-06-24 12:36:56.798 +05:30 [WRN] The 'bool' property 'IsDeleted' on entity type 'ConsumerOtpVerification' is configured with a database-generated default, but has no configured sentinel value. The database-generated default will always be used for inserts when the property has the value 'False', since this is the CLR default for the 'bool' type. Consider using a nullable type, using a nullable backing field, or setting the sentinel value for the property to ensure the database default is used when, and only when, appropriate. See https://aka.ms/efcore-docs-default-values for more information.
2026-06-24 12:36:56.805 +05:30 [WRN] The 'bool' property 'IsDeleted' on entity type 'InAppNotification' is configured with a database-generated default, but has no configured sentinel value. The database-generated default will always be used for inserts when the property has the value 'False', since this is the CLR default for the 'bool' type. Consider using a nullable type, using a nullable backing field, or setting the sentinel value for the property to ensure the database default is used when, and only when, appropriate. See https://aka.ms/efcore-docs-default-values for more information.
2026-06-24 12:36:56.815 +05:30 [WRN] The 'bool' property 'IsRead' on entity type 'InAppNotification' is configured with a database-generated default, but has no configured sentinel value. The database-generated default will always be used for inserts when the property has the value 'False', since this is the CLR default for the 'bool' type. Consider using a nullable type, using a nullable backing field, or setting the sentinel value for the property to ensure the database default is used when, and only when, appropriate. See https://aka.ms/efcore-docs-default-values for more information.
2026-06-24 12:36:56.867 +05:30 [WRN] The 'bool' property 'ShowInSidebar' on entity type 'Menuitem' is configured with a database-generated default, but has no configured sentinel value. The database-generated default will always be used for inserts when the property has the value 'False', since this is the CLR default for the 'bool' type. Consider using a nullable type, using a nullable backing field, or setting the sentinel value for the property to ensure the database default is used when, and only when, appropriate. See https://aka.ms/efcore-docs-default-values for more information.
2026-06-24 12:36:57.062 +05:30 [WRN] The 'bool' property 'IsActive' on entity type 'PermissionModule' is configured with a database-generated default, but has no configured sentinel value. The database-generated default will always be used for inserts when the property has the value 'False', since this is the CLR default for the 'bool' type. Consider using a nullable type, using a nullable backing field, or setting the sentinel value for the property to ensure the database default is used when, and only when, appropriate. See https://aka.ms/efcore-docs-default-values for more information.
2026-06-24 12:36:57.473 +05:30 [WRN] The 'bool' property 'IsDeleted' on entity type 'PermissionModule' is configured with a database-generated default, but has no configured sentinel value. The database-generated default will always be used for inserts when the property has the value 'False', since this is the CLR default for the 'bool' type. Consider using a nullable type, using a nullable backing field, or setting the sentinel value for the property to ensure the database default is used when, and only when, appropriate. See https://aka.ms/efcore-docs-default-values for more information.
2026-06-24 12:37:30.802 +05:30 [ERR] Unhandled exception captured for /Dashboard. TraceId: 0HNMHNSCCLJH2:00000001
System.Threading.Tasks.TaskCanceledException: A task was canceled.
   at Microsoft.EntityFrameworkCore.Query.Internal.BufferedDataReader.BufferedDataRecord.InitializeAsync(DbDataReader reader, IReadOnlyList`1 columns, CancellationToken cancellationToken)
   at Microsoft.EntityFrameworkCore.Query.Internal.BufferedDataReader.InitializeAsync(IReadOnlyList`1 columns, CancellationToken cancellationToken)
   at Microsoft.EntityFrameworkCore.Query.Internal.BufferedDataReader.InitializeAsync(IReadOnlyList`1 columns, CancellationToken cancellationToken)
   at Microsoft.EntityFrameworkCore.Storage.RelationalCommand.ExecuteReaderAsync(RelationalCommandParameterObject parameterObject, CancellationToken cancellationToken)
   at Microsoft.EntityFrameworkCore.Storage.RelationalCommand.ExecuteReaderAsync(RelationalCommandParameterObject parameterObject, CancellationToken cancellationToken)
   at Microsoft.EntityFrameworkCore.Query.Internal.SingleQueryingEnumerable`1.AsyncEnumerator.InitializeReaderAsync(AsyncEnumerator enumerator, CancellationToken cancellationToken)
   at Microsoft.EntityFrameworkCore.Storage.ExecutionStrategy.<>c__DisplayClass30_0`2.<<ExecuteAsync>b__0>d.MoveNext()
--- End of stack trace from previous location ---
   at Microsoft.EntityFrameworkCore.Storage.ExecutionStrategy.ExecuteImplementationAsync[TState,TResult](Func`4 operation, Func`4 verifySucceeded, TState state, CancellationToken cancellationToken)
   at Microsoft.EntityFrameworkCore.Storage.ExecutionStrategy.ExecuteImplementationAsync[TState,TResult](Func`4 operation, Func`4 verifySucceeded, TState state, CancellationToken cancellationToken)
   at Microsoft.EntityFrameworkCore.Storage.ExecutionStrategy.ExecuteAsync[TState,TResult](TState state, Func`4 operation, Func`4 verifySucceeded, CancellationToken cancellationToken)
   at Microsoft.EntityFrameworkCore.Query.Internal.SingleQueryingEnumerable`1.AsyncEnumerator.MoveNextAsync()
   at Microsoft.EntityFrameworkCore.Query.ShapedQueryCompilingExpressionVisitor.SingleAsync[TSource](IAsyncEnumerable`1 asyncEnumerable, CancellationToken cancellationToken)
   at Microsoft.EntityFrameworkCore.Query.ShapedQueryCompilingExpressionVisitor.SingleAsync[TSource](IAsyncEnumerable`1 asyncEnumerable, CancellationToken cancellationToken)
   at Water.Bill.API.Controllers.Mvc.DashboardController.BuildChallanStatusCountsAsync(CancellationToken ct) in C:\Users\Lekesh\Prince Yadav\Vedang Projects\Water Bill\VedangSoft.BPMS\Water.Bill\src\Water.Bill.API\Controllers\Mvc\DashboardController.cs:line 412
   at Water.Bill.API.Controllers.Mvc.DashboardController.<>c__DisplayClass5_0.<<BuildAdminDashboardAsync>b__2>d.MoveNext() in C:\Users\Lekesh\Prince Yadav\Vedang Projects\Water Bill\VedangSoft.BPMS\Water.Bill\src\Water.Bill.API\Controllers\Mvc\DashboardController.cs:line 71
--- End of stack trace from previous location ---
   at Water.Bill.API.Controllers.Mvc.DashboardController.GetCachedDashboardValueAsync[T](String key, Func`1 factory) in C:\Users\Lekesh\Prince Yadav\Vedang Projects\Water Bill\VedangSoft.BPMS\Water.Bill\src\Water.Bill.API\Controllers\Mvc\DashboardController.cs:line 947
   at Water.Bill.API.Controllers.Mvc.DashboardController.BuildAdminDashboardAsync(String userName, String roleName, Nullable`1 defaulterThreshold, CancellationToken ct) in C:\Users\Lekesh\Prince Yadav\Vedang Projects\Water Bill\VedangSoft.BPMS\Water.Bill\src\Water.Bill.API\Controllers\Mvc\DashboardController.cs:line 67
   at Water.Bill.API.Controllers.Mvc.DashboardController.Index(Nullable`1 defaulterThreshold, CancellationToken ct) in C:\Users\Lekesh\Prince Yadav\Vedang Projects\Water Bill\VedangSoft.BPMS\Water.Bill\src\Water.Bill.API\Controllers\Mvc\DashboardController.cs:line 49
   at Microsoft.AspNetCore.Mvc.Infrastructure.ActionMethodExecutor.TaskOfIActionResultExecutor.Execute(ActionContext actionContext, IActionResultTypeMapper mapper, ObjectMethodExecutor executor, Object controller, Object[] arguments)
   at Microsoft.AspNetCore.Mvc.Infrastructure.ControllerActionInvoker.<InvokeActionMethodAsync>g__Awaited|12_0(ControllerActionInvoker invoker, ValueTask`1 actionResultValueTask)
   at Microsoft.AspNetCore.Mvc.Infrastructure.ControllerActionInvoker.<InvokeNextActionFilterAsync>g__Awaited|10_0(ControllerActionInvoker invoker, Task lastTask, State next, Scope scope, Object state, Boolean isCompleted)
   at Microsoft.AspNetCore.Mvc.Infrastructure.ControllerActionInvoker.Rethrow(ActionExecutedContextSealed context)
   at Microsoft.AspNetCore.Mvc.Infrastructure.ControllerActionInvoker.Next(State& next, Scope& scope, Object& state, Boolean& isCompleted)
   at Microsoft.AspNetCore.Mvc.Infrastructure.ControllerActionInvoker.<InvokeInnerFilterAsync>g__Awaited|13_0(ControllerActionInvoker invoker, Task lastTask, State next, Scope scope, Object state, Boolean isCompleted)
   at Microsoft.AspNetCore.Mvc.Infrastructure.ResourceInvoker.<InvokeNextResourceFilter>g__Awaited|25_0(ResourceInvoker invoker, Task lastTask, State next, Scope scope, Object state, Boolean isCompleted)
   at Microsoft.AspNetCore.Mvc.Infrastructure.ResourceInvoker.Rethrow(ResourceExecutedContextSealed context)
   at Microsoft.AspNetCore.Mvc.Infrastructure.ResourceInvoker.Next(State& next, Scope& scope, Object& state, Boolean& isCompleted)
   at Microsoft.AspNetCore.Mvc.Infrastructure.ResourceInvoker.<InvokeFilterPipelineAsync>g__Awaited|20_0(ResourceInvoker invoker, Task lastTask, State next, Scope scope, Object state, Boolean isCompleted)
   at Microsoft.AspNetCore.Mvc.Infrastructure.ResourceInvoker.<InvokeAsync>g__Awaited|17_0(ResourceInvoker invoker, Task task, IDisposable scope)
   at Microsoft.AspNetCore.Mvc.Infrastructure.ResourceInvoker.<InvokeAsync>g__Awaited|17_0(ResourceInvoker invoker, Task task, IDisposable scope)
   at Microsoft.AspNetCore.Authorization.AuthorizationMiddleware.Invoke(HttpContext context)
   at Program.<>c.<<<Main>$>b__0_5>d.MoveNext() in C:\Users\Lekesh\Prince Yadav\Vedang Projects\Water Bill\VedangSoft.BPMS\Water.Bill\src\Water.Bill.API\Program.cs:line 104
--- End of stack trace from previous location ---
   at Microsoft.AspNetCore.Authentication.AuthenticationMiddleware.Invoke(HttpContext context)
   at Water.Bill.Infrastructure.Middleware.GlobalExceptionLoggingMiddleware.InvokeAsync(HttpContext context) in C:\Users\Lekesh\Prince Yadav\Vedang Projects\Water Bill\VedangSoft.BPMS\Water.Bill\src\Water.Bill.Infrastructure\Middleware\GlobalExceptionLoggingMiddleware.cs:line 37
2026-06-24 12:37:33.284 +05:30 [ERR] Unhandled exception captured for /Dashboard. TraceId: 0HNMHNSCCLJH2:00000005
System.Threading.Tasks.TaskCanceledException: A task was canceled.
   at Microsoft.EntityFrameworkCore.Query.Internal.BufferedDataReader.BufferedDataRecord.InitializeAsync(DbDataReader reader, IReadOnlyList`1 columns, CancellationToken cancellationToken)
   at Microsoft.EntityFrameworkCore.Query.Internal.BufferedDataReader.InitializeAsync(IReadOnlyList`1 columns, CancellationToken cancellationToken)
   at Microsoft.EntityFrameworkCore.Query.Internal.BufferedDataReader.InitializeAsync(IReadOnlyList`1 columns, CancellationToken cancellationToken)
   at Microsoft.EntityFrameworkCore.Storage.RelationalCommand.ExecuteReaderAsync(RelationalCommandParameterObject parameterObject, CancellationToken cancellationToken)
   at Microsoft.EntityFrameworkCore.Storage.RelationalCommand.ExecuteReaderAsync(RelationalCommandParameterObject parameterObject, CancellationToken cancellationToken)
   at Microsoft.EntityFrameworkCore.Query.Internal.SingleQueryingEnumerable`1.AsyncEnumerator.InitializeReaderAsync(AsyncEnumerator enumerator, CancellationToken cancellationToken)
   at Microsoft.EntityFrameworkCore.Storage.ExecutionStrategy.<>c__DisplayClass30_0`2.<<ExecuteAsync>b__0>d.MoveNext()
--- End of stack trace from previous location ---
   at Microsoft.EntityFrameworkCore.Storage.ExecutionStrategy.ExecuteImplementationAsync[TState,TResult](Func`4 operation, Func`4 verifySucceeded, TState state, CancellationToken cancellationToken)
   at Microsoft.EntityFrameworkCore.Storage.ExecutionStrategy.ExecuteImplementationAsync[TState,TResult](Func`4 operation, Func`4 verifySucceeded, TState state, CancellationToken cancellationToken)
   at Microsoft.EntityFrameworkCore.Storage.ExecutionStrategy.ExecuteAsync[TState,TResult](TState state, Func`4 operation, Func`4 verifySucceeded, CancellationToken cancellationToken)
   at Microsoft.EntityFrameworkCore.Query.Internal.SingleQueryingEnumerable`1.AsyncEnumerator.MoveNextAsync()
   at Microsoft.EntityFrameworkCore.Query.ShapedQueryCompilingExpressionVisitor.SingleAsync[TSource](IAsyncEnumerable`1 asyncEnumerable, CancellationToken cancellationToken)
   at Microsoft.EntityFrameworkCore.Query.ShapedQueryCompilingExpressionVisitor.SingleAsync[TSource](IAsyncEnumerable`1 asyncEnumerable, CancellationToken cancellationToken)
   at Water.Bill.API.Controllers.Mvc.DashboardController.BuildChallanStatusCountsAsync(CancellationToken ct) in C:\Users\Lekesh\Prince Yadav\Vedang Projects\Water Bill\VedangSoft.BPMS\Water.Bill\src\Water.Bill.API\Controllers\Mvc\DashboardController.cs:line 412
   at Water.Bill.API.Controllers.Mvc.DashboardController.<>c__DisplayClass5_0.<<BuildAdminDashboardAsync>b__2>d.MoveNext() in C:\Users\Lekesh\Prince Yadav\Vedang Projects\Water Bill\VedangSoft.BPMS\Water.Bill\src\Water.Bill.API\Controllers\Mvc\DashboardController.cs:line 71
--- End of stack trace from previous location ---
   at Water.Bill.API.Controllers.Mvc.DashboardController.GetCachedDashboardValueAsync[T](String key, Func`1 factory) in C:\Users\Lekesh\Prince Yadav\Vedang Projects\Water Bill\VedangSoft.BPMS\Water.Bill\src\Water.Bill.API\Controllers\Mvc\DashboardController.cs:line 947
   at Water.Bill.API.Controllers.Mvc.DashboardController.BuildAdminDashboardAsync(String userName, String roleName, Nullable`1 defaulterThreshold, CancellationToken ct) in C:\Users\Lekesh\Prince Yadav\Vedang Projects\Water Bill\VedangSoft.BPMS\Water.Bill\src\Water.Bill.API\Controllers\Mvc\DashboardController.cs:line 67
   at Water.Bill.API.Controllers.Mvc.DashboardController.Index(Nullable`1 defaulterThreshold, CancellationToken ct) in C:\Users\Lekesh\Prince Yadav\Vedang Projects\Water Bill\VedangSoft.BPMS\Water.Bill\src\Water.Bill.API\Controllers\Mvc\DashboardController.cs:line 49
   at Microsoft.AspNetCore.Mvc.Infrastructure.ActionMethodExecutor.TaskOfIActionResultExecutor.Execute(ActionContext actionContext, IActionResultTypeMapper mapper, ObjectMethodExecutor executor, Object controller, Object[] arguments)
   at Microsoft.AspNetCore.Mvc.Infrastructure.ControllerActionInvoker.<InvokeActionMethodAsync>g__Awaited|12_0(ControllerActionInvoker invoker, ValueTask`1 actionResultValueTask)
   at Microsoft.AspNetCore.Mvc.Infrastructure.ControllerActionInvoker.<InvokeNextActionFilterAsync>g__Awaited|10_0(ControllerActionInvoker invoker, Task lastTask, State next, Scope scope, Object state, Boolean isCompleted)
   at Microsoft.AspNetCore.Mvc.Infrastructure.ControllerActionInvoker.Rethrow(ActionExecutedContextSealed context)
   at Microsoft.AspNetCore.Mvc.Infrastructure.ControllerActionInvoker.Next(State& next, Scope& scope, Object& state, Boolean& isCompleted)
   at Microsoft.AspNetCore.Mvc.Infrastructure.ControllerActionInvoker.<InvokeInnerFilterAsync>g__Awaited|13_0(ControllerActionInvoker invoker, Task lastTask, State next, Scope scope, Object state, Boolean isCompleted)
   at Microsoft.AspNetCore.Mvc.Infrastructure.ResourceInvoker.<InvokeNextResourceFilter>g__Awaited|25_0(ResourceInvoker invoker, Task lastTask, State next, Scope scope, Object state, Boolean isCompleted)
   at Microsoft.AspNetCore.Mvc.Infrastructure.ResourceInvoker.Rethrow(ResourceExecutedContextSealed context)
   at Microsoft.AspNetCore.Mvc.Infrastructure.ResourceInvoker.Next(State& next, Scope& scope, Object& state, Boolean& isCompleted)
   at Microsoft.AspNetCore.Mvc.Infrastructure.ResourceInvoker.<InvokeFilterPipelineAsync>g__Awaited|20_0(ResourceInvoker invoker, Task lastTask, State next, Scope scope, Object state, Boolean isCompleted)
   at Microsoft.AspNetCore.Mvc.Infrastructure.ResourceInvoker.<InvokeAsync>g__Awaited|17_0(ResourceInvoker invoker, Task task, IDisposable scope)
   at Microsoft.AspNetCore.Mvc.Infrastructure.ResourceInvoker.<InvokeAsync>g__Awaited|17_0(ResourceInvoker invoker, Task task, IDisposable scope)
   at Microsoft.AspNetCore.Authorization.AuthorizationMiddleware.Invoke(HttpContext context)
   at Program.<>c.<<<Main>$>b__0_5>d.MoveNext() in C:\Users\Lekesh\Prince Yadav\Vedang Projects\Water Bill\VedangSoft.BPMS\Water.Bill\src\Water.Bill.API\Program.cs:line 104
--- End of stack trace from previous location ---
   at Microsoft.AspNetCore.Authentication.AuthenticationMiddleware.Invoke(HttpContext context)
   at Water.Bill.Infrastructure.Middleware.GlobalExceptionLoggingMiddleware.InvokeAsync(HttpContext context) in C:\Users\Lekesh\Prince Yadav\Vedang Projects\Water Bill\VedangSoft.BPMS\Water.Bill\src\Water.Bill.Infrastructure\Middleware\GlobalExceptionLoggingMiddleware.cs:line 37
2026-06-24 12:37:32.854 +05:30 [ERR] Unhandled exception captured for /Dashboard. TraceId: 0HNMHNSCCLJH1:0000000B
System.Threading.Tasks.TaskCanceledException: A task was canceled.
   at Microsoft.EntityFrameworkCore.Query.Internal.BufferedDataReader.BufferedDataRecord.InitializeAsync(DbDataReader reader, IReadOnlyList`1 columns, CancellationToken cancellationToken)
   at Microsoft.EntityFrameworkCore.Query.Internal.BufferedDataReader.InitializeAsync(IReadOnlyList`1 columns, CancellationToken cancellationToken)
   at Microsoft.EntityFrameworkCore.Query.Internal.BufferedDataReader.InitializeAsync(IReadOnlyList`1 columns, CancellationToken cancellationToken)
   at Microsoft.EntityFrameworkCore.Storage.RelationalCommand.ExecuteReaderAsync(RelationalCommandParameterObject parameterObject, CancellationToken cancellationToken)
   at Microsoft.EntityFrameworkCore.Storage.RelationalCommand.ExecuteReaderAsync(RelationalCommandParameterObject parameterObject, CancellationToken cancellationToken)
   at Microsoft.EntityFrameworkCore.Query.Internal.SingleQueryingEnumerable`1.AsyncEnumerator.InitializeReaderAsync(AsyncEnumerator enumerator, CancellationToken cancellationToken)
   at Microsoft.EntityFrameworkCore.Storage.ExecutionStrategy.<>c__DisplayClass30_0`2.<<ExecuteAsync>b__0>d.MoveNext()
--- End of stack trace from previous location ---
   at Microsoft.EntityFrameworkCore.Storage.ExecutionStrategy.ExecuteImplementationAsync[TState,TResult](Func`4 operation, Func`4 verifySucceeded, TState state, CancellationToken cancellationToken)
   at Microsoft.EntityFrameworkCore.Storage.ExecutionStrategy.ExecuteImplementationAsync[TState,TResult](Func`4 operation, Func`4 verifySucceeded, TState state, CancellationToken cancellationToken)
   at Microsoft.EntityFrameworkCore.Storage.ExecutionStrategy.ExecuteAsync[TState,TResult](TState state, Func`4 operation, Func`4 verifySucceeded, CancellationToken cancellationToken)
   at Microsoft.EntityFrameworkCore.Query.Internal.SingleQueryingEnumerable`1.AsyncEnumerator.MoveNextAsync()
   at Microsoft.EntityFrameworkCore.Query.ShapedQueryCompilingExpressionVisitor.SingleAsync[TSource](IAsyncEnumerable`1 asyncEnumerable, CancellationToken cancellationToken)
   at Microsoft.EntityFrameworkCore.Query.ShapedQueryCompilingExpressionVisitor.SingleAsync[TSource](IAsyncEnumerable`1 asyncEnumerable, CancellationToken cancellationToken)
   at Water.Bill.API.Controllers.Mvc.DashboardController.BuildChallanStatusCountsAsync(CancellationToken ct) in C:\Users\Lekesh\Prince Yadav\Vedang Projects\Water Bill\VedangSoft.BPMS\Water.Bill\src\Water.Bill.API\Controllers\Mvc\DashboardController.cs:line 412
   at Water.Bill.API.Controllers.Mvc.DashboardController.<>c__DisplayClass5_0.<<BuildAdminDashboardAsync>b__2>d.MoveNext() in C:\Users\Lekesh\Prince Yadav\Vedang Projects\Water Bill\VedangSoft.BPMS\Water.Bill\src\Water.Bill.API\Controllers\Mvc\DashboardController.cs:line 71
--- End of stack trace from previous location ---
   at Water.Bill.API.Controllers.Mvc.DashboardController.GetCachedDashboardValueAsync[T](String key, Func`1 factory) in C:\Users\Lekesh\Prince Yadav\Vedang Projects\Water Bill\VedangSoft.BPMS\Water.Bill\src\Water.Bill.API\Controllers\Mvc\DashboardController.cs:line 947
   at Water.Bill.API.Controllers.Mvc.DashboardController.BuildAdminDashboardAsync(String userName, String roleName, Nullable`1 defaulterThreshold, CancellationToken ct) in C:\Users\Lekesh\Prince Yadav\Vedang Projects\Water Bill\VedangSoft.BPMS\Water.Bill\src\Water.Bill.API\Controllers\Mvc\DashboardController.cs:line 67
   at Water.Bill.API.Controllers.Mvc.DashboardController.Index(Nullable`1 defaulterThreshold, CancellationToken ct) in C:\Users\Lekesh\Prince Yadav\Vedang Projects\Water Bill\VedangSoft.BPMS\Water.Bill\src\Water.Bill.API\Controllers\Mvc\DashboardController.cs:line 49
   at Microsoft.AspNetCore.Mvc.Infrastructure.ActionMethodExecutor.TaskOfIActionResultExecutor.Execute(ActionContext actionContext, IActionResultTypeMapper mapper, ObjectMethodExecutor executor, Object controller, Object[] arguments)
   at Microsoft.AspNetCore.Mvc.Infrastructure.ControllerActionInvoker.<InvokeActionMethodAsync>g__Awaited|12_0(ControllerActionInvoker invoker, ValueTask`1 actionResultValueTask)
   at Microsoft.AspNetCore.Mvc.Infrastructure.ControllerActionInvoker.<InvokeNextActionFilterAsync>g__Awaited|10_0(ControllerActionInvoker invoker, Task lastTask, State next, Scope scope, Object state, Boolean isCompleted)
   at Microsoft.AspNetCore.Mvc.Infrastructure.ControllerActionInvoker.Rethrow(ActionExecutedContextSealed context)
   at Microsoft.AspNetCore.Mvc.Infrastructure.ControllerActionInvoker.Next(State& next, Scope& scope, Object& state, Boolean& isCompleted)
   at Microsoft.AspNetCore.Mvc.Infrastructure.ControllerActionInvoker.<InvokeInnerFilterAsync>g__Awaited|13_0(ControllerActionInvoker invoker, Task lastTask, State next, Scope scope, Object state, Boolean isCompleted)
   at Microsoft.AspNetCore.Mvc.Infrastructure.ResourceInvoker.<InvokeNextResourceFilter>g__Awaited|25_0(ResourceInvoker invoker, Task lastTask, State next, Scope scope, Object state, Boolean isCompleted)
   at Microsoft.AspNetCore.Mvc.Infrastructure.ResourceInvoker.Rethrow(ResourceExecutedContextSealed context)
   at Microsoft.AspNetCore.Mvc.Infrastructure.ResourceInvoker.Next(State& next, Scope& scope, Object& state, Boolean& isCompleted)
   at Microsoft.AspNetCore.Mvc.Infrastructure.ResourceInvoker.<InvokeFilterPipelineAsync>g__Awaited|20_0(ResourceInvoker invoker, Task lastTask, State next, Scope scope, Object state, Boolean isCompleted)
   at Microsoft.AspNetCore.Mvc.Infrastructure.ResourceInvoker.<InvokeAsync>g__Awaited|17_0(ResourceInvoker invoker, Task task, IDisposable scope)
   at Microsoft.AspNetCore.Mvc.Infrastructure.ResourceInvoker.<InvokeAsync>g__Awaited|17_0(ResourceInvoker invoker, Task task, IDisposable scope)
   at Microsoft.AspNetCore.Authorization.AuthorizationMiddleware.Invoke(HttpContext context)
   at Program.<>c.<<<Main>$>b__0_5>d.MoveNext() in C:\Users\Lekesh\Prince Yadav\Vedang Projects\Water Bill\VedangSoft.BPMS\Water.Bill\src\Water.Bill.API\Program.cs:line 104
--- End of stack trace from previous location ---
   at Microsoft.AspNetCore.Authentication.AuthenticationMiddleware.Invoke(HttpContext context)
   at Water.Bill.Infrastructure.Middleware.GlobalExceptionLoggingMiddleware.InvokeAsync(HttpContext context) in C:\Users\Lekesh\Prince Yadav\Vedang Projects\Water Bill\VedangSoft.BPMS\Water.Bill\src\Water.Bill.Infrastructure\Middleware\GlobalExceptionLoggingMiddleware.cs:line 37
2026-06-24 12:37:34.649 +05:30 [ERR] Unhandled exception captured for /Dashboard. TraceId: 0HNMHNSCCLJH1:0000000F
System.Threading.Tasks.TaskCanceledException: A task was canceled.
   at Microsoft.EntityFrameworkCore.Query.Internal.BufferedDataReader.BufferedDataRecord.InitializeAsync(DbDataReader reader, IReadOnlyList`1 columns, CancellationToken cancellationToken)
   at Microsoft.EntityFrameworkCore.Query.Internal.BufferedDataReader.InitializeAsync(IReadOnlyList`1 columns, CancellationToken cancellationToken)
   at Microsoft.EntityFrameworkCore.Query.Internal.BufferedDataReader.InitializeAsync(IReadOnlyList`1 columns, CancellationToken cancellationToken)
   at Microsoft.EntityFrameworkCore.Storage.RelationalCommand.ExecuteReaderAsync(RelationalCommandParameterObject parameterObject, CancellationToken cancellationToken)
   at Microsoft.EntityFrameworkCore.Storage.RelationalCommand.ExecuteReaderAsync(RelationalCommandParameterObject parameterObject, CancellationToken cancellationToken)
   at Microsoft.EntityFrameworkCore.Query.Internal.SingleQueryingEnumerable`1.AsyncEnumerator.InitializeReaderAsync(AsyncEnumerator enumerator, CancellationToken cancellationToken)
   at Microsoft.EntityFrameworkCore.Storage.ExecutionStrategy.<>c__DisplayClass30_0`2.<<ExecuteAsync>b__0>d.MoveNext()
--- End of stack trace from previous location ---
   at Microsoft.EntityFrameworkCore.Storage.ExecutionStrategy.ExecuteImplementationAsync[TState,TResult](Func`4 operation, Func`4 verifySucceeded, TState state, CancellationToken cancellationToken)
   at Microsoft.EntityFrameworkCore.Storage.ExecutionStrategy.ExecuteImplementationAsync[TState,TResult](Func`4 operation, Func`4 verifySucceeded, TState state, CancellationToken cancellationToken)
   at Microsoft.EntityFrameworkCore.Storage.ExecutionStrategy.ExecuteAsync[TState,TResult](TState state, Func`4 operation, Func`4 verifySucceeded, CancellationToken cancellationToken)
   at Microsoft.EntityFrameworkCore.Query.Internal.SingleQueryingEnumerable`1.AsyncEnumerator.MoveNextAsync()
   at Microsoft.EntityFrameworkCore.Query.ShapedQueryCompilingExpressionVisitor.SingleAsync[TSource](IAsyncEnumerable`1 asyncEnumerable, CancellationToken cancellationToken)
   at Microsoft.EntityFrameworkCore.Query.ShapedQueryCompilingExpressionVisitor.SingleAsync[TSource](IAsyncEnumerable`1 asyncEnumerable, CancellationToken cancellationToken)
   at Water.Bill.API.Controllers.Mvc.DashboardController.BuildChallanStatusCountsAsync(CancellationToken ct) in C:\Users\Lekesh\Prince Yadav\Vedang Projects\Water Bill\VedangSoft.BPMS\Water.Bill\src\Water.Bill.API\Controllers\Mvc\DashboardController.cs:line 412
   at Water.Bill.API.Controllers.Mvc.DashboardController.<>c__DisplayClass5_0.<<BuildAdminDashboardAsync>b__2>d.MoveNext() in C:\Users\Lekesh\Prince Yadav\Vedang Projects\Water Bill\VedangSoft.BPMS\Water.Bill\src\Water.Bill.API\Controllers\Mvc\DashboardController.cs:line 71
--- End of stack trace from previous location ---
   at Water.Bill.API.Controllers.Mvc.DashboardController.GetCachedDashboardValueAsync[T](String key, Func`1 factory) in C:\Users\Lekesh\Prince Yadav\Vedang Projects\Water Bill\VedangSoft.BPMS\Water.Bill\src\Water.Bill.API\Controllers\Mvc\DashboardController.cs:line 947
   at Water.Bill.API.Controllers.Mvc.DashboardController.BuildAdminDashboardAsync(String userName, String roleName, Nullable`1 defaulterThreshold, CancellationToken ct) in C:\Users\Lekesh\Prince Yadav\Vedang Projects\Water Bill\VedangSoft.BPMS\Water.Bill\src\Water.Bill.API\Controllers\Mvc\DashboardController.cs:line 67
   at Water.Bill.API.Controllers.Mvc.DashboardController.Index(Nullable`1 defaulterThreshold, CancellationToken ct) in C:\Users\Lekesh\Prince Yadav\Vedang Projects\Water Bill\VedangSoft.BPMS\Water.Bill\src\Water.Bill.API\Controllers\Mvc\DashboardController.cs:line 49
   at Microsoft.AspNetCore.Mvc.Infrastructure.ActionMethodExecutor.TaskOfIActionResultExecutor.Execute(ActionContext actionContext, IActionResultTypeMapper mapper, ObjectMethodExecutor executor, Object controller, Object[] arguments)
   at Microsoft.AspNetCore.Mvc.Infrastructure.ControllerActionInvoker.<InvokeActionMethodAsync>g__Awaited|12_0(ControllerActionInvoker invoker, ValueTask`1 actionResultValueTask)
   at Microsoft.AspNetCore.Mvc.Infrastructure.ControllerActionInvoker.<InvokeNextActionFilterAsync>g__Awaited|10_0(ControllerActionInvoker invoker, Task lastTask, State next, Scope scope, Object state, Boolean isCompleted)
   at Microsoft.AspNetCore.Mvc.Infrastructure.ControllerActionInvoker.Rethrow(ActionExecutedContextSealed context)
   at Microsoft.AspNetCore.Mvc.Infrastructure.ControllerActionInvoker.Next(State& next, Scope& scope, Object& state, Boolean& isCompleted)
   at Microsoft.AspNetCore.Mvc.Infrastructure.ControllerActionInvoker.<InvokeInnerFilterAsync>g__Awaited|13_0(ControllerActionInvoker invoker, Task lastTask, State next, Scope scope, Object state, Boolean isCompleted)
   at Microsoft.AspNetCore.Mvc.Infrastructure.ResourceInvoker.<InvokeNextResourceFilter>g__Awaited|25_0(ResourceInvoker invoker, Task lastTask, State next, Scope scope, Object state, Boolean isCompleted)
   at Microsoft.AspNetCore.Mvc.Infrastructure.ResourceInvoker.Rethrow(ResourceExecutedContextSealed context)
   at Microsoft.AspNetCore.Mvc.Infrastructure.ResourceInvoker.Next(State& next, Scope& scope, Object& state, Boolean& isCompleted)
   at Microsoft.AspNetCore.Mvc.Infrastructure.ResourceInvoker.<InvokeFilterPipelineAsync>g__Awaited|20_0(ResourceInvoker invoker, Task lastTask, State next, Scope scope, Object state, Boolean isCompleted)
   at Microsoft.AspNetCore.Mvc.Infrastructure.ResourceInvoker.<InvokeAsync>g__Awaited|17_0(ResourceInvoker invoker, Task task, IDisposable scope)
   at Microsoft.AspNetCore.Mvc.Infrastructure.ResourceInvoker.<InvokeAsync>g__Awaited|17_0(ResourceInvoker invoker, Task task, IDisposable scope)
   at Microsoft.AspNetCore.Authorization.AuthorizationMiddleware.Invoke(HttpContext context)
   at Program.<>c.<<<Main>$>b__0_5>d.MoveNext() in C:\Users\Lekesh\Prince Yadav\Vedang Projects\Water Bill\VedangSoft.BPMS\Water.Bill\src\Water.Bill.API\Program.cs:line 104
--- End of stack trace from previous location ---
   at Microsoft.AspNetCore.Authentication.AuthenticationMiddleware.Invoke(HttpContext context)
   at Water.Bill.Infrastructure.Middleware.GlobalExceptionLoggingMiddleware.InvokeAsync(HttpContext context) in C:\Users\Lekesh\Prince Yadav\Vedang Projects\Water Bill\VedangSoft.BPMS\Water.Bill\src\Water.Bill.Infrastructure\Middleware\GlobalExceptionLoggingMiddleware.cs:line 37
2026-06-24 12:41:51.468 +05:30 [WRN] Savepoints are disabled because Multiple Active Result Sets (MARS) is enabled. If 'SaveChanges' fails, then the transaction cannot be automatically rolled back to a known clean state. Instead, the transaction should be rolled back by the application before retrying 'SaveChanges'. See https://go.microsoft.com/fwlink/?linkid=2149338 for more information and examples. To identify the code which triggers this warning, call 'ConfigureWarnings(w => w.Throw(SqlServerEventId.SavepointsDisabledBecauseOfMARS))'.
2026-06-24 12:48:49.960 +05:30 [ERR] Unhandled exception captured for /Dashboard. TraceId: 0HNMHNSCCLJH1:0000019D
System.Threading.Tasks.TaskCanceledException: A task was canceled.
   at Microsoft.EntityFrameworkCore.Query.Internal.BufferedDataReader.BufferedDataRecord.InitializeAsync(DbDataReader reader, IReadOnlyList`1 columns, CancellationToken cancellationToken)
   at Microsoft.EntityFrameworkCore.Query.Internal.BufferedDataReader.InitializeAsync(IReadOnlyList`1 columns, CancellationToken cancellationToken)
   at Microsoft.EntityFrameworkCore.Query.Internal.BufferedDataReader.InitializeAsync(IReadOnlyList`1 columns, CancellationToken cancellationToken)
   at Microsoft.EntityFrameworkCore.Storage.RelationalCommand.ExecuteReaderAsync(RelationalCommandParameterObject parameterObject, CancellationToken cancellationToken)
   at Microsoft.EntityFrameworkCore.Storage.RelationalCommand.ExecuteReaderAsync(RelationalCommandParameterObject parameterObject, CancellationToken cancellationToken)
   at Microsoft.EntityFrameworkCore.Query.Internal.SingleQueryingEnumerable`1.AsyncEnumerator.InitializeReaderAsync(AsyncEnumerator enumerator, CancellationToken cancellationToken)
   at Microsoft.EntityFrameworkCore.Storage.ExecutionStrategy.<>c__DisplayClass30_0`2.<<ExecuteAsync>b__0>d.MoveNext()
--- End of stack trace from previous location ---
   at Microsoft.EntityFrameworkCore.Storage.ExecutionStrategy.ExecuteImplementationAsync[TState,TResult](Func`4 operation, Func`4 verifySucceeded, TState state, CancellationToken cancellationToken)
   at Microsoft.EntityFrameworkCore.Storage.ExecutionStrategy.ExecuteImplementationAsync[TState,TResult](Func`4 operation, Func`4 verifySucceeded, TState state, CancellationToken cancellationToken)
   at Microsoft.EntityFrameworkCore.Storage.ExecutionStrategy.ExecuteAsync[TState,TResult](TState state, Func`4 operation, Func`4 verifySucceeded, CancellationToken cancellationToken)
   at Microsoft.EntityFrameworkCore.Query.Internal.SingleQueryingEnumerable`1.AsyncEnumerator.MoveNextAsync()
   at Microsoft.EntityFrameworkCore.EntityFrameworkQueryableExtensions.ToListAsync[TSource](IQueryable`1 source, CancellationToken cancellationToken)
   at Microsoft.EntityFrameworkCore.EntityFrameworkQueryableExtensions.ToListAsync[TSource](IQueryable`1 source, CancellationToken cancellationToken)
   at Water.Bill.API.Controllers.Mvc.DashboardController.BuildRecentChallansAsync(IQueryable`1 query, CancellationToken ct, Int32 take) in C:\Users\Lekesh\Prince Yadav\Vedang Projects\Water Bill\VedangSoft.BPMS\Water.Bill\src\Water.Bill.API\Controllers\Mvc\DashboardController.cs:line 864
   at Water.Bill.API.Controllers.Mvc.DashboardController.BuildStaffDashboardAsync(Int32 userId, Int32 roleId, String username, String userName, String roleName, CancellationToken ct) in C:\Users\Lekesh\Prince Yadav\Vedang Projects\Water Bill\VedangSoft.BPMS\Water.Bill\src\Water.Bill.API\Controllers\Mvc\DashboardController.cs:line 189
   at Water.Bill.API.Controllers.Mvc.DashboardController.Index(Nullable`1 defaulterThreshold, CancellationToken ct) in C:\Users\Lekesh\Prince Yadav\Vedang Projects\Water Bill\VedangSoft.BPMS\Water.Bill\src\Water.Bill.API\Controllers\Mvc\DashboardController.cs:line 49
   at Microsoft.AspNetCore.Mvc.Infrastructure.ActionMethodExecutor.TaskOfIActionResultExecutor.Execute(ActionContext actionContext, IActionResultTypeMapper mapper, ObjectMethodExecutor executor, Object controller, Object[] arguments)
   at Microsoft.AspNetCore.Mvc.Infrastructure.ControllerActionInvoker.<InvokeActionMethodAsync>g__Awaited|12_0(ControllerActionInvoker invoker, ValueTask`1 actionResultValueTask)
   at Microsoft.AspNetCore.Mvc.Infrastructure.ControllerActionInvoker.<InvokeNextActionFilterAsync>g__Awaited|10_0(ControllerActionInvoker invoker, Task lastTask, State next, Scope scope, Object state, Boolean isCompleted)
   at Microsoft.AspNetCore.Mvc.Infrastructure.ControllerActionInvoker.Rethrow(ActionExecutedContextSealed context)
   at Microsoft.AspNetCore.Mvc.Infrastructure.ControllerActionInvoker.Next(State& next, Scope& scope, Object& state, Boolean& isCompleted)
   at Microsoft.AspNetCore.Mvc.Infrastructure.ControllerActionInvoker.<InvokeInnerFilterAsync>g__Awaited|13_0(ControllerActionInvoker invoker, Task lastTask, State next, Scope scope, Object state, Boolean isCompleted)
   at Microsoft.AspNetCore.Mvc.Infrastructure.ResourceInvoker.<InvokeNextResourceFilter>g__Awaited|25_0(ResourceInvoker invoker, Task lastTask, State next, Scope scope, Object state, Boolean isCompleted)
   at Microsoft.AspNetCore.Mvc.Infrastructure.ResourceInvoker.Rethrow(ResourceExecutedContextSealed context)
   at Microsoft.AspNetCore.Mvc.Infrastructure.ResourceInvoker.Next(State& next, Scope& scope, Object& state, Boolean& isCompleted)
   at Microsoft.AspNetCore.Mvc.Infrastructure.ResourceInvoker.<InvokeFilterPipelineAsync>g__Awaited|20_0(ResourceInvoker invoker, Task lastTask, State next, Scope scope, Object state, Boolean isCompleted)
   at Microsoft.AspNetCore.Mvc.Infrastructure.ResourceInvoker.<InvokeAsync>g__Awaited|17_0(ResourceInvoker invoker, Task task, IDisposable scope)
   at Microsoft.AspNetCore.Mvc.Infrastructure.ResourceInvoker.<InvokeAsync>g__Awaited|17_0(ResourceInvoker invoker, Task task, IDisposable scope)
   at Microsoft.AspNetCore.Authorization.AuthorizationMiddleware.Invoke(HttpContext context)
   at Program.<>c.<<<Main>$>b__0_5>d.MoveNext() in C:\Users\Lekesh\Prince Yadav\Vedang Projects\Water Bill\VedangSoft.BPMS\Water.Bill\src\Water.Bill.API\Program.cs:line 104
--- End of stack trace from previous location ---
   at Microsoft.AspNetCore.Authentication.AuthenticationMiddleware.Invoke(HttpContext context)
   at Water.Bill.Infrastructure.Middleware.GlobalExceptionLoggingMiddleware.InvokeAsync(HttpContext context) in C:\Users\Lekesh\Prince Yadav\Vedang Projects\Water Bill\VedangSoft.BPMS\Water.Bill\src\Water.Bill.Infrastructure\Middleware\GlobalExceptionLoggingMiddleware.cs:line 37
2026-06-24 12:54:11.918 +05:30 [WRN] Savepoints are disabled because Multiple Active Result Sets (MARS) is enabled. If 'SaveChanges' fails, then the transaction cannot be automatically rolled back to a known clean state. Instead, the transaction should be rolled back by the application before retrying 'SaveChanges'. See https://go.microsoft.com/fwlink/?linkid=2149338 for more information and examples. To identify the code which triggers this warning, call 'ConfigureWarnings(w => w.Throw(SqlServerEventId.SavepointsDisabledBecauseOfMARS))'.
2026-06-24 13:47:29.069 +05:30 [INF] Now listening on: https://localhost:7183
2026-06-24 13:47:29.796 +05:30 [INF] Now listening on: http://localhost:5264
2026-06-24 13:47:30.681 +05:30 [INF] Application started. Press Ctrl+C to shut down.
2026-06-24 13:47:32.293 +05:30 [INF] Hosting environment: Development
2026-06-24 13:47:34.665 +05:30 [INF] Content root path: C:\Users\Lekesh\Prince Yadav\Vedang Projects\Water Bill\VedangSoft.BPMS\Water.Bill\src\Water.Bill.API
2026-06-24 13:47:46.557 +05:30 [WRN] The 'bool' property 'IsActive' on entity type 'AuthorityLoginOtpVerification' is configured with a database-generated default, but has no configured sentinel value. The database-generated default will always be used for inserts when the property has the value 'False', since this is the CLR default for the 'bool' type. Consider using a nullable type, using a nullable backing field, or setting the sentinel value for the property to ensure the database default is used when, and only when, appropriate. See https://aka.ms/efcore-docs-default-values for more information.
2026-06-24 13:47:46.626 +05:30 [WRN] The 'bool' property 'IsDeleted' on entity type 'AuthorityLoginOtpVerification' is configured with a database-generated default, but has no configured sentinel value. The database-generated default will always be used for inserts when the property has the value 'False', since this is the CLR default for the 'bool' type. Consider using a nullable type, using a nullable backing field, or setting the sentinel value for the property to ensure the database default is used when, and only when, appropriate. See https://aka.ms/efcore-docs-default-values for more information.
2026-06-24 13:47:46.631 +05:30 [WRN] The 'bool' property 'IsActive' on entity type 'CommunicationPurpose' is configured with a database-generated default, but has no configured sentinel value. The database-generated default will always be used for inserts when the property has the value 'False', since this is the CLR default for the 'bool' type. Consider using a nullable type, using a nullable backing field, or setting the sentinel value for the property to ensure the database default is used when, and only when, appropriate. See https://aka.ms/efcore-docs-default-values for more information.
2026-06-24 13:47:46.642 +05:30 [WRN] The 'bool' property 'IsSystem' on entity type 'CommunicationPurpose' is configured with a database-generated default, but has no configured sentinel value. The database-generated default will always be used for inserts when the property has the value 'False', since this is the CLR default for the 'bool' type. Consider using a nullable type, using a nullable backing field, or setting the sentinel value for the property to ensure the database default is used when, and only when, appropriate. See https://aka.ms/efcore-docs-default-values for more information.
2026-06-24 13:47:46.655 +05:30 [WRN] The 'bool' property 'IsActive' on entity type 'CommunicationTemplate' is configured with a database-generated default, but has no configured sentinel value. The database-generated default will always be used for inserts when the property has the value 'False', since this is the CLR default for the 'bool' type. Consider using a nullable type, using a nullable backing field, or setting the sentinel value for the property to ensure the database default is used when, and only when, appropriate. See https://aka.ms/efcore-docs-default-values for more information.
2026-06-24 13:47:46.691 +05:30 [WRN] The 'bool' property 'IsDefault' on entity type 'CommunicationTemplate' is configured with a database-generated default, but has no configured sentinel value. The database-generated default will always be used for inserts when the property has the value 'False', since this is the CLR default for the 'bool' type. Consider using a nullable type, using a nullable backing field, or setting the sentinel value for the property to ensure the database default is used when, and only when, appropriate. See https://aka.ms/efcore-docs-default-values for more information.
2026-06-24 13:47:46.710 +05:30 [WRN] The 'bool' property 'IsDeleted' on entity type 'CommunicationTemplate' is configured with a database-generated default, but has no configured sentinel value. The database-generated default will always be used for inserts when the property has the value 'False', since this is the CLR default for the 'bool' type. Consider using a nullable type, using a nullable backing field, or setting the sentinel value for the property to ensure the database default is used when, and only when, appropriate. See https://aka.ms/efcore-docs-default-values for more information.
2026-06-24 13:47:46.718 +05:30 [WRN] The 'bool' property 'IsActive' on entity type 'ConsumerOtpVerification' is configured with a database-generated default, but has no configured sentinel value. The database-generated default will always be used for inserts when the property has the value 'False', since this is the CLR default for the 'bool' type. Consider using a nullable type, using a nullable backing field, or setting the sentinel value for the property to ensure the database default is used when, and only when, appropriate. See https://aka.ms/efcore-docs-default-values for more information.
2026-06-24 13:47:46.727 +05:30 [WRN] The 'bool' property 'IsDeleted' on entity type 'ConsumerOtpVerification' is configured with a database-generated default, but has no configured sentinel value. The database-generated default will always be used for inserts when the property has the value 'False', since this is the CLR default for the 'bool' type. Consider using a nullable type, using a nullable backing field, or setting the sentinel value for the property to ensure the database default is used when, and only when, appropriate. See https://aka.ms/efcore-docs-default-values for more information.
2026-06-24 13:47:46.734 +05:30 [WRN] The 'bool' property 'IsDeleted' on entity type 'InAppNotification' is configured with a database-generated default, but has no configured sentinel value. The database-generated default will always be used for inserts when the property has the value 'False', since this is the CLR default for the 'bool' type. Consider using a nullable type, using a nullable backing field, or setting the sentinel value for the property to ensure the database default is used when, and only when, appropriate. See https://aka.ms/efcore-docs-default-values for more information.
2026-06-24 13:47:46.741 +05:30 [WRN] The 'bool' property 'IsRead' on entity type 'InAppNotification' is configured with a database-generated default, but has no configured sentinel value. The database-generated default will always be used for inserts when the property has the value 'False', since this is the CLR default for the 'bool' type. Consider using a nullable type, using a nullable backing field, or setting the sentinel value for the property to ensure the database default is used when, and only when, appropriate. See https://aka.ms/efcore-docs-default-values for more information.
2026-06-24 13:47:46.752 +05:30 [WRN] The 'bool' property 'ShowInSidebar' on entity type 'Menuitem' is configured with a database-generated default, but has no configured sentinel value. The database-generated default will always be used for inserts when the property has the value 'False', since this is the CLR default for the 'bool' type. Consider using a nullable type, using a nullable backing field, or setting the sentinel value for the property to ensure the database default is used when, and only when, appropriate. See https://aka.ms/efcore-docs-default-values for more information.
2026-06-24 13:47:46.994 +05:30 [WRN] The 'bool' property 'IsActive' on entity type 'PermissionModule' is configured with a database-generated default, but has no configured sentinel value. The database-generated default will always be used for inserts when the property has the value 'False', since this is the CLR default for the 'bool' type. Consider using a nullable type, using a nullable backing field, or setting the sentinel value for the property to ensure the database default is used when, and only when, appropriate. See https://aka.ms/efcore-docs-default-values for more information.
2026-06-24 13:47:47.008 +05:30 [WRN] The 'bool' property 'IsDeleted' on entity type 'PermissionModule' is configured with a database-generated default, but has no configured sentinel value. The database-generated default will always be used for inserts when the property has the value 'False', since this is the CLR default for the 'bool' type. Consider using a nullable type, using a nullable backing field, or setting the sentinel value for the property to ensure the database default is used when, and only when, appropriate. See https://aka.ms/efcore-docs-default-values for more information.
2026-06-24 13:58:29.082 +05:30 [INF] Now listening on: https://localhost:7183
2026-06-24 13:58:29.314 +05:30 [INF] Now listening on: http://localhost:5264
2026-06-24 13:58:29.969 +05:30 [INF] Application started. Press Ctrl+C to shut down.
2026-06-24 13:58:33.566 +05:30 [INF] Hosting environment: Development
2026-06-24 13:58:33.717 +05:30 [INF] Content root path: C:\Users\Lekesh\Prince Yadav\Vedang Projects\Water Bill\VedangSoft.BPMS\Water.Bill\src\Water.Bill.API
2026-06-24 14:03:58.563 +05:30 [INF] Now listening on: https://localhost:7183
2026-06-24 14:03:59.413 +05:30 [INF] Now listening on: http://localhost:5264
2026-06-24 14:04:00.443 +05:30 [INF] Application started. Press Ctrl+C to shut down.
2026-06-24 14:04:00.486 +05:30 [INF] Hosting environment: Development
2026-06-24 14:04:00.489 +05:30 [INF] Content root path: C:\Users\Lekesh\Prince Yadav\Vedang Projects\Water Bill\VedangSoft.BPMS\Water.Bill\src\Water.Bill.API
2026-06-24 14:04:15.854 +05:30 [WRN] The 'bool' property 'IsActive' on entity type 'AuthorityLoginOtpVerification' is configured with a database-generated default, but has no configured sentinel value. The database-generated default will always be used for inserts when the property has the value 'False', since this is the CLR default for the 'bool' type. Consider using a nullable type, using a nullable backing field, or setting the sentinel value for the property to ensure the database default is used when, and only when, appropriate. See https://aka.ms/efcore-docs-default-values for more information.
2026-06-24 14:04:15.862 +05:30 [WRN] The 'bool' property 'IsDeleted' on entity type 'AuthorityLoginOtpVerification' is configured with a database-generated default, but has no configured sentinel value. The database-generated default will always be used for inserts when the property has the value 'False', since this is the CLR default for the 'bool' type. Consider using a nullable type, using a nullable backing field, or setting the sentinel value for the property to ensure the database default is used when, and only when, appropriate. See https://aka.ms/efcore-docs-default-values for more information.
2026-06-24 14:04:15.867 +05:30 [WRN] The 'bool' property 'IsActive' on entity type 'CommunicationPurpose' is configured with a database-generated default, but has no configured sentinel value. The database-generated default will always be used for inserts when the property has the value 'False', since this is the CLR default for the 'bool' type. Consider using a nullable type, using a nullable backing field, or setting the sentinel value for the property to ensure the database default is used when, and only when, appropriate. See https://aka.ms/efcore-docs-default-values for more information.
2026-06-24 14:04:15.872 +05:30 [WRN] The 'bool' property 'IsSystem' on entity type 'CommunicationPurpose' is configured with a database-generated default, but has no configured sentinel value. The database-generated default will always be used for inserts when the property has the value 'False', since this is the CLR default for the 'bool' type. Consider using a nullable type, using a nullable backing field, or setting the sentinel value for the property to ensure the database default is used when, and only when, appropriate. See https://aka.ms/efcore-docs-default-values for more information.
2026-06-24 14:04:15.876 +05:30 [WRN] The 'bool' property 'IsActive' on entity type 'CommunicationTemplate' is configured with a database-generated default, but has no configured sentinel value. The database-generated default will always be used for inserts when the property has the value 'False', since this is the CLR default for the 'bool' type. Consider using a nullable type, using a nullable backing field, or setting the sentinel value for the property to ensure the database default is used when, and only when, appropriate. See https://aka.ms/efcore-docs-default-values for more information.
2026-06-24 14:04:15.880 +05:30 [WRN] The 'bool' property 'IsDefault' on entity type 'CommunicationTemplate' is configured with a database-generated default, but has no configured sentinel value. The database-generated default will always be used for inserts when the property has the value 'False', since this is the CLR default for the 'bool' type. Consider using a nullable type, using a nullable backing field, or setting the sentinel value for the property to ensure the database default is used when, and only when, appropriate. See https://aka.ms/efcore-docs-default-values for more information.
2026-06-24 14:04:15.886 +05:30 [WRN] The 'bool' property 'IsDeleted' on entity type 'CommunicationTemplate' is configured with a database-generated default, but has no configured sentinel value. The database-generated default will always be used for inserts when the property has the value 'False', since this is the CLR default for the 'bool' type. Consider using a nullable type, using a nullable backing field, or setting the sentinel value for the property to ensure the database default is used when, and only when, appropriate. See https://aka.ms/efcore-docs-default-values for more information.
2026-06-24 14:04:15.891 +05:30 [WRN] The 'bool' property 'IsActive' on entity type 'ConsumerOtpVerification' is configured with a database-generated default, but has no configured sentinel value. The database-generated default will always be used for inserts when the property has the value 'False', since this is the CLR default for the 'bool' type. Consider using a nullable type, using a nullable backing field, or setting the sentinel value for the property to ensure the database default is used when, and only when, appropriate. See https://aka.ms/efcore-docs-default-values for more information.
2026-06-24 14:04:15.896 +05:30 [WRN] The 'bool' property 'IsDeleted' on entity type 'ConsumerOtpVerification' is configured with a database-generated default, but has no configured sentinel value. The database-generated default will always be used for inserts when the property has the value 'False', since this is the CLR default for the 'bool' type. Consider using a nullable type, using a nullable backing field, or setting the sentinel value for the property to ensure the database default is used when, and only when, appropriate. See https://aka.ms/efcore-docs-default-values for more information.
2026-06-24 14:04:15.904 +05:30 [WRN] The 'bool' property 'IsDeleted' on entity type 'InAppNotification' is configured with a database-generated default, but has no configured sentinel value. The database-generated default will always be used for inserts when the property has the value 'False', since this is the CLR default for the 'bool' type. Consider using a nullable type, using a nullable backing field, or setting the sentinel value for the property to ensure the database default is used when, and only when, appropriate. See https://aka.ms/efcore-docs-default-values for more information.
2026-06-24 14:04:15.910 +05:30 [WRN] The 'bool' property 'IsRead' on entity type 'InAppNotification' is configured with a database-generated default, but has no configured sentinel value. The database-generated default will always be used for inserts when the property has the value 'False', since this is the CLR default for the 'bool' type. Consider using a nullable type, using a nullable backing field, or setting the sentinel value for the property to ensure the database default is used when, and only when, appropriate. See https://aka.ms/efcore-docs-default-values for more information.
2026-06-24 14:04:15.924 +05:30 [WRN] The 'bool' property 'ShowInSidebar' on entity type 'Menuitem' is configured with a database-generated default, but has no configured sentinel value. The database-generated default will always be used for inserts when the property has the value 'False', since this is the CLR default for the 'bool' type. Consider using a nullable type, using a nullable backing field, or setting the sentinel value for the property to ensure the database default is used when, and only when, appropriate. See https://aka.ms/efcore-docs-default-values for more information.
2026-06-24 14:04:15.941 +05:30 [WRN] The 'bool' property 'IsActive' on entity type 'PermissionModule' is configured with a database-generated default, but has no configured sentinel value. The database-generated default will always be used for inserts when the property has the value 'False', since this is the CLR default for the 'bool' type. Consider using a nullable type, using a nullable backing field, or setting the sentinel value for the property to ensure the database default is used when, and only when, appropriate. See https://aka.ms/efcore-docs-default-values for more information.
2026-06-24 14:04:15.954 +05:30 [WRN] The 'bool' property 'IsDeleted' on entity type 'PermissionModule' is configured with a database-generated default, but has no configured sentinel value. The database-generated default will always be used for inserts when the property has the value 'False', since this is the CLR default for the 'bool' type. Consider using a nullable type, using a nullable backing field, or setting the sentinel value for the property to ensure the database default is used when, and only when, appropriate. See https://aka.ms/efcore-docs-default-values for more information.
2026-06-24 14:05:39.275 +05:30 [INF] Email send skipped because Communication:Email:Enabled is false. Recipient=atulky2001@gmail.com, Subject=Your Noida Jal authority login OTP
2026-06-24 14:05:39.279 +05:30 [WRN] Authority login 2FA OTP could not be delivered for user 1009/Atul. Reasons: Email: Email sending is disabled in configuration.
2026-06-24 14:05:39.287 +05:30 [WRN] Authority login 2FA fell back to development OTP for user 1009/Atul.
2026-06-24 14:10:09.009 +05:30 [INF] Email send skipped because Communication:Email:Enabled is false. Recipient=admin@waterbill.local, Subject=Your Noida Jal authority login OTP
2026-06-24 14:10:09.011 +05:30 [WRN] Authority login 2FA OTP could not be delivered for user 1/admin. Reasons: Email: Email sending is disabled in configuration.
2026-06-24 14:10:09.020 +05:30 [WRN] Authority login 2FA fell back to development OTP for user 1/admin.
2026-06-24 14:16:15.884 +05:30 [INF] Now listening on: https://localhost:7183
2026-06-24 14:16:16.602 +05:30 [INF] Now listening on: http://localhost:5264
2026-06-24 14:16:17.997 +05:30 [INF] Application started. Press Ctrl+C to shut down.
2026-06-24 14:16:20.269 +05:30 [INF] Hosting environment: Development
2026-06-24 14:16:20.431 +05:30 [INF] Content root path: C:\Users\Lekesh\Prince Yadav\Vedang Projects\Water Bill\VedangSoft.BPMS\Water.Bill\src\Water.Bill.API
2026-06-24 14:16:46.150 +05:30 [WRN] The 'bool' property 'IsActive' on entity type 'AuthorityLoginOtpVerification' is configured with a database-generated default, but has no configured sentinel value. The database-generated default will always be used for inserts when the property has the value 'False', since this is the CLR default for the 'bool' type. Consider using a nullable type, using a nullable backing field, or setting the sentinel value for the property to ensure the database default is used when, and only when, appropriate. See https://aka.ms/efcore-docs-default-values for more information.
2026-06-24 14:16:46.159 +05:30 [WRN] The 'bool' property 'IsDeleted' on entity type 'AuthorityLoginOtpVerification' is configured with a database-generated default, but has no configured sentinel value. The database-generated default will always be used for inserts when the property has the value 'False', since this is the CLR default for the 'bool' type. Consider using a nullable type, using a nullable backing field, or setting the sentinel value for the property to ensure the database default is used when, and only when, appropriate. See https://aka.ms/efcore-docs-default-values for more information.
2026-06-24 14:16:46.163 +05:30 [WRN] The 'bool' property 'IsActive' on entity type 'CommunicationPurpose' is configured with a database-generated default, but has no configured sentinel value. The database-generated default will always be used for inserts when the property has the value 'False', since this is the CLR default for the 'bool' type. Consider using a nullable type, using a nullable backing field, or setting the sentinel value for the property to ensure the database default is used when, and only when, appropriate. See https://aka.ms/efcore-docs-default-values for more information.
2026-06-24 14:16:46.168 +05:30 [WRN] The 'bool' property 'IsSystem' on entity type 'CommunicationPurpose' is configured with a database-generated default, but has no configured sentinel value. The database-generated default will always be used for inserts when the property has the value 'False', since this is the CLR default for the 'bool' type. Consider using a nullable type, using a nullable backing field, or setting the sentinel value for the property to ensure the database default is used when, and only when, appropriate. See https://aka.ms/efcore-docs-default-values for more information.
2026-06-24 14:16:46.174 +05:30 [WRN] The 'bool' property 'IsActive' on entity type 'CommunicationTemplate' is configured with a database-generated default, but has no configured sentinel value. The database-generated default will always be used for inserts when the property has the value 'False', since this is the CLR default for the 'bool' type. Consider using a nullable type, using a nullable backing field, or setting the sentinel value for the property to ensure the database default is used when, and only when, appropriate. See https://aka.ms/efcore-docs-default-values for more information.
2026-06-24 14:16:46.181 +05:30 [WRN] The 'bool' property 'IsDefault' on entity type 'CommunicationTemplate' is configured with a database-generated default, but has no configured sentinel value. The database-generated default will always be used for inserts when the property has the value 'False', since this is the CLR default for the 'bool' type. Consider using a nullable type, using a nullable backing field, or setting the sentinel value for the property to ensure the database default is used when, and only when, appropriate. See https://aka.ms/efcore-docs-default-values for more information.
2026-06-24 14:16:46.192 +05:30 [WRN] The 'bool' property 'IsDeleted' on entity type 'CommunicationTemplate' is configured with a database-generated default, but has no configured sentinel value. The database-generated default will always be used for inserts when the property has the value 'False', since this is the CLR default for the 'bool' type. Consider using a nullable type, using a nullable backing field, or setting the sentinel value for the property to ensure the database default is used when, and only when, appropriate. See https://aka.ms/efcore-docs-default-values for more information.
2026-06-24 14:16:46.199 +05:30 [WRN] The 'bool' property 'IsActive' on entity type 'ConsumerOtpVerification' is configured with a database-generated default, but has no configured sentinel value. The database-generated default will always be used for inserts when the property has the value 'False', since this is the CLR default for the 'bool' type. Consider using a nullable type, using a nullable backing field, or setting the sentinel value for the property to ensure the database default is used when, and only when, appropriate. See https://aka.ms/efcore-docs-default-values for more information.
2026-06-24 14:16:46.206 +05:30 [WRN] The 'bool' property 'IsDeleted' on entity type 'ConsumerOtpVerification' is configured with a database-generated default, but has no configured sentinel value. The database-generated default will always be used for inserts when the property has the value 'False', since this is the CLR default for the 'bool' type. Consider using a nullable type, using a nullable backing field, or setting the sentinel value for the property to ensure the database default is used when, and only when, appropriate. See https://aka.ms/efcore-docs-default-values for more information.
2026-06-24 14:16:46.211 +05:30 [WRN] The 'bool' property 'IsDeleted' on entity type 'InAppNotification' is configured with a database-generated default, but has no configured sentinel value. The database-generated default will always be used for inserts when the property has the value 'False', since this is the CLR default for the 'bool' type. Consider using a nullable type, using a nullable backing field, or setting the sentinel value for the property to ensure the database default is used when, and only when, appropriate. See https://aka.ms/efcore-docs-default-values for more information.
2026-06-24 14:16:46.219 +05:30 [WRN] The 'bool' property 'IsRead' on entity type 'InAppNotification' is configured with a database-generated default, but has no configured sentinel value. The database-generated default will always be used for inserts when the property has the value 'False', since this is the CLR default for the 'bool' type. Consider using a nullable type, using a nullable backing field, or setting the sentinel value for the property to ensure the database default is used when, and only when, appropriate. See https://aka.ms/efcore-docs-default-values for more information.
2026-06-24 14:16:46.225 +05:30 [WRN] The 'bool' property 'ShowInSidebar' on entity type 'Menuitem' is configured with a database-generated default, but has no configured sentinel value. The database-generated default will always be used for inserts when the property has the value 'False', since this is the CLR default for the 'bool' type. Consider using a nullable type, using a nullable backing field, or setting the sentinel value for the property to ensure the database default is used when, and only when, appropriate. See https://aka.ms/efcore-docs-default-values for more information.
2026-06-24 14:16:46.236 +05:30 [WRN] The 'bool' property 'IsActive' on entity type 'PermissionModule' is configured with a database-generated default, but has no configured sentinel value. The database-generated default will always be used for inserts when the property has the value 'False', since this is the CLR default for the 'bool' type. Consider using a nullable type, using a nullable backing field, or setting the sentinel value for the property to ensure the database default is used when, and only when, appropriate. See https://aka.ms/efcore-docs-default-values for more information.
2026-06-24 14:16:46.242 +05:30 [WRN] The 'bool' property 'IsDeleted' on entity type 'PermissionModule' is configured with a database-generated default, but has no configured sentinel value. The database-generated default will always be used for inserts when the property has the value 'False', since this is the CLR default for the 'bool' type. Consider using a nullable type, using a nullable backing field, or setting the sentinel value for the property to ensure the database default is used when, and only when, appropriate. See https://aka.ms/efcore-docs-default-values for more information.
2026-06-24 14:16:50.778 +05:30 [INF] Email send skipped because Communication:Email:Enabled is false. Recipient=admin@waterbill.local, Subject=Your Noida Jal authority login OTP
2026-06-24 14:16:50.783 +05:30 [WRN] Authority login 2FA OTP could not be delivered for user 1/admin. Reasons: Email: Email sending is disabled in configuration.
2026-06-24 14:16:50.794 +05:30 [WRN] Authority login 2FA fell back to development OTP for user 1/admin.
2026-06-24 14:17:06.458 +05:30 [INF] Email send skipped because Communication:Email:Enabled is false. Recipient=atulky2001@gmail.com, Subject=Your Noida Jal authority login OTP
2026-06-24 14:17:06.466 +05:30 [WRN] Authority login 2FA OTP could not be delivered for user 1009/Atul. Reasons: Email: Email sending is disabled in configuration.
2026-06-24 14:17:06.474 +05:30 [WRN] Authority login 2FA fell back to development OTP for user 1009/Atul.
2026-06-24 14:18:47.372 +05:30 [INF] Now listening on: https://localhost:7183
2026-06-24 14:18:50.972 +05:30 [INF] Now listening on: http://localhost:5264
2026-06-24 14:18:51.928 +05:30 [INF] Application started. Press Ctrl+C to shut down.
2026-06-24 14:18:52.079 +05:30 [INF] Hosting environment: Development
2026-06-24 14:18:52.081 +05:30 [INF] Content root path: C:\Users\Lekesh\Prince Yadav\Vedang Projects\Water Bill\VedangSoft.BPMS\Water.Bill\src\Water.Bill.API
2026-06-24 14:19:07.847 +05:30 [WRN] The 'bool' property 'IsActive' on entity type 'AuthorityLoginOtpVerification' is configured with a database-generated default, but has no configured sentinel value. The database-generated default will always be used for inserts when the property has the value 'False', since this is the CLR default for the 'bool' type. Consider using a nullable type, using a nullable backing field, or setting the sentinel value for the property to ensure the database default is used when, and only when, appropriate. See https://aka.ms/efcore-docs-default-values for more information.
2026-06-24 14:19:07.860 +05:30 [WRN] The 'bool' property 'IsDeleted' on entity type 'AuthorityLoginOtpVerification' is configured with a database-generated default, but has no configured sentinel value. The database-generated default will always be used for inserts when the property has the value 'False', since this is the CLR default for the 'bool' type. Consider using a nullable type, using a nullable backing field, or setting the sentinel value for the property to ensure the database default is used when, and only when, appropriate. See https://aka.ms/efcore-docs-default-values for more information.
2026-06-24 14:19:07.865 +05:30 [WRN] The 'bool' property 'IsActive' on entity type 'CommunicationPurpose' is configured with a database-generated default, but has no configured sentinel value. The database-generated default will always be used for inserts when the property has the value 'False', since this is the CLR default for the 'bool' type. Consider using a nullable type, using a nullable backing field, or setting the sentinel value for the property to ensure the database default is used when, and only when, appropriate. See https://aka.ms/efcore-docs-default-values for more information.
2026-06-24 14:19:07.870 +05:30 [WRN] The 'bool' property 'IsSystem' on entity type 'CommunicationPurpose' is configured with a database-generated default, but has no configured sentinel value. The database-generated default will always be used for inserts when the property has the value 'False', since this is the CLR default for the 'bool' type. Consider using a nullable type, using a nullable backing field, or setting the sentinel value for the property to ensure the database default is used when, and only when, appropriate. See https://aka.ms/efcore-docs-default-values for more information.
2026-06-24 14:19:07.875 +05:30 [WRN] The 'bool' property 'IsActive' on entity type 'CommunicationTemplate' is configured with a database-generated default, but has no configured sentinel value. The database-generated default will always be used for inserts when the property has the value 'False', since this is the CLR default for the 'bool' type. Consider using a nullable type, using a nullable backing field, or setting the sentinel value for the property to ensure the database default is used when, and only when, appropriate. See https://aka.ms/efcore-docs-default-values for more information.
2026-06-24 14:19:07.880 +05:30 [WRN] The 'bool' property 'IsDefault' on entity type 'CommunicationTemplate' is configured with a database-generated default, but has no configured sentinel value. The database-generated default will always be used for inserts when the property has the value 'False', since this is the CLR default for the 'bool' type. Consider using a nullable type, using a nullable backing field, or setting the sentinel value for the property to ensure the database default is used when, and only when, appropriate. See https://aka.ms/efcore-docs-default-values for more information.
2026-06-24 14:19:07.885 +05:30 [WRN] The 'bool' property 'IsDeleted' on entity type 'CommunicationTemplate' is configured with a database-generated default, but has no configured sentinel value. The database-generated default will always be used for inserts when the property has the value 'False', since this is the CLR default for the 'bool' type. Consider using a nullable type, using a nullable backing field, or setting the sentinel value for the property to ensure the database default is used when, and only when, appropriate. See https://aka.ms/efcore-docs-default-values for more information.
2026-06-24 14:19:07.895 +05:30 [WRN] The 'bool' property 'IsActive' on entity type 'ConsumerOtpVerification' is configured with a database-generated default, but has no configured sentinel value. The database-generated default will always be used for inserts when the property has the value 'False', since this is the CLR default for the 'bool' type. Consider using a nullable type, using a nullable backing field, or setting the sentinel value for the property to ensure the database default is used when, and only when, appropriate. See https://aka.ms/efcore-docs-default-values for more information.
2026-06-24 14:19:07.902 +05:30 [WRN] The 'bool' property 'IsDeleted' on entity type 'ConsumerOtpVerification' is configured with a database-generated default, but has no configured sentinel value. The database-generated default will always be used for inserts when the property has the value 'False', since this is the CLR default for the 'bool' type. Consider using a nullable type, using a nullable backing field, or setting the sentinel value for the property to ensure the database default is used when, and only when, appropriate. See https://aka.ms/efcore-docs-default-values for more information.
2026-06-24 14:19:07.911 +05:30 [WRN] The 'bool' property 'IsDeleted' on entity type 'InAppNotification' is configured with a database-generated default, but has no configured sentinel value. The database-generated default will always be used for inserts when the property has the value 'False', since this is the CLR default for the 'bool' type. Consider using a nullable type, using a nullable backing field, or setting the sentinel value for the property to ensure the database default is used when, and only when, appropriate. See https://aka.ms/efcore-docs-default-values for more information.
2026-06-24 14:19:07.917 +05:30 [WRN] The 'bool' property 'IsRead' on entity type 'InAppNotification' is configured with a database-generated default, but has no configured sentinel value. The database-generated default will always be used for inserts when the property has the value 'False', since this is the CLR default for the 'bool' type. Consider using a nullable type, using a nullable backing field, or setting the sentinel value for the property to ensure the database default is used when, and only when, appropriate. See https://aka.ms/efcore-docs-default-values for more information.
2026-06-24 14:19:07.925 +05:30 [WRN] The 'bool' property 'ShowInSidebar' on entity type 'Menuitem' is configured with a database-generated default, but has no configured sentinel value. The database-generated default will always be used for inserts when the property has the value 'False', since this is the CLR default for the 'bool' type. Consider using a nullable type, using a nullable backing field, or setting the sentinel value for the property to ensure the database default is used when, and only when, appropriate. See https://aka.ms/efcore-docs-default-values for more information.
2026-06-24 14:19:07.931 +05:30 [WRN] The 'bool' property 'IsActive' on entity type 'PermissionModule' is configured with a database-generated default, but has no configured sentinel value. The database-generated default will always be used for inserts when the property has the value 'False', since this is the CLR default for the 'bool' type. Consider using a nullable type, using a nullable backing field, or setting the sentinel value for the property to ensure the database default is used when, and only when, appropriate. See https://aka.ms/efcore-docs-default-values for more information.
2026-06-24 14:19:07.938 +05:30 [WRN] The 'bool' property 'IsDeleted' on entity type 'PermissionModule' is configured with a database-generated default, but has no configured sentinel value. The database-generated default will always be used for inserts when the property has the value 'False', since this is the CLR default for the 'bool' type. Consider using a nullable type, using a nullable backing field, or setting the sentinel value for the property to ensure the database default is used when, and only when, appropriate. See https://aka.ms/efcore-docs-default-values for more information.
2026-06-24 14:19:12.186 +05:30 [INF] Email send skipped because Communication:Email:Enabled is false. Recipient=admin@waterbill.local, Subject=Your Noida Jal authority login OTP
2026-06-24 14:19:12.190 +05:30 [WRN] Authority login 2FA OTP could not be delivered for user 1/admin. Reasons: Email: Email sending is disabled in configuration.
2026-06-24 14:19:12.198 +05:30 [WRN] Authority login 2FA fell back to development OTP for user 1/admin.
2026-06-24 14:19:37.091 +05:30 [INF] Email send skipped because Communication:Email:Enabled is false. Recipient=atulky2001@gmail.com, Subject=Your Noida Jal authority login OTP
2026-06-24 14:19:37.094 +05:30 [WRN] Authority login 2FA OTP could not be delivered for user 1009/Atul. Reasons: Email: Email sending is disabled in configuration.
2026-06-24 14:19:37.096 +05:30 [WRN] Authority login 2FA fell back to development OTP for user 1009/Atul.
2026-06-24 14:21:07.891 +05:30 [INF] Email send skipped because Communication:Email:Enabled is false. Recipient=princetest33@gmail.com, Subject=Your Noida Jal authority login OTP
2026-06-24 14:21:07.894 +05:30 [WRN] Authority login 2FA OTP could not be delivered for user 9/nitishyadav. Reasons: Email: Email sending is disabled in configuration.
2026-06-24 14:21:07.905 +05:30 [WRN] Authority login 2FA fell back to development OTP for user 9/nitishyadav.
2026-06-24 14:21:33.908 +05:30 [INF] Email send skipped because Communication:Email:Enabled is false. Recipient=prince.yadav@vedang.net, Subject=Your Noida Jal authority login OTP
2026-06-24 14:21:33.913 +05:30 [WRN] Authority login 2FA OTP could not be delivered for user 4/praveenyadav. Reasons: Email: Email sending is disabled in configuration.
2026-06-24 14:21:33.916 +05:30 [WRN] Authority login 2FA fell back to development OTP for user 4/praveenyadav.
2026-06-24 14:22:39.939 +05:30 [INF] Email send skipped because Communication:Email:Enabled is false. Recipient=prince.yadav@vedang.net, Subject=Your Noida Jal authority login OTP
2026-06-24 14:22:39.942 +05:30 [WRN] Authority login 2FA OTP could not be delivered for user 4/praveenyadav. Reasons: Email: Email sending is disabled in configuration.
2026-06-24 14:22:39.950 +05:30 [WRN] Authority login 2FA fell back to development OTP for user 4/praveenyadav.
2026-06-24 14:38:05.662 +05:30 [INF] Now listening on: https://localhost:7183
2026-06-24 14:38:06.306 +05:30 [INF] Now listening on: http://localhost:5264
2026-06-24 14:38:06.753 +05:30 [INF] Application started. Press Ctrl+C to shut down.
2026-06-24 14:38:07.386 +05:30 [INF] Hosting environment: Development
2026-06-24 14:38:12.627 +05:30 [INF] Content root path: C:\Users\Lekesh\Prince Yadav\Vedang Projects\Water Bill\VedangSoft.BPMS\Water.Bill\src\Water.Bill.API
2026-06-24 14:38:44.194 +05:30 [WRN] The 'bool' property 'IsActive' on entity type 'AuthorityLoginOtpVerification' is configured with a database-generated default, but has no configured sentinel value. The database-generated default will always be used for inserts when the property has the value 'False', since this is the CLR default for the 'bool' type. Consider using a nullable type, using a nullable backing field, or setting the sentinel value for the property to ensure the database default is used when, and only when, appropriate. See https://aka.ms/efcore-docs-default-values for more information.
2026-06-24 14:38:44.204 +05:30 [WRN] The 'bool' property 'IsDeleted' on entity type 'AuthorityLoginOtpVerification' is configured with a database-generated default, but has no configured sentinel value. The database-generated default will always be used for inserts when the property has the value 'False', since this is the CLR default for the 'bool' type. Consider using a nullable type, using a nullable backing field, or setting the sentinel value for the property to ensure the database default is used when, and only when, appropriate. See https://aka.ms/efcore-docs-default-values for more information.
2026-06-24 14:38:44.210 +05:30 [WRN] The 'bool' property 'IsActive' on entity type 'CommunicationPurpose' is configured with a database-generated default, but has no configured sentinel value. The database-generated default will always be used for inserts when the property has the value 'False', since this is the CLR default for the 'bool' type. Consider using a nullable type, using a nullable backing field, or setting the sentinel value for the property to ensure the database default is used when, and only when, appropriate. See https://aka.ms/efcore-docs-default-values for more information.
2026-06-24 14:38:44.213 +05:30 [WRN] The 'bool' property 'IsSystem' on entity type 'CommunicationPurpose' is configured with a database-generated default, but has no configured sentinel value. The database-generated default will always be used for inserts when the property has the value 'False', since this is the CLR default for the 'bool' type. Consider using a nullable type, using a nullable backing field, or setting the sentinel value for the property to ensure the database default is used when, and only when, appropriate. See https://aka.ms/efcore-docs-default-values for more information.
2026-06-24 14:38:44.220 +05:30 [WRN] The 'bool' property 'IsActive' on entity type 'CommunicationTemplate' is configured with a database-generated default, but has no configured sentinel value. The database-generated default will always be used for inserts when the property has the value 'False', since this is the CLR default for the 'bool' type. Consider using a nullable type, using a nullable backing field, or setting the sentinel value for the property to ensure the database default is used when, and only when, appropriate. See https://aka.ms/efcore-docs-default-values for more information.
2026-06-24 14:38:44.225 +05:30 [WRN] The 'bool' property 'IsDefault' on entity type 'CommunicationTemplate' is configured with a database-generated default, but has no configured sentinel value. The database-generated default will always be used for inserts when the property has the value 'False', since this is the CLR default for the 'bool' type. Consider using a nullable type, using a nullable backing field, or setting the sentinel value for the property to ensure the database default is used when, and only when, appropriate. See https://aka.ms/efcore-docs-default-values for more information.
2026-06-24 14:38:44.232 +05:30 [WRN] The 'bool' property 'IsDeleted' on entity type 'CommunicationTemplate' is configured with a database-generated default, but has no configured sentinel value. The database-generated default will always be used for inserts when the property has the value 'False', since this is the CLR default for the 'bool' type. Consider using a nullable type, using a nullable backing field, or setting the sentinel value for the property to ensure the database default is used when, and only when, appropriate. See https://aka.ms/efcore-docs-default-values for more information.
2026-06-24 14:38:44.245 +05:30 [WRN] The 'bool' property 'IsActive' on entity type 'ConsumerOtpVerification' is configured with a database-generated default, but has no configured sentinel value. The database-generated default will always be used for inserts when the property has the value 'False', since this is the CLR default for the 'bool' type. Consider using a nullable type, using a nullable backing field, or setting the sentinel value for the property to ensure the database default is used when, and only when, appropriate. See https://aka.ms/efcore-docs-default-values for more information.
2026-06-24 14:38:44.253 +05:30 [WRN] The 'bool' property 'IsDeleted' on entity type 'ConsumerOtpVerification' is configured with a database-generated default, but has no configured sentinel value. The database-generated default will always be used for inserts when the property has the value 'False', since this is the CLR default for the 'bool' type. Consider using a nullable type, using a nullable backing field, or setting the sentinel value for the property to ensure the database default is used when, and only when, appropriate. See https://aka.ms/efcore-docs-default-values for more information.
2026-06-24 14:38:44.258 +05:30 [WRN] The 'bool' property 'IsDeleted' on entity type 'InAppNotification' is configured with a database-generated default, but has no configured sentinel value. The database-generated default will always be used for inserts when the property has the value 'False', since this is the CLR default for the 'bool' type. Consider using a nullable type, using a nullable backing field, or setting the sentinel value for the property to ensure the database default is used when, and only when, appropriate. See https://aka.ms/efcore-docs-default-values for more information.
2026-06-24 14:38:44.263 +05:30 [WRN] The 'bool' property 'IsRead' on entity type 'InAppNotification' is configured with a database-generated default, but has no configured sentinel value. The database-generated default will always be used for inserts when the property has the value 'False', since this is the CLR default for the 'bool' type. Consider using a nullable type, using a nullable backing field, or setting the sentinel value for the property to ensure the database default is used when, and only when, appropriate. See https://aka.ms/efcore-docs-default-values for more information.
2026-06-24 14:38:44.270 +05:30 [WRN] The 'bool' property 'ShowInSidebar' on entity type 'Menuitem' is configured with a database-generated default, but has no configured sentinel value. The database-generated default will always be used for inserts when the property has the value 'False', since this is the CLR default for the 'bool' type. Consider using a nullable type, using a nullable backing field, or setting the sentinel value for the property to ensure the database default is used when, and only when, appropriate. See https://aka.ms/efcore-docs-default-values for more information.
2026-06-24 14:38:44.275 +05:30 [WRN] The 'bool' property 'IsActive' on entity type 'PermissionModule' is configured with a database-generated default, but has no configured sentinel value. The database-generated default will always be used for inserts when the property has the value 'False', since this is the CLR default for the 'bool' type. Consider using a nullable type, using a nullable backing field, or setting the sentinel value for the property to ensure the database default is used when, and only when, appropriate. See https://aka.ms/efcore-docs-default-values for more information.
2026-06-24 14:38:44.280 +05:30 [WRN] The 'bool' property 'IsDeleted' on entity type 'PermissionModule' is configured with a database-generated default, but has no configured sentinel value. The database-generated default will always be used for inserts when the property has the value 'False', since this is the CLR default for the 'bool' type. Consider using a nullable type, using a nullable backing field, or setting the sentinel value for the property to ensure the database default is used when, and only when, appropriate. See https://aka.ms/efcore-docs-default-values for more information.
2026-06-24 14:38:53.179 +05:30 [INF] Email send skipped because Communication:Email:Enabled is false. Recipient=admin@waterbill.local, Subject=Your Noida Jal authority login OTP
2026-06-24 14:38:53.210 +05:30 [WRN] Authority login 2FA OTP could not be delivered for user 1/admin. Reasons: Email: Email sending is disabled in configuration.
2026-06-24 14:38:53.245 +05:30 [WRN] Authority login 2FA fell back to development OTP for user 1/admin.
2026-06-24 14:39:40.327 +05:30 [INF] Email send skipped because Communication:Email:Enabled is false. Recipient=prince.yadav@vedang.net, Subject=Your Noida Jal authority login OTP
2026-06-24 14:39:40.330 +05:30 [WRN] Authority login 2FA OTP could not be delivered for user 4/praveenyadav. Reasons: Email: Email sending is disabled in configuration.
2026-06-24 14:39:40.332 +05:30 [WRN] Authority login 2FA fell back to development OTP for user 4/praveenyadav.
2026-06-24 14:53:43.203 +05:30 [INF] Now listening on: https://localhost:7183
2026-06-24 14:53:44.029 +05:30 [INF] Now listening on: http://localhost:5264
2026-06-24 14:53:48.476 +05:30 [INF] Application started. Press Ctrl+C to shut down.
2026-06-24 14:53:50.740 +05:30 [INF] Hosting environment: Development
2026-06-24 14:53:51.609 +05:30 [INF] Content root path: C:\Users\Lekesh\Prince Yadav\Vedang Projects\Water Bill\VedangSoft.BPMS\Water.Bill\src\Water.Bill.API
2026-06-24 14:54:02.236 +05:30 [WRN] The 'bool' property 'IsActive' on entity type 'AuthorityLoginOtpVerification' is configured with a database-generated default, but has no configured sentinel value. The database-generated default will always be used for inserts when the property has the value 'False', since this is the CLR default for the 'bool' type. Consider using a nullable type, using a nullable backing field, or setting the sentinel value for the property to ensure the database default is used when, and only when, appropriate. See https://aka.ms/efcore-docs-default-values for more information.
2026-06-24 14:54:02.243 +05:30 [WRN] The 'bool' property 'IsDeleted' on entity type 'AuthorityLoginOtpVerification' is configured with a database-generated default, but has no configured sentinel value. The database-generated default will always be used for inserts when the property has the value 'False', since this is the CLR default for the 'bool' type. Consider using a nullable type, using a nullable backing field, or setting the sentinel value for the property to ensure the database default is used when, and only when, appropriate. See https://aka.ms/efcore-docs-default-values for more information.
2026-06-24 14:54:02.248 +05:30 [WRN] The 'bool' property 'IsActive' on entity type 'CommunicationPurpose' is configured with a database-generated default, but has no configured sentinel value. The database-generated default will always be used for inserts when the property has the value 'False', since this is the CLR default for the 'bool' type. Consider using a nullable type, using a nullable backing field, or setting the sentinel value for the property to ensure the database default is used when, and only when, appropriate. See https://aka.ms/efcore-docs-default-values for more information.
2026-06-24 14:54:02.252 +05:30 [WRN] The 'bool' property 'IsSystem' on entity type 'CommunicationPurpose' is configured with a database-generated default, but has no configured sentinel value. The database-generated default will always be used for inserts when the property has the value 'False', since this is the CLR default for the 'bool' type. Consider using a nullable type, using a nullable backing field, or setting the sentinel value for the property to ensure the database default is used when, and only when, appropriate. See https://aka.ms/efcore-docs-default-values for more information.
2026-06-24 14:54:02.255 +05:30 [WRN] The 'bool' property 'IsActive' on entity type 'CommunicationTemplate' is configured with a database-generated default, but has no configured sentinel value. The database-generated default will always be used for inserts when the property has the value 'False', since this is the CLR default for the 'bool' type. Consider using a nullable type, using a nullable backing field, or setting the sentinel value for the property to ensure the database default is used when, and only when, appropriate. See https://aka.ms/efcore-docs-default-values for more information.
2026-06-24 14:54:02.258 +05:30 [WRN] The 'bool' property 'IsDefault' on entity type 'CommunicationTemplate' is configured with a database-generated default, but has no configured sentinel value. The database-generated default will always be used for inserts when the property has the value 'False', since this is the CLR default for the 'bool' type. Consider using a nullable type, using a nullable backing field, or setting the sentinel value for the property to ensure the database default is used when, and only when, appropriate. See https://aka.ms/efcore-docs-default-values for more information.
2026-06-24 14:54:02.270 +05:30 [WRN] The 'bool' property 'IsDeleted' on entity type 'CommunicationTemplate' is configured with a database-generated default, but has no configured sentinel value. The database-generated default will always be used for inserts when the property has the value 'False', since this is the CLR default for the 'bool' type. Consider using a nullable type, using a nullable backing field, or setting the sentinel value for the property to ensure the database default is used when, and only when, appropriate. See https://aka.ms/efcore-docs-default-values for more information.
2026-06-24 14:54:02.275 +05:30 [WRN] The 'bool' property 'IsActive' on entity type 'ConsumerOtpVerification' is configured with a database-generated default, but has no configured sentinel value. The database-generated default will always be used for inserts when the property has the value 'False', since this is the CLR default for the 'bool' type. Consider using a nullable type, using a nullable backing field, or setting the sentinel value for the property to ensure the database default is used when, and only when, appropriate. See https://aka.ms/efcore-docs-default-values for more information.
2026-06-24 14:54:02.284 +05:30 [WRN] The 'bool' property 'IsDeleted' on entity type 'ConsumerOtpVerification' is configured with a database-generated default, but has no configured sentinel value. The database-generated default will always be used for inserts when the property has the value 'False', since this is the CLR default for the 'bool' type. Consider using a nullable type, using a nullable backing field, or setting the sentinel value for the property to ensure the database default is used when, and only when, appropriate. See https://aka.ms/efcore-docs-default-values for more information.
2026-06-24 14:54:02.298 +05:30 [WRN] The 'bool' property 'IsDeleted' on entity type 'InAppNotification' is configured with a database-generated default, but has no configured sentinel value. The database-generated default will always be used for inserts when the property has the value 'False', since this is the CLR default for the 'bool' type. Consider using a nullable type, using a nullable backing field, or setting the sentinel value for the property to ensure the database default is used when, and only when, appropriate. See https://aka.ms/efcore-docs-default-values for more information.
2026-06-24 14:54:02.303 +05:30 [WRN] The 'bool' property 'IsRead' on entity type 'InAppNotification' is configured with a database-generated default, but has no configured sentinel value. The database-generated default will always be used for inserts when the property has the value 'False', since this is the CLR default for the 'bool' type. Consider using a nullable type, using a nullable backing field, or setting the sentinel value for the property to ensure the database default is used when, and only when, appropriate. See https://aka.ms/efcore-docs-default-values for more information.
2026-06-24 14:54:02.318 +05:30 [WRN] The 'bool' property 'ShowInSidebar' on entity type 'Menuitem' is configured with a database-generated default, but has no configured sentinel value. The database-generated default will always be used for inserts when the property has the value 'False', since this is the CLR default for the 'bool' type. Consider using a nullable type, using a nullable backing field, or setting the sentinel value for the property to ensure the database default is used when, and only when, appropriate. See https://aka.ms/efcore-docs-default-values for more information.
2026-06-24 14:54:02.350 +05:30 [WRN] The 'bool' property 'IsActive' on entity type 'PermissionModule' is configured with a database-generated default, but has no configured sentinel value. The database-generated default will always be used for inserts when the property has the value 'False', since this is the CLR default for the 'bool' type. Consider using a nullable type, using a nullable backing field, or setting the sentinel value for the property to ensure the database default is used when, and only when, appropriate. See https://aka.ms/efcore-docs-default-values for more information.
2026-06-24 14:54:02.423 +05:30 [WRN] The 'bool' property 'IsDeleted' on entity type 'PermissionModule' is configured with a database-generated default, but has no configured sentinel value. The database-generated default will always be used for inserts when the property has the value 'False', since this is the CLR default for the 'bool' type. Consider using a nullable type, using a nullable backing field, or setting the sentinel value for the property to ensure the database default is used when, and only when, appropriate. See https://aka.ms/efcore-docs-default-values for more information.
2026-06-24 14:54:56.743 +05:30 [INF] Email send skipped because Communication:Email:Enabled is false. Recipient=prince.yadav@vedang.net, Subject=Your Noida Jal authority login OTP
2026-06-24 14:54:56.748 +05:30 [WRN] Authority login 2FA OTP could not be delivered for user 4/praveenyadav. Reasons: Email: Email sending is disabled in configuration.
2026-06-24 14:54:56.765 +05:30 [WRN] Authority login 2FA fell back to development OTP for user 4/praveenyadav.
2026-06-24 14:56:05.901 +05:30 [INF] Email send skipped because Communication:Email:Enabled is false. Recipient=prince.yadav@vedang.net, Subject=Your Noida Jal authority login OTP
2026-06-24 14:56:05.918 +05:30 [WRN] Authority login 2FA OTP could not be delivered for user 4/praveenyadav. Reasons: Email: Email sending is disabled in configuration.
2026-06-24 14:56:05.922 +05:30 [WRN] Authority login 2FA fell back to development OTP for user 4/praveenyadav.
2026-06-24 15:36:23.988 +05:30 [INF] Now listening on: https://localhost:7183
2026-06-24 15:36:24.625 +05:30 [INF] Now listening on: http://localhost:5264
2026-06-24 15:36:26.877 +05:30 [INF] Application started. Press Ctrl+C to shut down.
2026-06-24 15:36:27.191 +05:30 [INF] Hosting environment: Development
2026-06-24 15:36:27.236 +05:30 [INF] Content root path: C:\Users\Lekesh\Prince Yadav\Vedang Projects\Water Bill\VedangSoft.BPMS\Water.Bill\src\Water.Bill.API
2026-06-24 15:36:37.802 +05:30 [WRN] The 'bool' property 'IsActive' on entity type 'AuthorityLoginOtpVerification' is configured with a database-generated default, but has no configured sentinel value. The database-generated default will always be used for inserts when the property has the value 'False', since this is the CLR default for the 'bool' type. Consider using a nullable type, using a nullable backing field, or setting the sentinel value for the property to ensure the database default is used when, and only when, appropriate. See https://aka.ms/efcore-docs-default-values for more information.
2026-06-24 15:36:37.813 +05:30 [WRN] The 'bool' property 'IsDeleted' on entity type 'AuthorityLoginOtpVerification' is configured with a database-generated default, but has no configured sentinel value. The database-generated default will always be used for inserts when the property has the value 'False', since this is the CLR default for the 'bool' type. Consider using a nullable type, using a nullable backing field, or setting the sentinel value for the property to ensure the database default is used when, and only when, appropriate. See https://aka.ms/efcore-docs-default-values for more information.
2026-06-24 15:36:37.817 +05:30 [WRN] The 'bool' property 'IsActive' on entity type 'CommunicationPurpose' is configured with a database-generated default, but has no configured sentinel value. The database-generated default will always be used for inserts when the property has the value 'False', since this is the CLR default for the 'bool' type. Consider using a nullable type, using a nullable backing field, or setting the sentinel value for the property to ensure the database default is used when, and only when, appropriate. See https://aka.ms/efcore-docs-default-values for more information.
2026-06-24 15:36:37.820 +05:30 [WRN] The 'bool' property 'IsSystem' on entity type 'CommunicationPurpose' is configured with a database-generated default, but has no configured sentinel value. The database-generated default will always be used for inserts when the property has the value 'False', since this is the CLR default for the 'bool' type. Consider using a nullable type, using a nullable backing field, or setting the sentinel value for the property to ensure the database default is used when, and only when, appropriate. See https://aka.ms/efcore-docs-default-values for more information.
2026-06-24 15:36:37.823 +05:30 [WRN] The 'bool' property 'IsActive' on entity type 'CommunicationTemplate' is configured with a database-generated default, but has no configured sentinel value. The database-generated default will always be used for inserts when the property has the value 'False', since this is the CLR default for the 'bool' type. Consider using a nullable type, using a nullable backing field, or setting the sentinel value for the property to ensure the database default is used when, and only when, appropriate. See https://aka.ms/efcore-docs-default-values for more information.
2026-06-24 15:36:37.830 +05:30 [WRN] The 'bool' property 'IsDefault' on entity type 'CommunicationTemplate' is configured with a database-generated default, but has no configured sentinel value. The database-generated default will always be used for inserts when the property has the value 'False', since this is the CLR default for the 'bool' type. Consider using a nullable type, using a nullable backing field, or setting the sentinel value for the property to ensure the database default is used when, and only when, appropriate. See https://aka.ms/efcore-docs-default-values for more information.
2026-06-24 15:36:37.834 +05:30 [WRN] The 'bool' property 'IsDeleted' on entity type 'CommunicationTemplate' is configured with a database-generated default, but has no configured sentinel value. The database-generated default will always be used for inserts when the property has the value 'False', since this is the CLR default for the 'bool' type. Consider using a nullable type, using a nullable backing field, or setting the sentinel value for the property to ensure the database default is used when, and only when, appropriate. See https://aka.ms/efcore-docs-default-values for more information.
2026-06-24 15:36:37.840 +05:30 [WRN] The 'bool' property 'IsActive' on entity type 'ConsumerOtpVerification' is configured with a database-generated default, but has no configured sentinel value. The database-generated default will always be used for inserts when the property has the value 'False', since this is the CLR default for the 'bool' type. Consider using a nullable type, using a nullable backing field, or setting the sentinel value for the property to ensure the database default is used when, and only when, appropriate. See https://aka.ms/efcore-docs-default-values for more information.
2026-06-24 15:36:37.849 +05:30 [WRN] The 'bool' property 'IsDeleted' on entity type 'ConsumerOtpVerification' is configured with a database-generated default, but has no configured sentinel value. The database-generated default will always be used for inserts when the property has the value 'False', since this is the CLR default for the 'bool' type. Consider using a nullable type, using a nullable backing field, or setting the sentinel value for the property to ensure the database default is used when, and only when, appropriate. See https://aka.ms/efcore-docs-default-values for more information.
2026-06-24 15:36:37.855 +05:30 [WRN] The 'bool' property 'IsDeleted' on entity type 'InAppNotification' is configured with a database-generated default, but has no configured sentinel value. The database-generated default will always be used for inserts when the property has the value 'False', since this is the CLR default for the 'bool' type. Consider using a nullable type, using a nullable backing field, or setting the sentinel value for the property to ensure the database default is used when, and only when, appropriate. See https://aka.ms/efcore-docs-default-values for more information.
2026-06-24 15:36:37.868 +05:30 [WRN] The 'bool' property 'IsRead' on entity type 'InAppNotification' is configured with a database-generated default, but has no configured sentinel value. The database-generated default will always be used for inserts when the property has the value 'False', since this is the CLR default for the 'bool' type. Consider using a nullable type, using a nullable backing field, or setting the sentinel value for the property to ensure the database default is used when, and only when, appropriate. See https://aka.ms/efcore-docs-default-values for more information.
2026-06-24 15:36:37.880 +05:30 [WRN] The 'bool' property 'ShowInSidebar' on entity type 'Menuitem' is configured with a database-generated default, but has no configured sentinel value. The database-generated default will always be used for inserts when the property has the value 'False', since this is the CLR default for the 'bool' type. Consider using a nullable type, using a nullable backing field, or setting the sentinel value for the property to ensure the database default is used when, and only when, appropriate. See https://aka.ms/efcore-docs-default-values for more information.
2026-06-24 15:36:37.884 +05:30 [WRN] The 'bool' property 'IsActive' on entity type 'PermissionModule' is configured with a database-generated default, but has no configured sentinel value. The database-generated default will always be used for inserts when the property has the value 'False', since this is the CLR default for the 'bool' type. Consider using a nullable type, using a nullable backing field, or setting the sentinel value for the property to ensure the database default is used when, and only when, appropriate. See https://aka.ms/efcore-docs-default-values for more information.
2026-06-24 15:36:37.890 +05:30 [WRN] The 'bool' property 'IsDeleted' on entity type 'PermissionModule' is configured with a database-generated default, but has no configured sentinel value. The database-generated default will always be used for inserts when the property has the value 'False', since this is the CLR default for the 'bool' type. Consider using a nullable type, using a nullable backing field, or setting the sentinel value for the property to ensure the database default is used when, and only when, appropriate. See https://aka.ms/efcore-docs-default-values for more information.
2026-06-24 15:39:33.085 +05:30 [ERR] Unhandled exception captured for /Dashboard. TraceId: 0HNMHR0VNFTP4:0000001B
System.Threading.Tasks.TaskCanceledException: A task was canceled.
   at Microsoft.EntityFrameworkCore.Query.Internal.BufferedDataReader.InitializeAsync(IReadOnlyList`1 columns, CancellationToken cancellationToken)
   at Microsoft.EntityFrameworkCore.Query.Internal.BufferedDataReader.InitializeAsync(IReadOnlyList`1 columns, CancellationToken cancellationToken)
   at Microsoft.EntityFrameworkCore.Storage.RelationalCommand.ExecuteReaderAsync(RelationalCommandParameterObject parameterObject, CancellationToken cancellationToken)
   at Microsoft.EntityFrameworkCore.Storage.RelationalCommand.ExecuteReaderAsync(RelationalCommandParameterObject parameterObject, CancellationToken cancellationToken)
   at Microsoft.EntityFrameworkCore.Query.Internal.SingleQueryingEnumerable`1.AsyncEnumerator.InitializeReaderAsync(AsyncEnumerator enumerator, CancellationToken cancellationToken)
   at Microsoft.EntityFrameworkCore.Storage.ExecutionStrategy.<>c__DisplayClass30_0`2.<<ExecuteAsync>b__0>d.MoveNext()
--- End of stack trace from previous location ---
   at Microsoft.EntityFrameworkCore.Storage.ExecutionStrategy.ExecuteImplementationAsync[TState,TResult](Func`4 operation, Func`4 verifySucceeded, TState state, CancellationToken cancellationToken)
   at Microsoft.EntityFrameworkCore.Storage.ExecutionStrategy.ExecuteImplementationAsync[TState,TResult](Func`4 operation, Func`4 verifySucceeded, TState state, CancellationToken cancellationToken)
   at Microsoft.EntityFrameworkCore.Storage.ExecutionStrategy.ExecuteAsync[TState,TResult](TState state, Func`4 operation, Func`4 verifySucceeded, CancellationToken cancellationToken)
   at Microsoft.EntityFrameworkCore.Query.Internal.SingleQueryingEnumerable`1.AsyncEnumerator.MoveNextAsync()
   at Microsoft.EntityFrameworkCore.Query.ShapedQueryCompilingExpressionVisitor.SingleAsync[TSource](IAsyncEnumerable`1 asyncEnumerable, CancellationToken cancellationToken)
   at Microsoft.EntityFrameworkCore.Query.ShapedQueryCompilingExpressionVisitor.SingleAsync[TSource](IAsyncEnumerable`1 asyncEnumerable, CancellationToken cancellationToken)
   at Water.Bill.API.Controllers.Mvc.DashboardController.BuildStaffDashboardAsync(Int32 userId, Int32 roleId, String username, String userName, String roleName, CancellationToken ct)
   at Water.Bill.API.Controllers.Mvc.DashboardController.Index(Nullable`1 defaulterThreshold, CancellationToken ct)
   at Microsoft.AspNetCore.Mvc.Infrastructure.ActionMethodExecutor.TaskOfIActionResultExecutor.Execute(ActionContext actionContext, IActionResultTypeMapper mapper, ObjectMethodExecutor executor, Object controller, Object[] arguments)
   at Microsoft.AspNetCore.Mvc.Infrastructure.ControllerActionInvoker.<InvokeActionMethodAsync>g__Awaited|12_0(ControllerActionInvoker invoker, ValueTask`1 actionResultValueTask)
   at Microsoft.AspNetCore.Mvc.Infrastructure.ControllerActionInvoker.<InvokeNextActionFilterAsync>g__Awaited|10_0(ControllerActionInvoker invoker, Task lastTask, State next, Scope scope, Object state, Boolean isCompleted)
   at Microsoft.AspNetCore.Mvc.Infrastructure.ControllerActionInvoker.Rethrow(ActionExecutedContextSealed context)
   at Microsoft.AspNetCore.Mvc.Infrastructure.ControllerActionInvoker.Next(State& next, Scope& scope, Object& state, Boolean& isCompleted)
   at Microsoft.AspNetCore.Mvc.Infrastructure.ControllerActionInvoker.<InvokeInnerFilterAsync>g__Awaited|13_0(ControllerActionInvoker invoker, Task lastTask, State next, Scope scope, Object state, Boolean isCompleted)
   at Microsoft.AspNetCore.Mvc.Infrastructure.ResourceInvoker.<InvokeNextResourceFilter>g__Awaited|25_0(ResourceInvoker invoker, Task lastTask, State next, Scope scope, Object state, Boolean isCompleted)
   at Microsoft.AspNetCore.Mvc.Infrastructure.ResourceInvoker.Rethrow(ResourceExecutedContextSealed context)
   at Microsoft.AspNetCore.Mvc.Infrastructure.ResourceInvoker.Next(State& next, Scope& scope, Object& state, Boolean& isCompleted)
   at Microsoft.AspNetCore.Mvc.Infrastructure.ResourceInvoker.<InvokeFilterPipelineAsync>g__Awaited|20_0(ResourceInvoker invoker, Task lastTask, State next, Scope scope, Object state, Boolean isCompleted)
   at Microsoft.AspNetCore.Mvc.Infrastructure.ResourceInvoker.<InvokeAsync>g__Awaited|17_0(ResourceInvoker invoker, Task task, IDisposable scope)
   at Microsoft.AspNetCore.Mvc.Infrastructure.ResourceInvoker.<InvokeAsync>g__Awaited|17_0(ResourceInvoker invoker, Task task, IDisposable scope)
   at Microsoft.AspNetCore.Authorization.AuthorizationMiddleware.Invoke(HttpContext context)
   at Program.<>c.<<<Main>$>b__0_5>d.MoveNext()
--- End of stack trace from previous location ---
   at Microsoft.AspNetCore.Authentication.AuthenticationMiddleware.Invoke(HttpContext context)
   at Water.Bill.Infrastructure.Middleware.GlobalExceptionLoggingMiddleware.InvokeAsync(HttpContext context) in C:\Users\Lekesh\Prince Yadav\Vedang Projects\Water Bill\VedangSoft.BPMS\Water.Bill\src\Water.Bill.Infrastructure\Middleware\GlobalExceptionLoggingMiddleware.cs:line 37
2026-06-24 15:40:15.033 +05:30 [INF] Now listening on: https://localhost:7183
2026-06-24 15:40:15.212 +05:30 [INF] Now listening on: http://localhost:5264
2026-06-24 15:40:17.129 +05:30 [INF] Application started. Press Ctrl+C to shut down.
2026-06-24 15:40:18.494 +05:30 [INF] Hosting environment: Development
2026-06-24 15:40:20.722 +05:30 [INF] Content root path: C:\Users\Lekesh\Prince Yadav\Vedang Projects\Water Bill\VedangSoft.BPMS\Water.Bill\src\Water.Bill.API
2026-06-24 15:40:31.090 +05:30 [WRN] The 'bool' property 'IsActive' on entity type 'AuthorityLoginOtpVerification' is configured with a database-generated default, but has no configured sentinel value. The database-generated default will always be used for inserts when the property has the value 'False', since this is the CLR default for the 'bool' type. Consider using a nullable type, using a nullable backing field, or setting the sentinel value for the property to ensure the database default is used when, and only when, appropriate. See https://aka.ms/efcore-docs-default-values for more information.
2026-06-24 15:40:31.099 +05:30 [WRN] The 'bool' property 'IsDeleted' on entity type 'AuthorityLoginOtpVerification' is configured with a database-generated default, but has no configured sentinel value. The database-generated default will always be used for inserts when the property has the value 'False', since this is the CLR default for the 'bool' type. Consider using a nullable type, using a nullable backing field, or setting the sentinel value for the property to ensure the database default is used when, and only when, appropriate. See https://aka.ms/efcore-docs-default-values for more information.
2026-06-24 15:40:31.104 +05:30 [WRN] The 'bool' property 'IsActive' on entity type 'CommunicationPurpose' is configured with a database-generated default, but has no configured sentinel value. The database-generated default will always be used for inserts when the property has the value 'False', since this is the CLR default for the 'bool' type. Consider using a nullable type, using a nullable backing field, or setting the sentinel value for the property to ensure the database default is used when, and only when, appropriate. See https://aka.ms/efcore-docs-default-values for more information.
2026-06-24 15:40:31.107 +05:30 [WRN] The 'bool' property 'IsSystem' on entity type 'CommunicationPurpose' is configured with a database-generated default, but has no configured sentinel value. The database-generated default will always be used for inserts when the property has the value 'False', since this is the CLR default for the 'bool' type. Consider using a nullable type, using a nullable backing field, or setting the sentinel value for the property to ensure the database default is used when, and only when, appropriate. See https://aka.ms/efcore-docs-default-values for more information.
2026-06-24 15:40:31.111 +05:30 [WRN] The 'bool' property 'IsActive' on entity type 'CommunicationTemplate' is configured with a database-generated default, but has no configured sentinel value. The database-generated default will always be used for inserts when the property has the value 'False', since this is the CLR default for the 'bool' type. Consider using a nullable type, using a nullable backing field, or setting the sentinel value for the property to ensure the database default is used when, and only when, appropriate. See https://aka.ms/efcore-docs-default-values for more information.
2026-06-24 15:40:31.119 +05:30 [WRN] The 'bool' property 'IsDefault' on entity type 'CommunicationTemplate' is configured with a database-generated default, but has no configured sentinel value. The database-generated default will always be used for inserts when the property has the value 'False', since this is the CLR default for the 'bool' type. Consider using a nullable type, using a nullable backing field, or setting the sentinel value for the property to ensure the database default is used when, and only when, appropriate. See https://aka.ms/efcore-docs-default-values for more information.
2026-06-24 15:40:31.124 +05:30 [WRN] The 'bool' property 'IsDeleted' on entity type 'CommunicationTemplate' is configured with a database-generated default, but has no configured sentinel value. The database-generated default will always be used for inserts when the property has the value 'False', since this is the CLR default for the 'bool' type. Consider using a nullable type, using a nullable backing field, or setting the sentinel value for the property to ensure the database default is used when, and only when, appropriate. See https://aka.ms/efcore-docs-default-values for more information.
2026-06-24 15:40:31.130 +05:30 [WRN] The 'bool' property 'IsActive' on entity type 'ConsumerOtpVerification' is configured with a database-generated default, but has no configured sentinel value. The database-generated default will always be used for inserts when the property has the value 'False', since this is the CLR default for the 'bool' type. Consider using a nullable type, using a nullable backing field, or setting the sentinel value for the property to ensure the database default is used when, and only when, appropriate. See https://aka.ms/efcore-docs-default-values for more information.
2026-06-24 15:40:31.139 +05:30 [WRN] The 'bool' property 'IsDeleted' on entity type 'ConsumerOtpVerification' is configured with a database-generated default, but has no configured sentinel value. The database-generated default will always be used for inserts when the property has the value 'False', since this is the CLR default for the 'bool' type. Consider using a nullable type, using a nullable backing field, or setting the sentinel value for the property to ensure the database default is used when, and only when, appropriate. See https://aka.ms/efcore-docs-default-values for more information.
2026-06-24 15:40:31.144 +05:30 [WRN] The 'bool' property 'IsDeleted' on entity type 'InAppNotification' is configured with a database-generated default, but has no configured sentinel value. The database-generated default will always be used for inserts when the property has the value 'False', since this is the CLR default for the 'bool' type. Consider using a nullable type, using a nullable backing field, or setting the sentinel value for the property to ensure the database default is used when, and only when, appropriate. See https://aka.ms/efcore-docs-default-values for more information.
2026-06-24 15:40:31.151 +05:30 [WRN] The 'bool' property 'IsRead' on entity type 'InAppNotification' is configured with a database-generated default, but has no configured sentinel value. The database-generated default will always be used for inserts when the property has the value 'False', since this is the CLR default for the 'bool' type. Consider using a nullable type, using a nullable backing field, or setting the sentinel value for the property to ensure the database default is used when, and only when, appropriate. See https://aka.ms/efcore-docs-default-values for more information.
2026-06-24 15:40:31.156 +05:30 [WRN] The 'bool' property 'ShowInSidebar' on entity type 'Menuitem' is configured with a database-generated default, but has no configured sentinel value. The database-generated default will always be used for inserts when the property has the value 'False', since this is the CLR default for the 'bool' type. Consider using a nullable type, using a nullable backing field, or setting the sentinel value for the property to ensure the database default is used when, and only when, appropriate. See https://aka.ms/efcore-docs-default-values for more information.
2026-06-24 15:40:31.161 +05:30 [WRN] The 'bool' property 'IsActive' on entity type 'PermissionModule' is configured with a database-generated default, but has no configured sentinel value. The database-generated default will always be used for inserts when the property has the value 'False', since this is the CLR default for the 'bool' type. Consider using a nullable type, using a nullable backing field, or setting the sentinel value for the property to ensure the database default is used when, and only when, appropriate. See https://aka.ms/efcore-docs-default-values for more information.
2026-06-24 15:40:31.169 +05:30 [WRN] The 'bool' property 'IsDeleted' on entity type 'PermissionModule' is configured with a database-generated default, but has no configured sentinel value. The database-generated default will always be used for inserts when the property has the value 'False', since this is the CLR default for the 'bool' type. Consider using a nullable type, using a nullable backing field, or setting the sentinel value for the property to ensure the database default is used when, and only when, appropriate. See https://aka.ms/efcore-docs-default-values for more information.
2026-06-24 15:42:24.167 +05:30 [INF] Now listening on: https://localhost:7183
2026-06-24 15:42:28.633 +05:30 [INF] Now listening on: http://localhost:5264
2026-06-24 15:42:29.280 +05:30 [INF] Application started. Press Ctrl+C to shut down.
2026-06-24 15:42:29.295 +05:30 [INF] Hosting environment: Development
2026-06-24 15:42:29.310 +05:30 [INF] Content root path: C:\Users\Lekesh\Prince Yadav\Vedang Projects\Water Bill\VedangSoft.BPMS\Water.Bill\src\Water.Bill.API
2026-06-24 15:42:39.229 +05:30 [WRN] The 'bool' property 'IsActive' on entity type 'AuthorityLoginOtpVerification' is configured with a database-generated default, but has no configured sentinel value. The database-generated default will always be used for inserts when the property has the value 'False', since this is the CLR default for the 'bool' type. Consider using a nullable type, using a nullable backing field, or setting the sentinel value for the property to ensure the database default is used when, and only when, appropriate. See https://aka.ms/efcore-docs-default-values for more information.
2026-06-24 15:42:40.358 +05:30 [WRN] The 'bool' property 'IsDeleted' on entity type 'AuthorityLoginOtpVerification' is configured with a database-generated default, but has no configured sentinel value. The database-generated default will always be used for inserts when the property has the value 'False', since this is the CLR default for the 'bool' type. Consider using a nullable type, using a nullable backing field, or setting the sentinel value for the property to ensure the database default is used when, and only when, appropriate. See https://aka.ms/efcore-docs-default-values for more information.
2026-06-24 15:42:41.077 +05:30 [WRN] The 'bool' property 'IsActive' on entity type 'CommunicationPurpose' is configured with a database-generated default, but has no configured sentinel value. The database-generated default will always be used for inserts when the property has the value 'False', since this is the CLR default for the 'bool' type. Consider using a nullable type, using a nullable backing field, or setting the sentinel value for the property to ensure the database default is used when, and only when, appropriate. See https://aka.ms/efcore-docs-default-values for more information.
2026-06-24 15:42:41.088 +05:30 [WRN] The 'bool' property 'IsSystem' on entity type 'CommunicationPurpose' is configured with a database-generated default, but has no configured sentinel value. The database-generated default will always be used for inserts when the property has the value 'False', since this is the CLR default for the 'bool' type. Consider using a nullable type, using a nullable backing field, or setting the sentinel value for the property to ensure the database default is used when, and only when, appropriate. See https://aka.ms/efcore-docs-default-values for more information.
2026-06-24 15:42:41.114 +05:30 [WRN] The 'bool' property 'IsActive' on entity type 'CommunicationTemplate' is configured with a database-generated default, but has no configured sentinel value. The database-generated default will always be used for inserts when the property has the value 'False', since this is the CLR default for the 'bool' type. Consider using a nullable type, using a nullable backing field, or setting the sentinel value for the property to ensure the database default is used when, and only when, appropriate. See https://aka.ms/efcore-docs-default-values for more information.
2026-06-24 15:42:41.138 +05:30 [WRN] The 'bool' property 'IsDefault' on entity type 'CommunicationTemplate' is configured with a database-generated default, but has no configured sentinel value. The database-generated default will always be used for inserts when the property has the value 'False', since this is the CLR default for the 'bool' type. Consider using a nullable type, using a nullable backing field, or setting the sentinel value for the property to ensure the database default is used when, and only when, appropriate. See https://aka.ms/efcore-docs-default-values for more information.
2026-06-24 15:42:41.188 +05:30 [WRN] The 'bool' property 'IsDeleted' on entity type 'CommunicationTemplate' is configured with a database-generated default, but has no configured sentinel value. The database-generated default will always be used for inserts when the property has the value 'False', since this is the CLR default for the 'bool' type. Consider using a nullable type, using a nullable backing field, or setting the sentinel value for the property to ensure the database default is used when, and only when, appropriate. See https://aka.ms/efcore-docs-default-values for more information.
2026-06-24 15:42:41.460 +05:30 [WRN] The 'bool' property 'IsActive' on entity type 'ConsumerOtpVerification' is configured with a database-generated default, but has no configured sentinel value. The database-generated default will always be used for inserts when the property has the value 'False', since this is the CLR default for the 'bool' type. Consider using a nullable type, using a nullable backing field, or setting the sentinel value for the property to ensure the database default is used when, and only when, appropriate. See https://aka.ms/efcore-docs-default-values for more information.
2026-06-24 15:42:41.479 +05:30 [WRN] The 'bool' property 'IsDeleted' on entity type 'ConsumerOtpVerification' is configured with a database-generated default, but has no configured sentinel value. The database-generated default will always be used for inserts when the property has the value 'False', since this is the CLR default for the 'bool' type. Consider using a nullable type, using a nullable backing field, or setting the sentinel value for the property to ensure the database default is used when, and only when, appropriate. See https://aka.ms/efcore-docs-default-values for more information.
2026-06-24 15:42:41.484 +05:30 [WRN] The 'bool' property 'IsDeleted' on entity type 'InAppNotification' is configured with a database-generated default, but has no configured sentinel value. The database-generated default will always be used for inserts when the property has the value 'False', since this is the CLR default for the 'bool' type. Consider using a nullable type, using a nullable backing field, or setting the sentinel value for the property to ensure the database default is used when, and only when, appropriate. See https://aka.ms/efcore-docs-default-values for more information.
2026-06-24 15:42:41.490 +05:30 [WRN] The 'bool' property 'IsRead' on entity type 'InAppNotification' is configured with a database-generated default, but has no configured sentinel value. The database-generated default will always be used for inserts when the property has the value 'False', since this is the CLR default for the 'bool' type. Consider using a nullable type, using a nullable backing field, or setting the sentinel value for the property to ensure the database default is used when, and only when, appropriate. See https://aka.ms/efcore-docs-default-values for more information.
2026-06-24 15:42:41.495 +05:30 [WRN] The 'bool' property 'ShowInSidebar' on entity type 'Menuitem' is configured with a database-generated default, but has no configured sentinel value. The database-generated default will always be used for inserts when the property has the value 'False', since this is the CLR default for the 'bool' type. Consider using a nullable type, using a nullable backing field, or setting the sentinel value for the property to ensure the database default is used when, and only when, appropriate. See https://aka.ms/efcore-docs-default-values for more information.
2026-06-24 15:42:41.500 +05:30 [WRN] The 'bool' property 'IsActive' on entity type 'PermissionModule' is configured with a database-generated default, but has no configured sentinel value. The database-generated default will always be used for inserts when the property has the value 'False', since this is the CLR default for the 'bool' type. Consider using a nullable type, using a nullable backing field, or setting the sentinel value for the property to ensure the database default is used when, and only when, appropriate. See https://aka.ms/efcore-docs-default-values for more information.
2026-06-24 15:42:41.505 +05:30 [WRN] The 'bool' property 'IsDeleted' on entity type 'PermissionModule' is configured with a database-generated default, but has no configured sentinel value. The database-generated default will always be used for inserts when the property has the value 'False', since this is the CLR default for the 'bool' type. Consider using a nullable type, using a nullable backing field, or setting the sentinel value for the property to ensure the database default is used when, and only when, appropriate. See https://aka.ms/efcore-docs-default-values for more information.
2026-06-24 15:42:45.961 +05:30 [ERR] Unhandled exception captured for /Account/Login. TraceId: 0HNMHR4B0LHAK:00000001
System.OperationCanceledException: The operation was canceled.
   at System.Threading.CancellationToken.ThrowOperationCanceledException()
   at System.Threading.CancellationToken.ThrowIfCancellationRequested()
   at Microsoft.EntityFrameworkCore.Storage.ExecutionStrategy.ExecuteImplementationAsync[TState,TResult](Func`4 operation, Func`4 verifySucceeded, TState state, CancellationToken cancellationToken)
   at Microsoft.EntityFrameworkCore.Storage.ExecutionStrategy.ExecuteAsync[TState,TResult](TState state, Func`4 operation, Func`4 verifySucceeded, CancellationToken cancellationToken)
   at Microsoft.EntityFrameworkCore.Query.Internal.SingleQueryingEnumerable`1.AsyncEnumerator.MoveNextAsync()
   at Microsoft.EntityFrameworkCore.Query.ShapedQueryCompilingExpressionVisitor.SingleOrDefaultAsync[TSource](IAsyncEnumerable`1 asyncEnumerable, CancellationToken cancellationToken)
   at Microsoft.EntityFrameworkCore.Query.ShapedQueryCompilingExpressionVisitor.SingleOrDefaultAsync[TSource](IAsyncEnumerable`1 asyncEnumerable, CancellationToken cancellationToken)
   at Water.Bill.API.Security.AuthoritySessionCookieEvents.ValidatePrincipal(CookieValidatePrincipalContext context) in C:\Users\Lekesh\Prince Yadav\Vedang Projects\Water Bill\VedangSoft.BPMS\Water.Bill\src\Water.Bill.API\Security\AuthoritySessionCookieEvents.cs:line 34
   at Microsoft.AspNetCore.Authentication.Cookies.CookieAuthenticationHandler.HandleAuthenticateAsync()
   at Microsoft.AspNetCore.Authentication.AuthenticationHandler`1.AuthenticateAsync()
   at Microsoft.AspNetCore.Authentication.AuthenticationService.AuthenticateAsync(HttpContext context, String scheme)
   at Water.Bill.API.Controllers.Mvc.AccountController.Login(String returnUrl) in C:\Users\Lekesh\Prince Yadav\Vedang Projects\Water Bill\VedangSoft.BPMS\Water.Bill\src\Water.Bill.API\Controllers\Mvc\AccountController.cs:line 46
   at Microsoft.AspNetCore.Mvc.Infrastructure.ActionMethodExecutor.TaskOfIActionResultExecutor.Execute(ActionContext actionContext, IActionResultTypeMapper mapper, ObjectMethodExecutor executor, Object controller, Object[] arguments)
   at Microsoft.AspNetCore.Mvc.Infrastructure.ControllerActionInvoker.<InvokeActionMethodAsync>g__Awaited|12_0(ControllerActionInvoker invoker, ValueTask`1 actionResultValueTask)
   at Microsoft.AspNetCore.Mvc.Infrastructure.ControllerActionInvoker.<InvokeNextActionFilterAsync>g__Awaited|10_0(ControllerActionInvoker invoker, Task lastTask, State next, Scope scope, Object state, Boolean isCompleted)
   at Microsoft.AspNetCore.Mvc.Infrastructure.ControllerActionInvoker.Rethrow(ActionExecutedContextSealed context)
   at Microsoft.AspNetCore.Mvc.Infrastructure.ControllerActionInvoker.Next(State& next, Scope& scope, Object& state, Boolean& isCompleted)
   at Microsoft.AspNetCore.Mvc.Infrastructure.ControllerActionInvoker.InvokeInnerFilterAsync()
--- End of stack trace from previous location ---
   at Microsoft.AspNetCore.Mvc.Infrastructure.ResourceInvoker.<InvokeNextResourceFilter>g__Awaited|25_0(ResourceInvoker invoker, Task lastTask, State next, Scope scope, Object state, Boolean isCompleted)
   at Microsoft.AspNetCore.Mvc.Infrastructure.ResourceInvoker.Rethrow(ResourceExecutedContextSealed context)
   at Microsoft.AspNetCore.Mvc.Infrastructure.ResourceInvoker.Next(State& next, Scope& scope, Object& state, Boolean& isCompleted)
   at Microsoft.AspNetCore.Mvc.Infrastructure.ResourceInvoker.InvokeFilterPipelineAsync()
--- End of stack trace from previous location ---
   at Microsoft.AspNetCore.Mvc.Infrastructure.ResourceInvoker.<InvokeAsync>g__Awaited|17_0(ResourceInvoker invoker, Task task, IDisposable scope)
   at Microsoft.AspNetCore.Mvc.Infrastructure.ResourceInvoker.<InvokeAsync>g__Awaited|17_0(ResourceInvoker invoker, Task task, IDisposable scope)
   at Microsoft.AspNetCore.Authorization.AuthorizationMiddleware.Invoke(HttpContext context)
   at Program.<>c.<<<Main>$>b__0_5>d.MoveNext() in C:\Users\Lekesh\Prince Yadav\Vedang Projects\Water Bill\VedangSoft.BPMS\Water.Bill\src\Water.Bill.API\Program.cs:line 107
--- End of stack trace from previous location ---
   at Microsoft.AspNetCore.Authentication.AuthenticationMiddleware.Invoke(HttpContext context)
   at Water.Bill.Infrastructure.Middleware.GlobalExceptionLoggingMiddleware.InvokeAsync(HttpContext context) in C:\Users\Lekesh\Prince Yadav\Vedang Projects\Water Bill\VedangSoft.BPMS\Water.Bill\src\Water.Bill.Infrastructure\Middleware\GlobalExceptionLoggingMiddleware.cs:line 37
2026-06-24 16:07:16.660 +05:30 [INF] Email send skipped because Communication:Email:Enabled is false. Recipient=admin@waterbill.local, Subject=Your Noida Jal authority login OTP
2026-06-24 16:07:16.667 +05:30 [WRN] Authority login 2FA OTP could not be delivered for user 1/admin. Reasons: Email: Email sending is disabled in configuration.
2026-06-24 16:07:16.676 +05:30 [WRN] Authority login 2FA fell back to development OTP for user 1/admin.
2026-06-24 16:07:32.625 +05:30 [WRN] The query uses the 'Distinct' operator after applying an ordering. If there are any row limiting operation used before 'Distinct' and after ordering then ordering will be used for it. Ordering(s) will be erased after 'Distinct' and results afterwards would be unordered.
2026-06-24 17:41:32.562 +05:30 [INF] Now listening on: https://localhost:7183
2026-06-24 17:41:36.084 +05:30 [INF] Now listening on: http://localhost:5264
2026-06-24 17:41:37.625 +05:30 [INF] Application started. Press Ctrl+C to shut down.
2026-06-24 17:41:38.169 +05:30 [INF] Hosting environment: Development
2026-06-24 17:41:38.171 +05:30 [INF] Content root path: C:\Users\Lekesh\Prince Yadav\Vedang Projects\Water Bill\VedangSoft.BPMS\Water.Bill\src\Water.Bill.API
2026-06-24 17:41:51.367 +05:30 [WRN] The 'bool' property 'IsActive' on entity type 'AuthorityLoginOtpVerification' is configured with a database-generated default, but has no configured sentinel value. The database-generated default will always be used for inserts when the property has the value 'False', since this is the CLR default for the 'bool' type. Consider using a nullable type, using a nullable backing field, or setting the sentinel value for the property to ensure the database default is used when, and only when, appropriate. See https://aka.ms/efcore-docs-default-values for more information.
2026-06-24 17:41:52.430 +05:30 [WRN] The 'bool' property 'IsDeleted' on entity type 'AuthorityLoginOtpVerification' is configured with a database-generated default, but has no configured sentinel value. The database-generated default will always be used for inserts when the property has the value 'False', since this is the CLR default for the 'bool' type. Consider using a nullable type, using a nullable backing field, or setting the sentinel value for the property to ensure the database default is used when, and only when, appropriate. See https://aka.ms/efcore-docs-default-values for more information.
2026-06-24 17:41:52.943 +05:30 [WRN] The 'bool' property 'IsActive' on entity type 'CommunicationPurpose' is configured with a database-generated default, but has no configured sentinel value. The database-generated default will always be used for inserts when the property has the value 'False', since this is the CLR default for the 'bool' type. Consider using a nullable type, using a nullable backing field, or setting the sentinel value for the property to ensure the database default is used when, and only when, appropriate. See https://aka.ms/efcore-docs-default-values for more information.
2026-06-24 17:41:52.965 +05:30 [WRN] The 'bool' property 'IsSystem' on entity type 'CommunicationPurpose' is configured with a database-generated default, but has no configured sentinel value. The database-generated default will always be used for inserts when the property has the value 'False', since this is the CLR default for the 'bool' type. Consider using a nullable type, using a nullable backing field, or setting the sentinel value for the property to ensure the database default is used when, and only when, appropriate. See https://aka.ms/efcore-docs-default-values for more information.
2026-06-24 17:41:52.980 +05:30 [WRN] The 'bool' property 'IsActive' on entity type 'CommunicationTemplate' is configured with a database-generated default, but has no configured sentinel value. The database-generated default will always be used for inserts when the property has the value 'False', since this is the CLR default for the 'bool' type. Consider using a nullable type, using a nullable backing field, or setting the sentinel value for the property to ensure the database default is used when, and only when, appropriate. See https://aka.ms/efcore-docs-default-values for more information.
2026-06-24 17:41:52.983 +05:30 [WRN] The 'bool' property 'IsDefault' on entity type 'CommunicationTemplate' is configured with a database-generated default, but has no configured sentinel value. The database-generated default will always be used for inserts when the property has the value 'False', since this is the CLR default for the 'bool' type. Consider using a nullable type, using a nullable backing field, or setting the sentinel value for the property to ensure the database default is used when, and only when, appropriate. See https://aka.ms/efcore-docs-default-values for more information.
2026-06-24 17:41:52.991 +05:30 [WRN] The 'bool' property 'IsDeleted' on entity type 'CommunicationTemplate' is configured with a database-generated default, but has no configured sentinel value. The database-generated default will always be used for inserts when the property has the value 'False', since this is the CLR default for the 'bool' type. Consider using a nullable type, using a nullable backing field, or setting the sentinel value for the property to ensure the database default is used when, and only when, appropriate. See https://aka.ms/efcore-docs-default-values for more information.
2026-06-24 17:41:52.996 +05:30 [WRN] The 'bool' property 'IsActive' on entity type 'ConsumerOtpVerification' is configured with a database-generated default, but has no configured sentinel value. The database-generated default will always be used for inserts when the property has the value 'False', since this is the CLR default for the 'bool' type. Consider using a nullable type, using a nullable backing field, or setting the sentinel value for the property to ensure the database default is used when, and only when, appropriate. See https://aka.ms/efcore-docs-default-values for more information.
2026-06-24 17:41:53.001 +05:30 [WRN] The 'bool' property 'IsDeleted' on entity type 'ConsumerOtpVerification' is configured with a database-generated default, but has no configured sentinel value. The database-generated default will always be used for inserts when the property has the value 'False', since this is the CLR default for the 'bool' type. Consider using a nullable type, using a nullable backing field, or setting the sentinel value for the property to ensure the database default is used when, and only when, appropriate. See https://aka.ms/efcore-docs-default-values for more information.
2026-06-24 17:41:53.007 +05:30 [WRN] The 'bool' property 'IsDeleted' on entity type 'InAppNotification' is configured with a database-generated default, but has no configured sentinel value. The database-generated default will always be used for inserts when the property has the value 'False', since this is the CLR default for the 'bool' type. Consider using a nullable type, using a nullable backing field, or setting the sentinel value for the property to ensure the database default is used when, and only when, appropriate. See https://aka.ms/efcore-docs-default-values for more information.
2026-06-24 17:41:53.011 +05:30 [WRN] The 'bool' property 'IsRead' on entity type 'InAppNotification' is configured with a database-generated default, but has no configured sentinel value. The database-generated default will always be used for inserts when the property has the value 'False', since this is the CLR default for the 'bool' type. Consider using a nullable type, using a nullable backing field, or setting the sentinel value for the property to ensure the database default is used when, and only when, appropriate. See https://aka.ms/efcore-docs-default-values for more information.
2026-06-24 17:41:53.016 +05:30 [WRN] The 'bool' property 'ShowInSidebar' on entity type 'Menuitem' is configured with a database-generated default, but has no configured sentinel value. The database-generated default will always be used for inserts when the property has the value 'False', since this is the CLR default for the 'bool' type. Consider using a nullable type, using a nullable backing field, or setting the sentinel value for the property to ensure the database default is used when, and only when, appropriate. See https://aka.ms/efcore-docs-default-values for more information.
2026-06-24 17:41:53.021 +05:30 [WRN] The 'bool' property 'IsActive' on entity type 'PermissionModule' is configured with a database-generated default, but has no configured sentinel value. The database-generated default will always be used for inserts when the property has the value 'False', since this is the CLR default for the 'bool' type. Consider using a nullable type, using a nullable backing field, or setting the sentinel value for the property to ensure the database default is used when, and only when, appropriate. See https://aka.ms/efcore-docs-default-values for more information.
2026-06-24 17:41:53.028 +05:30 [WRN] The 'bool' property 'IsDeleted' on entity type 'PermissionModule' is configured with a database-generated default, but has no configured sentinel value. The database-generated default will always be used for inserts when the property has the value 'False', since this is the CLR default for the 'bool' type. Consider using a nullable type, using a nullable backing field, or setting the sentinel value for the property to ensure the database default is used when, and only when, appropriate. See https://aka.ms/efcore-docs-default-values for more information.
2026-06-24 17:49:16.177 +05:30 [INF] Email send skipped because Communication:Email:Enabled is false. Recipient=princetest33@gmail.com, Subject=Your Noida Jal authority login OTP
2026-06-24 17:49:16.183 +05:30 [WRN] Authority login 2FA OTP could not be delivered for user 9/nitishyadav. Reasons: Email: Email sending is disabled in configuration.
2026-06-24 17:49:16.189 +05:30 [WRN] Authority login 2FA fell back to development OTP for user 9/nitishyadav.
2026-06-24 17:52:00.725 +05:30 [WRN] Savepoints are disabled because Multiple Active Result Sets (MARS) is enabled. If 'SaveChanges' fails, then the transaction cannot be automatically rolled back to a known clean state. Instead, the transaction should be rolled back by the application before retrying 'SaveChanges'. See https://go.microsoft.com/fwlink/?linkid=2149338 for more information and examples. To identify the code which triggers this warning, call 'ConfigureWarnings(w => w.Throw(SqlServerEventId.SavepointsDisabledBecauseOfMARS))'.
2026-06-24 17:52:11.283 +05:30 [INF] Email send skipped because Communication:Email:Enabled is false. Recipient=prince.yadav@vedang.net, Subject=Your Noida Jal authority login OTP
2026-06-24 17:52:11.286 +05:30 [WRN] Authority login 2FA OTP could not be delivered for user 4/praveenyadav. Reasons: Email: Email sending is disabled in configuration.
2026-06-24 17:52:11.292 +05:30 [WRN] Authority login 2FA fell back to development OTP for user 4/praveenyadav.
2026-06-24 17:52:35.541 +05:30 [INF] Email send skipped because Communication:Email:Enabled is false. Recipient=princeyada332@gmail.com, Subject=Your Noida Jal authority login OTP
2026-06-24 17:52:35.568 +05:30 [WRN] Authority login 2FA OTP could not be delivered for user 5/amitkumar. Reasons: Email: Email sending is disabled in configuration.
2026-06-24 17:52:35.575 +05:30 [WRN] Authority login 2FA fell back to development OTP for user 5/amitkumar.
2026-06-24 18:02:53.706 +05:30 [WRN] The query uses the 'Distinct' operator after applying an ordering. If there are any row limiting operation used before 'Distinct' and after ordering then ordering will be used for it. Ordering(s) will be erased after 'Distinct' and results afterwards would be unordered.
2026-06-24 18:06:45.520 +05:30 [INF] Now listening on: https://localhost:7183
2026-06-24 18:06:46.056 +05:30 [INF] Now listening on: http://localhost:5264
2026-06-24 18:06:48.096 +05:30 [INF] Application started. Press Ctrl+C to shut down.
2026-06-24 18:06:48.206 +05:30 [INF] Hosting environment: Development
2026-06-24 18:06:48.358 +05:30 [INF] Content root path: C:\Users\Lekesh\Prince Yadav\Vedang Projects\Water Bill\VedangSoft.BPMS\Water.Bill\src\Water.Bill.API
2026-06-24 18:06:58.802 +05:30 [WRN] The 'bool' property 'IsActive' on entity type 'AuthorityLoginOtpVerification' is configured with a database-generated default, but has no configured sentinel value. The database-generated default will always be used for inserts when the property has the value 'False', since this is the CLR default for the 'bool' type. Consider using a nullable type, using a nullable backing field, or setting the sentinel value for the property to ensure the database default is used when, and only when, appropriate. See https://aka.ms/efcore-docs-default-values for more information.
2026-06-24 18:06:58.809 +05:30 [WRN] The 'bool' property 'IsDeleted' on entity type 'AuthorityLoginOtpVerification' is configured with a database-generated default, but has no configured sentinel value. The database-generated default will always be used for inserts when the property has the value 'False', since this is the CLR default for the 'bool' type. Consider using a nullable type, using a nullable backing field, or setting the sentinel value for the property to ensure the database default is used when, and only when, appropriate. See https://aka.ms/efcore-docs-default-values for more information.
2026-06-24 18:06:58.816 +05:30 [WRN] The 'bool' property 'IsActive' on entity type 'CommunicationPurpose' is configured with a database-generated default, but has no configured sentinel value. The database-generated default will always be used for inserts when the property has the value 'False', since this is the CLR default for the 'bool' type. Consider using a nullable type, using a nullable backing field, or setting the sentinel value for the property to ensure the database default is used when, and only when, appropriate. See https://aka.ms/efcore-docs-default-values for more information.
2026-06-24 18:06:58.821 +05:30 [WRN] The 'bool' property 'IsSystem' on entity type 'CommunicationPurpose' is configured with a database-generated default, but has no configured sentinel value. The database-generated default will always be used for inserts when the property has the value 'False', since this is the CLR default for the 'bool' type. Consider using a nullable type, using a nullable backing field, or setting the sentinel value for the property to ensure the database default is used when, and only when, appropriate. See https://aka.ms/efcore-docs-default-values for more information.
2026-06-24 18:06:58.825 +05:30 [WRN] The 'bool' property 'IsActive' on entity type 'CommunicationTemplate' is configured with a database-generated default, but has no configured sentinel value. The database-generated default will always be used for inserts when the property has the value 'False', since this is the CLR default for the 'bool' type. Consider using a nullable type, using a nullable backing field, or setting the sentinel value for the property to ensure the database default is used when, and only when, appropriate. See https://aka.ms/efcore-docs-default-values for more information.
2026-06-24 18:06:58.830 +05:30 [WRN] The 'bool' property 'IsDefault' on entity type 'CommunicationTemplate' is configured with a database-generated default, but has no configured sentinel value. The database-generated default will always be used for inserts when the property has the value 'False', since this is the CLR default for the 'bool' type. Consider using a nullable type, using a nullable backing field, or setting the sentinel value for the property to ensure the database default is used when, and only when, appropriate. See https://aka.ms/efcore-docs-default-values for more information.
2026-06-24 18:06:58.838 +05:30 [WRN] The 'bool' property 'IsDeleted' on entity type 'CommunicationTemplate' is configured with a database-generated default, but has no configured sentinel value. The database-generated default will always be used for inserts when the property has the value 'False', since this is the CLR default for the 'bool' type. Consider using a nullable type, using a nullable backing field, or setting the sentinel value for the property to ensure the database default is used when, and only when, appropriate. See https://aka.ms/efcore-docs-default-values for more information.
2026-06-24 18:06:58.844 +05:30 [WRN] The 'bool' property 'IsActive' on entity type 'ConsumerOtpVerification' is configured with a database-generated default, but has no configured sentinel value. The database-generated default will always be used for inserts when the property has the value 'False', since this is the CLR default for the 'bool' type. Consider using a nullable type, using a nullable backing field, or setting the sentinel value for the property to ensure the database default is used when, and only when, appropriate. See https://aka.ms/efcore-docs-default-values for more information.
2026-06-24 18:06:58.854 +05:30 [WRN] The 'bool' property 'IsDeleted' on entity type 'ConsumerOtpVerification' is configured with a database-generated default, but has no configured sentinel value. The database-generated default will always be used for inserts when the property has the value 'False', since this is the CLR default for the 'bool' type. Consider using a nullable type, using a nullable backing field, or setting the sentinel value for the property to ensure the database default is used when, and only when, appropriate. See https://aka.ms/efcore-docs-default-values for more information.
2026-06-24 18:06:58.858 +05:30 [WRN] The 'bool' property 'IsDeleted' on entity type 'InAppNotification' is configured with a database-generated default, but has no configured sentinel value. The database-generated default will always be used for inserts when the property has the value 'False', since this is the CLR default for the 'bool' type. Consider using a nullable type, using a nullable backing field, or setting the sentinel value for the property to ensure the database default is used when, and only when, appropriate. See https://aka.ms/efcore-docs-default-values for more information.
2026-06-24 18:06:58.868 +05:30 [WRN] The 'bool' property 'IsRead' on entity type 'InAppNotification' is configured with a database-generated default, but has no configured sentinel value. The database-generated default will always be used for inserts when the property has the value 'False', since this is the CLR default for the 'bool' type. Consider using a nullable type, using a nullable backing field, or setting the sentinel value for the property to ensure the database default is used when, and only when, appropriate. See https://aka.ms/efcore-docs-default-values for more information.
2026-06-24 18:06:58.873 +05:30 [WRN] The 'bool' property 'ShowInSidebar' on entity type 'Menuitem' is configured with a database-generated default, but has no configured sentinel value. The database-generated default will always be used for inserts when the property has the value 'False', since this is the CLR default for the 'bool' type. Consider using a nullable type, using a nullable backing field, or setting the sentinel value for the property to ensure the database default is used when, and only when, appropriate. See https://aka.ms/efcore-docs-default-values for more information.
2026-06-24 18:06:58.878 +05:30 [WRN] The 'bool' property 'IsActive' on entity type 'PermissionModule' is configured with a database-generated default, but has no configured sentinel value. The database-generated default will always be used for inserts when the property has the value 'False', since this is the CLR default for the 'bool' type. Consider using a nullable type, using a nullable backing field, or setting the sentinel value for the property to ensure the database default is used when, and only when, appropriate. See https://aka.ms/efcore-docs-default-values for more information.
2026-06-24 18:06:58.885 +05:30 [WRN] The 'bool' property 'IsDeleted' on entity type 'PermissionModule' is configured with a database-generated default, but has no configured sentinel value. The database-generated default will always be used for inserts when the property has the value 'False', since this is the CLR default for the 'bool' type. Consider using a nullable type, using a nullable backing field, or setting the sentinel value for the property to ensure the database default is used when, and only when, appropriate. See https://aka.ms/efcore-docs-default-values for more information.
2026-06-24 18:09:24.885 +05:30 [WRN] The query uses the 'Distinct' operator after applying an ordering. If there are any row limiting operation used before 'Distinct' and after ordering then ordering will be used for it. Ordering(s) will be erased after 'Distinct' and results afterwards would be unordered.
2026-06-24 18:09:38.963 +05:30 [INF] Email send skipped because Communication:Email:Enabled is false. Recipient=atulky2001@gmail.com, Subject=Your Noida Jal authority login OTP
2026-06-24 18:09:38.967 +05:30 [WRN] Authority login 2FA OTP could not be delivered for user 1009/Atul. Reasons: Email: Email sending is disabled in configuration.
2026-06-24 18:09:38.973 +05:30 [WRN] Authority login 2FA fell back to development OTP for user 1009/Atul.
2026-06-24 18:09:59.964 +05:30 [INF] Email send skipped because Communication:Email:Enabled is false. Recipient=princetest33@gmail.com, Subject=Your Noida Jal authority login OTP
2026-06-24 18:09:59.967 +05:30 [WRN] Authority login 2FA OTP could not be delivered for user 9/nitishyadav. Reasons: Email: Email sending is disabled in configuration.
2026-06-24 18:09:59.969 +05:30 [WRN] Authority login 2FA fell back to development OTP for user 9/nitishyadav.
2026-06-24 18:11:13.532 +05:30 [WRN] Savepoints are disabled because Multiple Active Result Sets (MARS) is enabled. If 'SaveChanges' fails, then the transaction cannot be automatically rolled back to a known clean state. Instead, the transaction should be rolled back by the application before retrying 'SaveChanges'. See https://go.microsoft.com/fwlink/?linkid=2149338 for more information and examples. To identify the code which triggers this warning, call 'ConfigureWarnings(w => w.Throw(SqlServerEventId.SavepointsDisabledBecauseOfMARS))'.
2026-06-24 18:11:23.770 +05:30 [INF] Email send skipped because Communication:Email:Enabled is false. Recipient=princeyada332@gmail.com, Subject=Your Noida Jal authority login OTP
2026-06-24 18:11:23.774 +05:30 [WRN] Authority login 2FA OTP could not be delivered for user 5/amitkumar. Reasons: Email: Email sending is disabled in configuration.
2026-06-24 18:11:23.783 +05:30 [WRN] Authority login 2FA fell back to development OTP for user 5/amitkumar.
2026-06-24 18:19:21.289 +05:30 [WRN] Savepoints are disabled because Multiple Active Result Sets (MARS) is enabled. If 'SaveChanges' fails, then the transaction cannot be automatically rolled back to a known clean state. Instead, the transaction should be rolled back by the application before retrying 'SaveChanges'. See https://go.microsoft.com/fwlink/?linkid=2149338 for more information and examples. To identify the code which triggers this warning, call 'ConfigureWarnings(w => w.Throw(SqlServerEventId.SavepointsDisabledBecauseOfMARS))'.
2026-06-24 18:20:47.351 +05:30 [WRN] Savepoints are disabled because Multiple Active Result Sets (MARS) is enabled. If 'SaveChanges' fails, then the transaction cannot be automatically rolled back to a known clean state. Instead, the transaction should be rolled back by the application before retrying 'SaveChanges'. See https://go.microsoft.com/fwlink/?linkid=2149338 for more information and examples. To identify the code which triggers this warning, call 'ConfigureWarnings(w => w.Throw(SqlServerEventId.SavepointsDisabledBecauseOfMARS))'.
2026-06-24 18:21:01.560 +05:30 [INF] Email send skipped because Communication:Email:Enabled is false. Recipient=rpsingh@gmail.com, Subject=Your Noida Jal authority login OTP
2026-06-24 18:21:01.564 +05:30 [WRN] Authority login 2FA OTP could not be delivered for user 6/rpsingh. Reasons: Email: Email sending is disabled in configuration.
2026-06-24 18:21:01.568 +05:30 [WRN] Authority login 2FA fell back to development OTP for user 6/rpsingh.
2026-06-24 19:47:40.565 +05:30 [INF] Now listening on: https://localhost:7183
2026-06-24 19:47:40.939 +05:30 [INF] Now listening on: http://localhost:5264
2026-06-24 19:47:41.640 +05:30 [INF] Application started. Press Ctrl+C to shut down.
2026-06-24 19:47:41.955 +05:30 [INF] Hosting environment: Development
2026-06-24 19:47:42.275 +05:30 [INF] Content root path: C:\Users\Lekesh\Prince Yadav\Vedang Projects\Water Bill\VedangSoft.BPMS\Water.Bill\src\Water.Bill.API
2026-06-24 19:47:59.203 +05:30 [WRN] The 'bool' property 'IsActive' on entity type 'AuthorityLoginOtpVerification' is configured with a database-generated default, but has no configured sentinel value. The database-generated default will always be used for inserts when the property has the value 'False', since this is the CLR default for the 'bool' type. Consider using a nullable type, using a nullable backing field, or setting the sentinel value for the property to ensure the database default is used when, and only when, appropriate. See https://aka.ms/efcore-docs-default-values for more information.
2026-06-24 19:47:59.219 +05:30 [WRN] The 'bool' property 'IsDeleted' on entity type 'AuthorityLoginOtpVerification' is configured with a database-generated default, but has no configured sentinel value. The database-generated default will always be used for inserts when the property has the value 'False', since this is the CLR default for the 'bool' type. Consider using a nullable type, using a nullable backing field, or setting the sentinel value for the property to ensure the database default is used when, and only when, appropriate. See https://aka.ms/efcore-docs-default-values for more information.
2026-06-24 19:47:59.228 +05:30 [WRN] The 'bool' property 'IsActive' on entity type 'CommunicationPurpose' is configured with a database-generated default, but has no configured sentinel value. The database-generated default will always be used for inserts when the property has the value 'False', since this is the CLR default for the 'bool' type. Consider using a nullable type, using a nullable backing field, or setting the sentinel value for the property to ensure the database default is used when, and only when, appropriate. See https://aka.ms/efcore-docs-default-values for more information.
2026-06-24 19:47:59.247 +05:30 [WRN] The 'bool' property 'IsSystem' on entity type 'CommunicationPurpose' is configured with a database-generated default, but has no configured sentinel value. The database-generated default will always be used for inserts when the property has the value 'False', since this is the CLR default for the 'bool' type. Consider using a nullable type, using a nullable backing field, or setting the sentinel value for the property to ensure the database default is used when, and only when, appropriate. See https://aka.ms/efcore-docs-default-values for more information.
2026-06-24 19:47:59.257 +05:30 [WRN] The 'bool' property 'IsActive' on entity type 'CommunicationTemplate' is configured with a database-generated default, but has no configured sentinel value. The database-generated default will always be used for inserts when the property has the value 'False', since this is the CLR default for the 'bool' type. Consider using a nullable type, using a nullable backing field, or setting the sentinel value for the property to ensure the database default is used when, and only when, appropriate. See https://aka.ms/efcore-docs-default-values for more information.
2026-06-24 19:47:59.263 +05:30 [WRN] The 'bool' property 'IsDefault' on entity type 'CommunicationTemplate' is configured with a database-generated default, but has no configured sentinel value. The database-generated default will always be used for inserts when the property has the value 'False', since this is the CLR default for the 'bool' type. Consider using a nullable type, using a nullable backing field, or setting the sentinel value for the property to ensure the database default is used when, and only when, appropriate. See https://aka.ms/efcore-docs-default-values for more information.
2026-06-24 19:47:59.274 +05:30 [WRN] The 'bool' property 'IsDeleted' on entity type 'CommunicationTemplate' is configured with a database-generated default, but has no configured sentinel value. The database-generated default will always be used for inserts when the property has the value 'False', since this is the CLR default for the 'bool' type. Consider using a nullable type, using a nullable backing field, or setting the sentinel value for the property to ensure the database default is used when, and only when, appropriate. See https://aka.ms/efcore-docs-default-values for more information.
2026-06-24 19:47:59.281 +05:30 [WRN] The 'bool' property 'IsActive' on entity type 'ConsumerOtpVerification' is configured with a database-generated default, but has no configured sentinel value. The database-generated default will always be used for inserts when the property has the value 'False', since this is the CLR default for the 'bool' type. Consider using a nullable type, using a nullable backing field, or setting the sentinel value for the property to ensure the database default is used when, and only when, appropriate. See https://aka.ms/efcore-docs-default-values for more information.
2026-06-24 19:47:59.295 +05:30 [WRN] The 'bool' property 'IsDeleted' on entity type 'ConsumerOtpVerification' is configured with a database-generated default, but has no configured sentinel value. The database-generated default will always be used for inserts when the property has the value 'False', since this is the CLR default for the 'bool' type. Consider using a nullable type, using a nullable backing field, or setting the sentinel value for the property to ensure the database default is used when, and only when, appropriate. See https://aka.ms/efcore-docs-default-values for more information.
2026-06-24 19:47:59.306 +05:30 [WRN] The 'bool' property 'IsDeleted' on entity type 'InAppNotification' is configured with a database-generated default, but has no configured sentinel value. The database-generated default will always be used for inserts when the property has the value 'False', since this is the CLR default for the 'bool' type. Consider using a nullable type, using a nullable backing field, or setting the sentinel value for the property to ensure the database default is used when, and only when, appropriate. See https://aka.ms/efcore-docs-default-values for more information.
2026-06-24 19:47:59.610 +05:30 [WRN] The 'bool' property 'IsRead' on entity type 'InAppNotification' is configured with a database-generated default, but has no configured sentinel value. The database-generated default will always be used for inserts when the property has the value 'False', since this is the CLR default for the 'bool' type. Consider using a nullable type, using a nullable backing field, or setting the sentinel value for the property to ensure the database default is used when, and only when, appropriate. See https://aka.ms/efcore-docs-default-values for more information.
2026-06-24 19:47:59.682 +05:30 [WRN] The 'bool' property 'ShowInSidebar' on entity type 'Menuitem' is configured with a database-generated default, but has no configured sentinel value. The database-generated default will always be used for inserts when the property has the value 'False', since this is the CLR default for the 'bool' type. Consider using a nullable type, using a nullable backing field, or setting the sentinel value for the property to ensure the database default is used when, and only when, appropriate. See https://aka.ms/efcore-docs-default-values for more information.
2026-06-24 19:47:59.948 +05:30 [WRN] The 'bool' property 'IsActive' on entity type 'PermissionModule' is configured with a database-generated default, but has no configured sentinel value. The database-generated default will always be used for inserts when the property has the value 'False', since this is the CLR default for the 'bool' type. Consider using a nullable type, using a nullable backing field, or setting the sentinel value for the property to ensure the database default is used when, and only when, appropriate. See https://aka.ms/efcore-docs-default-values for more information.
2026-06-24 19:48:00.514 +05:30 [WRN] The 'bool' property 'IsDeleted' on entity type 'PermissionModule' is configured with a database-generated default, but has no configured sentinel value. The database-generated default will always be used for inserts when the property has the value 'False', since this is the CLR default for the 'bool' type. Consider using a nullable type, using a nullable backing field, or setting the sentinel value for the property to ensure the database default is used when, and only when, appropriate. See https://aka.ms/efcore-docs-default-values for more information.
2026-06-24 19:57:05.776 +05:30 [WRN] The query uses the 'Distinct' operator after applying an ordering. If there are any row limiting operation used before 'Distinct' and after ordering then ordering will be used for it. Ordering(s) will be erased after 'Distinct' and results afterwards would be unordered.
2026-06-24 19:58:22.476 +05:30 [INF] Email sent successfully. Host=smtp.gmail.com, Port=587, EnableSsl=true, FromEmail=vedangofficeserver@gmail.com, RecipientEmail=princetest33@gmail.com, Subject=Your Noida Jal authority login OTP
2026-06-24 19:59:51.036 +05:30 [WRN] Savepoints are disabled because Multiple Active Result Sets (MARS) is enabled. If 'SaveChanges' fails, then the transaction cannot be automatically rolled back to a known clean state. Instead, the transaction should be rolled back by the application before retrying 'SaveChanges'. See https://go.microsoft.com/fwlink/?linkid=2149338 for more information and examples. To identify the code which triggers this warning, call 'ConfigureWarnings(w => w.Throw(SqlServerEventId.SavepointsDisabledBecauseOfMARS))'.
2026-06-24 19:59:54.695 +05:30 [INF] Email sent successfully. Host=smtp.gmail.com, Port=587, EnableSsl=true, FromEmail=vedangofficeserver@gmail.com, RecipientEmail=princetest33@gmail.com, Subject=Application NC20260624195543282711 forwarded
2026-06-24 20:19:19.272 +05:30 [WRN] Savepoints are disabled because Multiple Active Result Sets (MARS) is enabled. If 'SaveChanges' fails, then the transaction cannot be automatically rolled back to a known clean state. Instead, the transaction should be rolled back by the application before retrying 'SaveChanges'. See https://go.microsoft.com/fwlink/?linkid=2149338 for more information and examples. To identify the code which triggers this warning, call 'ConfigureWarnings(w => w.Throw(SqlServerEventId.SavepointsDisabledBecauseOfMARS))'.
2026-06-24 20:20:51.210 +05:30 [ERR] Unhandled exception captured for /NotificationManagement/GetUnreadCount. TraceId: 0HNMHVDCTCFS0:00000009
System.OperationCanceledException: The operation was canceled.
   at System.Threading.CancellationToken.ThrowOperationCanceledException()
   at Microsoft.EntityFrameworkCore.Storage.ExecutionStrategy.ExecuteImplementationAsync[TState,TResult](Func`4 operation, Func`4 verifySucceeded, TState state, CancellationToken cancellationToken)
   at Microsoft.EntityFrameworkCore.Storage.ExecutionStrategy.ExecuteAsync[TState,TResult](TState state, Func`4 operation, Func`4 verifySucceeded, CancellationToken cancellationToken)
   at Microsoft.EntityFrameworkCore.Query.Internal.SingleQueryingEnumerable`1.AsyncEnumerator.MoveNextAsync()
   at Microsoft.EntityFrameworkCore.Query.ShapedQueryCompilingExpressionVisitor.SingleOrDefaultAsync[TSource](IAsyncEnumerable`1 asyncEnumerable, CancellationToken cancellationToken)
   at Microsoft.EntityFrameworkCore.Query.ShapedQueryCompilingExpressionVisitor.SingleOrDefaultAsync[TSource](IAsyncEnumerable`1 asyncEnumerable, CancellationToken cancellationToken)
   at Water.Bill.API.Security.AuthoritySessionCookieEvents.ValidatePrincipal(CookieValidatePrincipalContext context) in C:\Users\Lekesh\Prince Yadav\Vedang Projects\Water Bill\VedangSoft.BPMS\Water.Bill\src\Water.Bill.API\Security\AuthoritySessionCookieEvents.cs:line 34
   at Microsoft.AspNetCore.Authentication.Cookies.CookieAuthenticationHandler.HandleAuthenticateAsync()
   at Microsoft.AspNetCore.Authentication.AuthenticationHandler`1.AuthenticateAsync()
   at Microsoft.AspNetCore.Authentication.AuthenticationService.AuthenticateAsync(HttpContext context, String scheme)
   at Microsoft.AspNetCore.Authorization.Policy.PolicyEvaluator.AuthenticateAsync(AuthorizationPolicy policy, HttpContext context)
   at Microsoft.AspNetCore.Authorization.AuthorizationMiddleware.Invoke(HttpContext context)
   at Program.<>c.<<<Main>$>b__0_5>d.MoveNext() in C:\Users\Lekesh\Prince Yadav\Vedang Projects\Water Bill\VedangSoft.BPMS\Water.Bill\src\Water.Bill.API\Program.cs:line 107
--- End of stack trace from previous location ---
   at Microsoft.AspNetCore.Authentication.AuthenticationMiddleware.Invoke(HttpContext context)
   at Water.Bill.Infrastructure.Middleware.GlobalExceptionLoggingMiddleware.InvokeAsync(HttpContext context) in C:\Users\Lekesh\Prince Yadav\Vedang Projects\Water Bill\VedangSoft.BPMS\Water.Bill\src\Water.Bill.Infrastructure\Middleware\GlobalExceptionLoggingMiddleware.cs:line 37
2026-06-24 20:22:53.860 +05:30 [ERR] Unhandled exception captured for /NotificationManagement/GetUnreadCount. TraceId: 0HNMHVDCTCFRV:000000CB
System.OperationCanceledException: The operation was canceled.
   at System.Threading.CancellationToken.ThrowOperationCanceledException()
   at System.Threading.CancellationToken.ThrowIfCancellationRequested()
   at Microsoft.EntityFrameworkCore.Storage.ExecutionStrategy.ExecuteImplementationAsync[TState,TResult](Func`4 operation, Func`4 verifySucceeded, TState state, CancellationToken cancellationToken)
   at Microsoft.EntityFrameworkCore.Storage.ExecutionStrategy.ExecuteAsync[TState,TResult](TState state, Func`4 operation, Func`4 verifySucceeded, CancellationToken cancellationToken)
   at Microsoft.EntityFrameworkCore.Query.Internal.SingleQueryingEnumerable`1.AsyncEnumerator.MoveNextAsync()
   at Microsoft.EntityFrameworkCore.Query.ShapedQueryCompilingExpressionVisitor.SingleOrDefaultAsync[TSource](IAsyncEnumerable`1 asyncEnumerable, CancellationToken cancellationToken)
   at Microsoft.EntityFrameworkCore.Query.ShapedQueryCompilingExpressionVisitor.SingleOrDefaultAsync[TSource](IAsyncEnumerable`1 asyncEnumerable, CancellationToken cancellationToken)
   at Water.Bill.API.Security.AuthoritySessionCookieEvents.ValidatePrincipal(CookieValidatePrincipalContext context) in C:\Users\Lekesh\Prince Yadav\Vedang Projects\Water Bill\VedangSoft.BPMS\Water.Bill\src\Water.Bill.API\Security\AuthoritySessionCookieEvents.cs:line 34
   at Microsoft.AspNetCore.Authentication.Cookies.CookieAuthenticationHandler.HandleAuthenticateAsync()
   at Microsoft.AspNetCore.Authentication.AuthenticationHandler`1.AuthenticateAsync()
   at Microsoft.AspNetCore.Authentication.AuthenticationService.AuthenticateAsync(HttpContext context, String scheme)
   at Microsoft.AspNetCore.Authorization.Policy.PolicyEvaluator.AuthenticateAsync(AuthorizationPolicy policy, HttpContext context)
   at Microsoft.AspNetCore.Authorization.AuthorizationMiddleware.Invoke(HttpContext context)
   at Program.<>c.<<<Main>$>b__0_5>d.MoveNext() in C:\Users\Lekesh\Prince Yadav\Vedang Projects\Water Bill\VedangSoft.BPMS\Water.Bill\src\Water.Bill.API\Program.cs:line 107
--- End of stack trace from previous location ---
   at Microsoft.AspNetCore.Authentication.AuthenticationMiddleware.Invoke(HttpContext context)
   at Water.Bill.Infrastructure.Middleware.GlobalExceptionLoggingMiddleware.InvokeAsync(HttpContext context) in C:\Users\Lekesh\Prince Yadav\Vedang Projects\Water Bill\VedangSoft.BPMS\Water.Bill\src\Water.Bill.Infrastructure\Middleware\GlobalExceptionLoggingMiddleware.cs:line 37
2026-06-24 20:23:25.420 +05:30 [ERR] Unhandled exception captured for /Approvals/Action. TraceId: 0HNMHVDCTCFS3:00000001
System.OperationCanceledException: The operation was canceled.
   at System.Threading.CancellationToken.ThrowOperationCanceledException()
   at System.Threading.CancellationToken.ThrowIfCancellationRequested()
   at Microsoft.EntityFrameworkCore.Storage.ExecutionStrategy.ExecuteImplementationAsync[TState,TResult](Func`4 operation, Func`4 verifySucceeded, TState state, CancellationToken cancellationToken)
   at Microsoft.EntityFrameworkCore.Storage.ExecutionStrategy.ExecuteAsync[TState,TResult](TState state, Func`4 operation, Func`4 verifySucceeded, CancellationToken cancellationToken)
   at Microsoft.EntityFrameworkCore.Query.Internal.SingleQueryingEnumerable`1.AsyncEnumerator.MoveNextAsync()
   at Microsoft.EntityFrameworkCore.Query.ShapedQueryCompilingExpressionVisitor.SingleOrDefaultAsync[TSource](IAsyncEnumerable`1 asyncEnumerable, CancellationToken cancellationToken)
   at Microsoft.EntityFrameworkCore.Query.ShapedQueryCompilingExpressionVisitor.SingleOrDefaultAsync[TSource](IAsyncEnumerable`1 asyncEnumerable, CancellationToken cancellationToken)
   at Water.Bill.API.Security.AuthoritySessionCookieEvents.ValidatePrincipal(CookieValidatePrincipalContext context) in C:\Users\Lekesh\Prince Yadav\Vedang Projects\Water Bill\VedangSoft.BPMS\Water.Bill\src\Water.Bill.API\Security\AuthoritySessionCookieEvents.cs:line 34
   at Microsoft.AspNetCore.Authentication.Cookies.CookieAuthenticationHandler.HandleAuthenticateAsync()
   at Microsoft.AspNetCore.Authentication.AuthenticationHandler`1.AuthenticateAsync()
   at Microsoft.AspNetCore.Authentication.AuthenticationService.AuthenticateAsync(HttpContext context, String scheme)
   at Microsoft.AspNetCore.Authorization.Policy.PolicyEvaluator.AuthenticateAsync(AuthorizationPolicy policy, HttpContext context)
   at Microsoft.AspNetCore.Authorization.AuthorizationMiddleware.Invoke(HttpContext context)
   at Program.<>c.<<<Main>$>b__0_5>d.MoveNext() in C:\Users\Lekesh\Prince Yadav\Vedang Projects\Water Bill\VedangSoft.BPMS\Water.Bill\src\Water.Bill.API\Program.cs:line 107
--- End of stack trace from previous location ---
   at Microsoft.AspNetCore.Authentication.AuthenticationMiddleware.Invoke(HttpContext context)
   at Water.Bill.Infrastructure.Middleware.GlobalExceptionLoggingMiddleware.InvokeAsync(HttpContext context) in C:\Users\Lekesh\Prince Yadav\Vedang Projects\Water Bill\VedangSoft.BPMS\Water.Bill\src\Water.Bill.Infrastructure\Middleware\GlobalExceptionLoggingMiddleware.cs:line 37
2026-06-24 20:23:43.697 +05:30 [ERR] Unhandled exception captured for /NotificationManagement/GetUnreadCount. TraceId: 0HNMHVDCTCFS1:00000007
System.OperationCanceledException: The operation was canceled.
   at System.Threading.CancellationToken.ThrowOperationCanceledException()
   at System.Threading.CancellationToken.ThrowIfCancellationRequested()
   at Microsoft.EntityFrameworkCore.Storage.ExecutionStrategy.ExecuteImplementationAsync[TState,TResult](Func`4 operation, Func`4 verifySucceeded, TState state, CancellationToken cancellationToken)
   at Microsoft.EntityFrameworkCore.Storage.ExecutionStrategy.ExecuteAsync[TState,TResult](TState state, Func`4 operation, Func`4 verifySucceeded, CancellationToken cancellationToken)
   at Microsoft.EntityFrameworkCore.Query.Internal.SingleQueryingEnumerable`1.AsyncEnumerator.MoveNextAsync()
   at Microsoft.EntityFrameworkCore.Query.ShapedQueryCompilingExpressionVisitor.SingleOrDefaultAsync[TSource](IAsyncEnumerable`1 asyncEnumerable, CancellationToken cancellationToken)
   at Microsoft.EntityFrameworkCore.Query.ShapedQueryCompilingExpressionVisitor.SingleOrDefaultAsync[TSource](IAsyncEnumerable`1 asyncEnumerable, CancellationToken cancellationToken)
   at Water.Bill.API.Security.AuthoritySessionCookieEvents.ValidatePrincipal(CookieValidatePrincipalContext context) in C:\Users\Lekesh\Prince Yadav\Vedang Projects\Water Bill\VedangSoft.BPMS\Water.Bill\src\Water.Bill.API\Security\AuthoritySessionCookieEvents.cs:line 34
   at Microsoft.AspNetCore.Authentication.Cookies.CookieAuthenticationHandler.HandleAuthenticateAsync()
   at Microsoft.AspNetCore.Authentication.AuthenticationHandler`1.AuthenticateAsync()
   at Microsoft.AspNetCore.Authentication.AuthenticationService.AuthenticateAsync(HttpContext context, String scheme)
   at Microsoft.AspNetCore.Authorization.Policy.PolicyEvaluator.AuthenticateAsync(AuthorizationPolicy policy, HttpContext context)
   at Microsoft.AspNetCore.Authorization.AuthorizationMiddleware.Invoke(HttpContext context)
   at Program.<>c.<<<Main>$>b__0_5>d.MoveNext() in C:\Users\Lekesh\Prince Yadav\Vedang Projects\Water Bill\VedangSoft.BPMS\Water.Bill\src\Water.Bill.API\Program.cs:line 107
--- End of stack trace from previous location ---
   at Microsoft.AspNetCore.Authentication.AuthenticationMiddleware.Invoke(HttpContext context)
   at Water.Bill.Infrastructure.Middleware.GlobalExceptionLoggingMiddleware.InvokeAsync(HttpContext context) in C:\Users\Lekesh\Prince Yadav\Vedang Projects\Water Bill\VedangSoft.BPMS\Water.Bill\src\Water.Bill.Infrastructure\Middleware\GlobalExceptionLoggingMiddleware.cs:line 37
2026-06-24 20:23:43.738 +05:30 [ERR] Unhandled exception captured for /NotificationManagement/GetUnreadCount. TraceId: 0HNMHVDCTCFS3:00000009
System.OperationCanceledException: The operation was canceled.
   at System.Threading.CancellationToken.ThrowOperationCanceledException()
   at System.Threading.CancellationToken.ThrowIfCancellationRequested()
   at Microsoft.EntityFrameworkCore.Storage.ExecutionStrategy.ExecuteImplementationAsync[TState,TResult](Func`4 operation, Func`4 verifySucceeded, TState state, CancellationToken cancellationToken)
   at Microsoft.EntityFrameworkCore.Storage.ExecutionStrategy.ExecuteAsync[TState,TResult](TState state, Func`4 operation, Func`4 verifySucceeded, CancellationToken cancellationToken)
   at Microsoft.EntityFrameworkCore.Query.Internal.SingleQueryingEnumerable`1.AsyncEnumerator.MoveNextAsync()
   at Microsoft.EntityFrameworkCore.Query.ShapedQueryCompilingExpressionVisitor.SingleOrDefaultAsync[TSource](IAsyncEnumerable`1 asyncEnumerable, CancellationToken cancellationToken)
   at Microsoft.EntityFrameworkCore.Query.ShapedQueryCompilingExpressionVisitor.SingleOrDefaultAsync[TSource](IAsyncEnumerable`1 asyncEnumerable, CancellationToken cancellationToken)
   at Water.Bill.API.Security.AuthoritySessionCookieEvents.ValidatePrincipal(CookieValidatePrincipalContext context) in C:\Users\Lekesh\Prince Yadav\Vedang Projects\Water Bill\VedangSoft.BPMS\Water.Bill\src\Water.Bill.API\Security\AuthoritySessionCookieEvents.cs:line 34
   at Microsoft.AspNetCore.Authentication.Cookies.CookieAuthenticationHandler.HandleAuthenticateAsync()
   at Microsoft.AspNetCore.Authentication.AuthenticationHandler`1.AuthenticateAsync()
   at Microsoft.AspNetCore.Authentication.AuthenticationService.AuthenticateAsync(HttpContext context, String scheme)
   at Microsoft.AspNetCore.Authorization.Policy.PolicyEvaluator.AuthenticateAsync(AuthorizationPolicy policy, HttpContext context)
   at Microsoft.AspNetCore.Authorization.AuthorizationMiddleware.Invoke(HttpContext context)
   at Program.<>c.<<<Main>$>b__0_5>d.MoveNext() in C:\Users\Lekesh\Prince Yadav\Vedang Projects\Water Bill\VedangSoft.BPMS\Water.Bill\src\Water.Bill.API\Program.cs:line 107
--- End of stack trace from previous location ---
   at Microsoft.AspNetCore.Authentication.AuthenticationMiddleware.Invoke(HttpContext context)
   at Water.Bill.Infrastructure.Middleware.GlobalExceptionLoggingMiddleware.InvokeAsync(HttpContext context) in C:\Users\Lekesh\Prince Yadav\Vedang Projects\Water Bill\VedangSoft.BPMS\Water.Bill\src\Water.Bill.Infrastructure\Middleware\GlobalExceptionLoggingMiddleware.cs:line 37
2026-06-24 20:23:48.212 +05:30 [ERR] Unhandled exception captured for /Account/AuthStatus. TraceId: 0HNMHVDCTCFS1:00000005
System.OperationCanceledException: The operation was canceled.
   at System.Threading.CancellationToken.ThrowOperationCanceledException()
   at System.Threading.CancellationToken.ThrowIfCancellationRequested()
   at Microsoft.EntityFrameworkCore.Storage.ExecutionStrategy.ExecuteImplementationAsync[TState,TResult](Func`4 operation, Func`4 verifySucceeded, TState state, CancellationToken cancellationToken)
   at Microsoft.EntityFrameworkCore.Storage.ExecutionStrategy.ExecuteAsync[TState,TResult](TState state, Func`4 operation, Func`4 verifySucceeded, CancellationToken cancellationToken)
   at Microsoft.EntityFrameworkCore.Query.Internal.SingleQueryingEnumerable`1.AsyncEnumerator.MoveNextAsync()
   at Microsoft.EntityFrameworkCore.Query.ShapedQueryCompilingExpressionVisitor.SingleOrDefaultAsync[TSource](IAsyncEnumerable`1 asyncEnumerable, CancellationToken cancellationToken)
   at Microsoft.EntityFrameworkCore.Query.ShapedQueryCompilingExpressionVisitor.SingleOrDefaultAsync[TSource](IAsyncEnumerable`1 asyncEnumerable, CancellationToken cancellationToken)
   at Water.Bill.API.Security.AuthoritySessionCookieEvents.ValidatePrincipal(CookieValidatePrincipalContext context) in C:\Users\Lekesh\Prince Yadav\Vedang Projects\Water Bill\VedangSoft.BPMS\Water.Bill\src\Water.Bill.API\Security\AuthoritySessionCookieEvents.cs:line 34
   at Microsoft.AspNetCore.Authentication.Cookies.CookieAuthenticationHandler.HandleAuthenticateAsync()
   at Microsoft.AspNetCore.Authentication.AuthenticationHandler`1.AuthenticateAsync()
   at Microsoft.AspNetCore.Authentication.AuthenticationService.AuthenticateAsync(HttpContext context, String scheme)
   at Water.Bill.API.Controllers.Mvc.AccountController.AuthStatus() in C:\Users\Lekesh\Prince Yadav\Vedang Projects\Water Bill\VedangSoft.BPMS\Water.Bill\src\Water.Bill.API\Controllers\Mvc\AccountController.cs:line 266
   at Microsoft.AspNetCore.Mvc.Infrastructure.ActionMethodExecutor.TaskOfIActionResultExecutor.Execute(ActionContext actionContext, IActionResultTypeMapper mapper, ObjectMethodExecutor executor, Object controller, Object[] arguments)
   at Microsoft.AspNetCore.Mvc.Infrastructure.ControllerActionInvoker.<InvokeActionMethodAsync>g__Awaited|12_0(ControllerActionInvoker invoker, ValueTask`1 actionResultValueTask)
   at Microsoft.AspNetCore.Mvc.Infrastructure.ControllerActionInvoker.<InvokeNextActionFilterAsync>g__Awaited|10_0(ControllerActionInvoker invoker, Task lastTask, State next, Scope scope, Object state, Boolean isCompleted)
   at Microsoft.AspNetCore.Mvc.Infrastructure.ControllerActionInvoker.Rethrow(ActionExecutedContextSealed context)
   at Microsoft.AspNetCore.Mvc.Infrastructure.ControllerActionInvoker.Next(State& next, Scope& scope, Object& state, Boolean& isCompleted)
   at Microsoft.AspNetCore.Mvc.Infrastructure.ControllerActionInvoker.InvokeInnerFilterAsync()
--- End of stack trace from previous location ---
   at Microsoft.AspNetCore.Mvc.Infrastructure.ResourceInvoker.<InvokeNextResourceFilter>g__Awaited|25_0(ResourceInvoker invoker, Task lastTask, State next, Scope scope, Object state, Boolean isCompleted)
   at Microsoft.AspNetCore.Mvc.Infrastructure.ResourceInvoker.Rethrow(ResourceExecutedContextSealed context)
   at Microsoft.AspNetCore.Mvc.Infrastructure.ResourceInvoker.Next(State& next, Scope& scope, Object& state, Boolean& isCompleted)
   at Microsoft.AspNetCore.Mvc.Infrastructure.ResourceInvoker.InvokeFilterPipelineAsync()
--- End of stack trace from previous location ---
   at Microsoft.AspNetCore.Mvc.Infrastructure.ResourceInvoker.<InvokeAsync>g__Awaited|17_0(ResourceInvoker invoker, Task task, IDisposable scope)
   at Microsoft.AspNetCore.Mvc.Infrastructure.ResourceInvoker.<InvokeAsync>g__Awaited|17_0(ResourceInvoker invoker, Task task, IDisposable scope)
   at Microsoft.AspNetCore.Authorization.AuthorizationMiddleware.Invoke(HttpContext context)
   at Program.<>c.<<<Main>$>b__0_5>d.MoveNext() in C:\Users\Lekesh\Prince Yadav\Vedang Projects\Water Bill\VedangSoft.BPMS\Water.Bill\src\Water.Bill.API\Program.cs:line 107
--- End of stack trace from previous location ---
   at Microsoft.AspNetCore.Authentication.AuthenticationMiddleware.Invoke(HttpContext context)
   at Water.Bill.Infrastructure.Middleware.GlobalExceptionLoggingMiddleware.InvokeAsync(HttpContext context) in C:\Users\Lekesh\Prince Yadav\Vedang Projects\Water Bill\VedangSoft.BPMS\Water.Bill\src\Water.Bill.Infrastructure\Middleware\GlobalExceptionLoggingMiddleware.cs:line 37
2026-06-24 20:23:55.028 +05:30 [ERR] Unhandled exception captured for /NotificationManagement/GetUnreadCount. TraceId: 0HNMHVDCTCFS3:00000003
System.Threading.Tasks.TaskCanceledException: A task was canceled.
   at Microsoft.EntityFrameworkCore.Query.Internal.BufferedDataReader.BufferedDataRecord.InitializeAsync(DbDataReader reader, IReadOnlyList`1 columns, CancellationToken cancellationToken)
   at Microsoft.EntityFrameworkCore.Query.Internal.BufferedDataReader.InitializeAsync(IReadOnlyList`1 columns, CancellationToken cancellationToken)
   at Microsoft.EntityFrameworkCore.Query.Internal.BufferedDataReader.InitializeAsync(IReadOnlyList`1 columns, CancellationToken cancellationToken)
   at Microsoft.EntityFrameworkCore.Storage.RelationalCommand.ExecuteReaderAsync(RelationalCommandParameterObject parameterObject, CancellationToken cancellationToken)
   at Microsoft.EntityFrameworkCore.Storage.RelationalCommand.ExecuteReaderAsync(RelationalCommandParameterObject parameterObject, CancellationToken cancellationToken)
   at Microsoft.EntityFrameworkCore.Query.Internal.SingleQueryingEnumerable`1.AsyncEnumerator.InitializeReaderAsync(AsyncEnumerator enumerator, CancellationToken cancellationToken)
   at Microsoft.EntityFrameworkCore.Storage.ExecutionStrategy.<>c__DisplayClass30_0`2.<<ExecuteAsync>b__0>d.MoveNext()
--- End of stack trace from previous location ---
   at Microsoft.EntityFrameworkCore.Storage.ExecutionStrategy.ExecuteImplementationAsync[TState,TResult](Func`4 operation, Func`4 verifySucceeded, TState state, CancellationToken cancellationToken)
   at Microsoft.EntityFrameworkCore.Storage.ExecutionStrategy.ExecuteImplementationAsync[TState,TResult](Func`4 operation, Func`4 verifySucceeded, TState state, CancellationToken cancellationToken)
   at Microsoft.EntityFrameworkCore.Storage.ExecutionStrategy.ExecuteAsync[TState,TResult](TState state, Func`4 operation, Func`4 verifySucceeded, CancellationToken cancellationToken)
   at Microsoft.EntityFrameworkCore.Query.Internal.SingleQueryingEnumerable`1.AsyncEnumerator.MoveNextAsync()
   at Microsoft.EntityFrameworkCore.Query.ShapedQueryCompilingExpressionVisitor.SingleOrDefaultAsync[TSource](IAsyncEnumerable`1 asyncEnumerable, CancellationToken cancellationToken)
   at Microsoft.EntityFrameworkCore.Query.ShapedQueryCompilingExpressionVisitor.SingleOrDefaultAsync[TSource](IAsyncEnumerable`1 asyncEnumerable, CancellationToken cancellationToken)
   at Water.Bill.API.Security.AuthoritySessionCookieEvents.ValidatePrincipal(CookieValidatePrincipalContext context) in C:\Users\Lekesh\Prince Yadav\Vedang Projects\Water Bill\VedangSoft.BPMS\Water.Bill\src\Water.Bill.API\Security\AuthoritySessionCookieEvents.cs:line 34
   at Microsoft.AspNetCore.Authentication.Cookies.CookieAuthenticationHandler.HandleAuthenticateAsync()
   at Microsoft.AspNetCore.Authentication.AuthenticationHandler`1.AuthenticateAsync()
   at Microsoft.AspNetCore.Authentication.AuthenticationService.AuthenticateAsync(HttpContext context, String scheme)
   at Microsoft.AspNetCore.Authorization.Policy.PolicyEvaluator.AuthenticateAsync(AuthorizationPolicy policy, HttpContext context)
   at Microsoft.AspNetCore.Authorization.AuthorizationMiddleware.Invoke(HttpContext context)
   at Program.<>c.<<<Main>$>b__0_5>d.MoveNext() in C:\Users\Lekesh\Prince Yadav\Vedang Projects\Water Bill\VedangSoft.BPMS\Water.Bill\src\Water.Bill.API\Program.cs:line 107
--- End of stack trace from previous location ---
   at Microsoft.AspNetCore.Authentication.AuthenticationMiddleware.Invoke(HttpContext context)
   at Water.Bill.Infrastructure.Middleware.GlobalExceptionLoggingMiddleware.InvokeAsync(HttpContext context) in C:\Users\Lekesh\Prince Yadav\Vedang Projects\Water Bill\VedangSoft.BPMS\Water.Bill\src\Water.Bill.Infrastructure\Middleware\GlobalExceptionLoggingMiddleware.cs:line 37
2026-06-24 20:23:58.771 +05:30 [ERR] Unhandled exception captured for /Account/AuthStatus. TraceId: 0HNMHVDCTCFS3:00000007
System.OperationCanceledException: The operation was canceled.
   at System.Threading.CancellationToken.ThrowOperationCanceledException()
   at System.Threading.CancellationToken.ThrowIfCancellationRequested()
   at Microsoft.EntityFrameworkCore.Storage.ExecutionStrategy.ExecuteImplementationAsync[TState,TResult](Func`4 operation, Func`4 verifySucceeded, TState state, CancellationToken cancellationToken)
   at Microsoft.EntityFrameworkCore.Storage.ExecutionStrategy.ExecuteAsync[TState,TResult](TState state, Func`4 operation, Func`4 verifySucceeded, CancellationToken cancellationToken)
   at Microsoft.EntityFrameworkCore.Query.Internal.SingleQueryingEnumerable`1.AsyncEnumerator.MoveNextAsync()
   at Microsoft.EntityFrameworkCore.Query.ShapedQueryCompilingExpressionVisitor.SingleOrDefaultAsync[TSource](IAsyncEnumerable`1 asyncEnumerable, CancellationToken cancellationToken)
   at Microsoft.EntityFrameworkCore.Query.ShapedQueryCompilingExpressionVisitor.SingleOrDefaultAsync[TSource](IAsyncEnumerable`1 asyncEnumerable, CancellationToken cancellationToken)
   at Water.Bill.API.Security.AuthoritySessionCookieEvents.ValidatePrincipal(CookieValidatePrincipalContext context) in C:\Users\Lekesh\Prince Yadav\Vedang Projects\Water Bill\VedangSoft.BPMS\Water.Bill\src\Water.Bill.API\Security\AuthoritySessionCookieEvents.cs:line 34
   at Microsoft.AspNetCore.Authentication.Cookies.CookieAuthenticationHandler.HandleAuthenticateAsync()
   at Microsoft.AspNetCore.Authentication.AuthenticationHandler`1.AuthenticateAsync()
   at Microsoft.AspNetCore.Authentication.AuthenticationService.AuthenticateAsync(HttpContext context, String scheme)
   at Water.Bill.API.Controllers.Mvc.AccountController.AuthStatus() in C:\Users\Lekesh\Prince Yadav\Vedang Projects\Water Bill\VedangSoft.BPMS\Water.Bill\src\Water.Bill.API\Controllers\Mvc\AccountController.cs:line 266
   at Microsoft.AspNetCore.Mvc.Infrastructure.ActionMethodExecutor.TaskOfIActionResultExecutor.Execute(ActionContext actionContext, IActionResultTypeMapper mapper, ObjectMethodExecutor executor, Object controller, Object[] arguments)
   at Microsoft.AspNetCore.Mvc.Infrastructure.ControllerActionInvoker.<InvokeActionMethodAsync>g__Awaited|12_0(ControllerActionInvoker invoker, ValueTask`1 actionResultValueTask)
   at Microsoft.AspNetCore.Mvc.Infrastructure.ControllerActionInvoker.<InvokeNextActionFilterAsync>g__Awaited|10_0(ControllerActionInvoker invoker, Task lastTask, State next, Scope scope, Object state, Boolean isCompleted)
   at Microsoft.AspNetCore.Mvc.Infrastructure.ControllerActionInvoker.Rethrow(ActionExecutedContextSealed context)
   at Microsoft.AspNetCore.Mvc.Infrastructure.ControllerActionInvoker.Next(State& next, Scope& scope, Object& state, Boolean& isCompleted)
   at Microsoft.AspNetCore.Mvc.Infrastructure.ControllerActionInvoker.InvokeInnerFilterAsync()
--- End of stack trace from previous location ---
   at Microsoft.AspNetCore.Mvc.Infrastructure.ResourceInvoker.<InvokeNextResourceFilter>g__Awaited|25_0(ResourceInvoker invoker, Task lastTask, State next, Scope scope, Object state, Boolean isCompleted)
   at Microsoft.AspNetCore.Mvc.Infrastructure.ResourceInvoker.Rethrow(ResourceExecutedContextSealed context)
   at Microsoft.AspNetCore.Mvc.Infrastructure.ResourceInvoker.Next(State& next, Scope& scope, Object& state, Boolean& isCompleted)
   at Microsoft.AspNetCore.Mvc.Infrastructure.ResourceInvoker.InvokeFilterPipelineAsync()
--- End of stack trace from previous location ---
   at Microsoft.AspNetCore.Mvc.Infrastructure.ResourceInvoker.<InvokeAsync>g__Awaited|17_0(ResourceInvoker invoker, Task task, IDisposable scope)
   at Microsoft.AspNetCore.Mvc.Infrastructure.ResourceInvoker.<InvokeAsync>g__Awaited|17_0(ResourceInvoker invoker, Task task, IDisposable scope)
   at Microsoft.AspNetCore.Authorization.AuthorizationMiddleware.Invoke(HttpContext context)
   at Program.<>c.<<<Main>$>b__0_5>d.MoveNext() in C:\Users\Lekesh\Prince Yadav\Vedang Projects\Water Bill\VedangSoft.BPMS\Water.Bill\src\Water.Bill.API\Program.cs:line 107
--- End of stack trace from previous location ---
   at Microsoft.AspNetCore.Authentication.AuthenticationMiddleware.Invoke(HttpContext context)
   at Water.Bill.Infrastructure.Middleware.GlobalExceptionLoggingMiddleware.InvokeAsync(HttpContext context) in C:\Users\Lekesh\Prince Yadav\Vedang Projects\Water Bill\VedangSoft.BPMS\Water.Bill\src\Water.Bill.Infrastructure\Middleware\GlobalExceptionLoggingMiddleware.cs:line 37
2026-06-24 20:24:00.227 +05:30 [ERR] Unhandled exception captured for /Account/AuthStatus. TraceId: 0HNMHVDCTCFS3:00000005
System.Threading.Tasks.TaskCanceledException: A task was canceled.
   at Microsoft.EntityFrameworkCore.Query.Internal.BufferedDataReader.BufferedDataRecord.InitializeAsync(DbDataReader reader, IReadOnlyList`1 columns, CancellationToken cancellationToken)
   at Microsoft.EntityFrameworkCore.Query.Internal.BufferedDataReader.InitializeAsync(IReadOnlyList`1 columns, CancellationToken cancellationToken)
   at Microsoft.EntityFrameworkCore.Query.Internal.BufferedDataReader.InitializeAsync(IReadOnlyList`1 columns, CancellationToken cancellationToken)
   at Microsoft.EntityFrameworkCore.Storage.RelationalCommand.ExecuteReaderAsync(RelationalCommandParameterObject parameterObject, CancellationToken cancellationToken)
   at Microsoft.EntityFrameworkCore.Storage.RelationalCommand.ExecuteReaderAsync(RelationalCommandParameterObject parameterObject, CancellationToken cancellationToken)
   at Microsoft.EntityFrameworkCore.Query.Internal.SingleQueryingEnumerable`1.AsyncEnumerator.InitializeReaderAsync(AsyncEnumerator enumerator, CancellationToken cancellationToken)
   at Microsoft.EntityFrameworkCore.Storage.ExecutionStrategy.<>c__DisplayClass30_0`2.<<ExecuteAsync>b__0>d.MoveNext()
--- End of stack trace from previous location ---
   at Microsoft.EntityFrameworkCore.Storage.ExecutionStrategy.ExecuteImplementationAsync[TState,TResult](Func`4 operation, Func`4 verifySucceeded, TState state, CancellationToken cancellationToken)
   at Microsoft.EntityFrameworkCore.Storage.ExecutionStrategy.ExecuteImplementationAsync[TState,TResult](Func`4 operation, Func`4 verifySucceeded, TState state, CancellationToken cancellationToken)
   at Microsoft.EntityFrameworkCore.Storage.ExecutionStrategy.ExecuteAsync[TState,TResult](TState state, Func`4 operation, Func`4 verifySucceeded, CancellationToken cancellationToken)
   at Microsoft.EntityFrameworkCore.Query.Internal.SingleQueryingEnumerable`1.AsyncEnumerator.MoveNextAsync()
   at Microsoft.EntityFrameworkCore.Query.ShapedQueryCompilingExpressionVisitor.SingleOrDefaultAsync[TSource](IAsyncEnumerable`1 asyncEnumerable, CancellationToken cancellationToken)
   at Microsoft.EntityFrameworkCore.Query.ShapedQueryCompilingExpressionVisitor.SingleOrDefaultAsync[TSource](IAsyncEnumerable`1 asyncEnumerable, CancellationToken cancellationToken)
   at Water.Bill.API.Security.AuthoritySessionCookieEvents.ValidatePrincipal(CookieValidatePrincipalContext context) in C:\Users\Lekesh\Prince Yadav\Vedang Projects\Water Bill\VedangSoft.BPMS\Water.Bill\src\Water.Bill.API\Security\AuthoritySessionCookieEvents.cs:line 34
   at Microsoft.AspNetCore.Authentication.Cookies.CookieAuthenticationHandler.HandleAuthenticateAsync()
   at Microsoft.AspNetCore.Authentication.AuthenticationHandler`1.AuthenticateAsync()
   at Microsoft.AspNetCore.Authentication.AuthenticationService.AuthenticateAsync(HttpContext context, String scheme)
   at Water.Bill.API.Controllers.Mvc.AccountController.AuthStatus() in C:\Users\Lekesh\Prince Yadav\Vedang Projects\Water Bill\VedangSoft.BPMS\Water.Bill\src\Water.Bill.API\Controllers\Mvc\AccountController.cs:line 266
   at Microsoft.AspNetCore.Mvc.Infrastructure.ActionMethodExecutor.TaskOfIActionResultExecutor.Execute(ActionContext actionContext, IActionResultTypeMapper mapper, ObjectMethodExecutor executor, Object controller, Object[] arguments)
   at Microsoft.AspNetCore.Mvc.Infrastructure.ControllerActionInvoker.<InvokeActionMethodAsync>g__Awaited|12_0(ControllerActionInvoker invoker, ValueTask`1 actionResultValueTask)
   at Microsoft.AspNetCore.Mvc.Infrastructure.ControllerActionInvoker.<InvokeNextActionFilterAsync>g__Awaited|10_0(ControllerActionInvoker invoker, Task lastTask, State next, Scope scope, Object state, Boolean isCompleted)
   at Microsoft.AspNetCore.Mvc.Infrastructure.ControllerActionInvoker.Rethrow(ActionExecutedContextSealed context)
   at Microsoft.AspNetCore.Mvc.Infrastructure.ControllerActionInvoker.Next(State& next, Scope& scope, Object& state, Boolean& isCompleted)
   at Microsoft.AspNetCore.Mvc.Infrastructure.ControllerActionInvoker.<InvokeInnerFilterAsync>g__Awaited|13_0(ControllerActionInvoker invoker, Task lastTask, State next, Scope scope, Object state, Boolean isCompleted)
   at Microsoft.AspNetCore.Mvc.Infrastructure.ResourceInvoker.<InvokeNextResourceFilter>g__Awaited|25_0(ResourceInvoker invoker, Task lastTask, State next, Scope scope, Object state, Boolean isCompleted)
   at Microsoft.AspNetCore.Mvc.Infrastructure.ResourceInvoker.Rethrow(ResourceExecutedContextSealed context)
   at Microsoft.AspNetCore.Mvc.Infrastructure.ResourceInvoker.Next(State& next, Scope& scope, Object& state, Boolean& isCompleted)
   at Microsoft.AspNetCore.Mvc.Infrastructure.ResourceInvoker.<InvokeFilterPipelineAsync>g__Awaited|20_0(ResourceInvoker invoker, Task lastTask, State next, Scope scope, Object state, Boolean isCompleted)
   at Microsoft.AspNetCore.Mvc.Infrastructure.ResourceInvoker.<InvokeAsync>g__Awaited|17_0(ResourceInvoker invoker, Task task, IDisposable scope)
   at Microsoft.AspNetCore.Mvc.Infrastructure.ResourceInvoker.<InvokeAsync>g__Awaited|17_0(ResourceInvoker invoker, Task task, IDisposable scope)
   at Microsoft.AspNetCore.Authorization.AuthorizationMiddleware.Invoke(HttpContext context)
   at Program.<>c.<<<Main>$>b__0_5>d.MoveNext() in C:\Users\Lekesh\Prince Yadav\Vedang Projects\Water Bill\VedangSoft.BPMS\Water.Bill\src\Water.Bill.API\Program.cs:line 107
--- End of stack trace from previous location ---
   at Microsoft.AspNetCore.Authentication.AuthenticationMiddleware.Invoke(HttpContext context)
   at Water.Bill.Infrastructure.Middleware.GlobalExceptionLoggingMiddleware.InvokeAsync(HttpContext context) in C:\Users\Lekesh\Prince Yadav\Vedang Projects\Water Bill\VedangSoft.BPMS\Water.Bill\src\Water.Bill.Infrastructure\Middleware\GlobalExceptionLoggingMiddleware.cs:line 37
2026-06-24 20:24:38.241 +05:30 [INF] Now listening on: https://localhost:7183
2026-06-24 20:24:40.270 +05:30 [INF] Now listening on: http://localhost:5264
2026-06-24 20:24:40.802 +05:30 [INF] Application started. Press Ctrl+C to shut down.
2026-06-24 20:24:40.810 +05:30 [INF] Hosting environment: Development
2026-06-24 20:24:40.812 +05:30 [INF] Content root path: C:\Users\Lekesh\Prince Yadav\Vedang Projects\Water Bill\VedangSoft.BPMS\Water.Bill\src\Water.Bill.API
2026-06-24 20:24:50.248 +05:30 [WRN] The 'bool' property 'IsActive' on entity type 'AuthorityLoginOtpVerification' is configured with a database-generated default, but has no configured sentinel value. The database-generated default will always be used for inserts when the property has the value 'False', since this is the CLR default for the 'bool' type. Consider using a nullable type, using a nullable backing field, or setting the sentinel value for the property to ensure the database default is used when, and only when, appropriate. See https://aka.ms/efcore-docs-default-values for more information.
2026-06-24 20:24:50.418 +05:30 [WRN] The 'bool' property 'IsDeleted' on entity type 'AuthorityLoginOtpVerification' is configured with a database-generated default, but has no configured sentinel value. The database-generated default will always be used for inserts when the property has the value 'False', since this is the CLR default for the 'bool' type. Consider using a nullable type, using a nullable backing field, or setting the sentinel value for the property to ensure the database default is used when, and only when, appropriate. See https://aka.ms/efcore-docs-default-values for more information.
2026-06-24 20:24:50.773 +05:30 [WRN] The 'bool' property 'IsActive' on entity type 'CommunicationPurpose' is configured with a database-generated default, but has no configured sentinel value. The database-generated default will always be used for inserts when the property has the value 'False', since this is the CLR default for the 'bool' type. Consider using a nullable type, using a nullable backing field, or setting the sentinel value for the property to ensure the database default is used when, and only when, appropriate. See https://aka.ms/efcore-docs-default-values for more information.
2026-06-24 20:24:50.782 +05:30 [WRN] The 'bool' property 'IsSystem' on entity type 'CommunicationPurpose' is configured with a database-generated default, but has no configured sentinel value. The database-generated default will always be used for inserts when the property has the value 'False', since this is the CLR default for the 'bool' type. Consider using a nullable type, using a nullable backing field, or setting the sentinel value for the property to ensure the database default is used when, and only when, appropriate. See https://aka.ms/efcore-docs-default-values for more information.
2026-06-24 20:24:50.794 +05:30 [WRN] The 'bool' property 'IsActive' on entity type 'CommunicationTemplate' is configured with a database-generated default, but has no configured sentinel value. The database-generated default will always be used for inserts when the property has the value 'False', since this is the CLR default for the 'bool' type. Consider using a nullable type, using a nullable backing field, or setting the sentinel value for the property to ensure the database default is used when, and only when, appropriate. See https://aka.ms/efcore-docs-default-values for more information.
2026-06-24 20:24:50.805 +05:30 [WRN] The 'bool' property 'IsDefault' on entity type 'CommunicationTemplate' is configured with a database-generated default, but has no configured sentinel value. The database-generated default will always be used for inserts when the property has the value 'False', since this is the CLR default for the 'bool' type. Consider using a nullable type, using a nullable backing field, or setting the sentinel value for the property to ensure the database default is used when, and only when, appropriate. See https://aka.ms/efcore-docs-default-values for more information.
2026-06-24 20:24:50.815 +05:30 [WRN] The 'bool' property 'IsDeleted' on entity type 'CommunicationTemplate' is configured with a database-generated default, but has no configured sentinel value. The database-generated default will always be used for inserts when the property has the value 'False', since this is the CLR default for the 'bool' type. Consider using a nullable type, using a nullable backing field, or setting the sentinel value for the property to ensure the database default is used when, and only when, appropriate. See https://aka.ms/efcore-docs-default-values for more information.
2026-06-24 20:24:50.828 +05:30 [WRN] The 'bool' property 'IsActive' on entity type 'ConsumerOtpVerification' is configured with a database-generated default, but has no configured sentinel value. The database-generated default will always be used for inserts when the property has the value 'False', since this is the CLR default for the 'bool' type. Consider using a nullable type, using a nullable backing field, or setting the sentinel value for the property to ensure the database default is used when, and only when, appropriate. See https://aka.ms/efcore-docs-default-values for more information.
2026-06-24 20:24:50.859 +05:30 [WRN] The 'bool' property 'IsDeleted' on entity type 'ConsumerOtpVerification' is configured with a database-generated default, but has no configured sentinel value. The database-generated default will always be used for inserts when the property has the value 'False', since this is the CLR default for the 'bool' type. Consider using a nullable type, using a nullable backing field, or setting the sentinel value for the property to ensure the database default is used when, and only when, appropriate. See https://aka.ms/efcore-docs-default-values for more information.
2026-06-24 20:24:50.883 +05:30 [WRN] The 'bool' property 'IsDeleted' on entity type 'InAppNotification' is configured with a database-generated default, but has no configured sentinel value. The database-generated default will always be used for inserts when the property has the value 'False', since this is the CLR default for the 'bool' type. Consider using a nullable type, using a nullable backing field, or setting the sentinel value for the property to ensure the database default is used when, and only when, appropriate. See https://aka.ms/efcore-docs-default-values for more information.
2026-06-24 20:24:50.894 +05:30 [WRN] The 'bool' property 'IsRead' on entity type 'InAppNotification' is configured with a database-generated default, but has no configured sentinel value. The database-generated default will always be used for inserts when the property has the value 'False', since this is the CLR default for the 'bool' type. Consider using a nullable type, using a nullable backing field, or setting the sentinel value for the property to ensure the database default is used when, and only when, appropriate. See https://aka.ms/efcore-docs-default-values for more information.
2026-06-24 20:24:50.902 +05:30 [WRN] The 'bool' property 'ShowInSidebar' on entity type 'Menuitem' is configured with a database-generated default, but has no configured sentinel value. The database-generated default will always be used for inserts when the property has the value 'False', since this is the CLR default for the 'bool' type. Consider using a nullable type, using a nullable backing field, or setting the sentinel value for the property to ensure the database default is used when, and only when, appropriate. See https://aka.ms/efcore-docs-default-values for more information.
2026-06-24 20:24:50.912 +05:30 [WRN] The 'bool' property 'IsActive' on entity type 'PermissionModule' is configured with a database-generated default, but has no configured sentinel value. The database-generated default will always be used for inserts when the property has the value 'False', since this is the CLR default for the 'bool' type. Consider using a nullable type, using a nullable backing field, or setting the sentinel value for the property to ensure the database default is used when, and only when, appropriate. See https://aka.ms/efcore-docs-default-values for more information.
2026-06-24 20:24:50.923 +05:30 [WRN] The 'bool' property 'IsDeleted' on entity type 'PermissionModule' is configured with a database-generated default, but has no configured sentinel value. The database-generated default will always be used for inserts when the property has the value 'False', since this is the CLR default for the 'bool' type. Consider using a nullable type, using a nullable backing field, or setting the sentinel value for the property to ensure the database default is used when, and only when, appropriate. See https://aka.ms/efcore-docs-default-values for more information.
2026-06-24 20:27:17.482 +05:30 [WRN] Savepoints are disabled because Multiple Active Result Sets (MARS) is enabled. If 'SaveChanges' fails, then the transaction cannot be automatically rolled back to a known clean state. Instead, the transaction should be rolled back by the application before retrying 'SaveChanges'. See https://go.microsoft.com/fwlink/?linkid=2149338 for more information and examples. To identify the code which triggers this warning, call 'ConfigureWarnings(w => w.Throw(SqlServerEventId.SavepointsDisabledBecauseOfMARS))'.
2026-06-24 20:27:21.989 +05:30 [INF] Email sent successfully. Host=smtp.gmail.com, Port=587, EnableSsl=true, FromEmail=vedangofficeserver@gmail.com, RecipientEmail=princetest33@gmail.com, Subject=Application NC20260624125123599858 forwarded
2026-06-24 20:30:01.203 +05:30 [ERR] Unhandled exception captured for /NotificationManagement/GetUnreadCount. TraceId: 0HNMI021ML7S3:00000007
System.OperationCanceledException: The operation was canceled.
   at System.Threading.CancellationToken.ThrowOperationCanceledException()
   at Microsoft.EntityFrameworkCore.Storage.ExecutionStrategy.ExecuteImplementationAsync[TState,TResult](Func`4 operation, Func`4 verifySucceeded, TState state, CancellationToken cancellationToken)
   at Microsoft.EntityFrameworkCore.Storage.ExecutionStrategy.ExecuteAsync[TState,TResult](TState state, Func`4 operation, Func`4 verifySucceeded, CancellationToken cancellationToken)
   at Microsoft.EntityFrameworkCore.Query.Internal.SingleQueryingEnumerable`1.AsyncEnumerator.MoveNextAsync()
   at Microsoft.EntityFrameworkCore.Query.ShapedQueryCompilingExpressionVisitor.SingleOrDefaultAsync[TSource](IAsyncEnumerable`1 asyncEnumerable, CancellationToken cancellationToken)
   at Microsoft.EntityFrameworkCore.Query.ShapedQueryCompilingExpressionVisitor.SingleOrDefaultAsync[TSource](IAsyncEnumerable`1 asyncEnumerable, CancellationToken cancellationToken)
   at Water.Bill.API.Security.AuthoritySessionCookieEvents.ValidatePrincipal(CookieValidatePrincipalContext context) in C:\Users\Lekesh\Prince Yadav\Vedang Projects\Water Bill\VedangSoft.BPMS\Water.Bill\src\Water.Bill.API\Security\AuthoritySessionCookieEvents.cs:line 34
   at Microsoft.AspNetCore.Authentication.Cookies.CookieAuthenticationHandler.HandleAuthenticateAsync()
   at Microsoft.AspNetCore.Authentication.AuthenticationHandler`1.AuthenticateAsync()
   at Microsoft.AspNetCore.Authentication.AuthenticationService.AuthenticateAsync(HttpContext context, String scheme)
   at Microsoft.AspNetCore.Authorization.Policy.PolicyEvaluator.AuthenticateAsync(AuthorizationPolicy policy, HttpContext context)
   at Microsoft.AspNetCore.Authorization.AuthorizationMiddleware.Invoke(HttpContext context)
   at Program.<>c.<<<Main>$>b__0_5>d.MoveNext() in C:\Users\Lekesh\Prince Yadav\Vedang Projects\Water Bill\VedangSoft.BPMS\Water.Bill\src\Water.Bill.API\Program.cs:line 107
--- End of stack trace from previous location ---
   at Microsoft.AspNetCore.Authentication.AuthenticationMiddleware.Invoke(HttpContext context)
   at Water.Bill.Infrastructure.Middleware.GlobalExceptionLoggingMiddleware.InvokeAsync(HttpContext context) in C:\Users\Lekesh\Prince Yadav\Vedang Projects\Water Bill\VedangSoft.BPMS\Water.Bill\src\Water.Bill.Infrastructure\Middleware\GlobalExceptionLoggingMiddleware.cs:line 37
2026-06-24 20:30:01.203 +05:30 [ERR] Unhandled exception captured for /NotificationManagement/GetUnreadCount. TraceId: 0HNMI021ML7S2:00000095
System.OperationCanceledException: The operation was canceled.
   at System.Threading.CancellationToken.ThrowOperationCanceledException()
   at Microsoft.EntityFrameworkCore.Storage.ExecutionStrategy.ExecuteImplementationAsync[TState,TResult](Func`4 operation, Func`4 verifySucceeded, TState state, CancellationToken cancellationToken)
   at Microsoft.EntityFrameworkCore.Storage.ExecutionStrategy.ExecuteAsync[TState,TResult](TState state, Func`4 operation, Func`4 verifySucceeded, CancellationToken cancellationToken)
   at Microsoft.EntityFrameworkCore.Query.Internal.SingleQueryingEnumerable`1.AsyncEnumerator.MoveNextAsync()
   at Microsoft.EntityFrameworkCore.Query.ShapedQueryCompilingExpressionVisitor.SingleOrDefaultAsync[TSource](IAsyncEnumerable`1 asyncEnumerable, CancellationToken cancellationToken)
   at Microsoft.EntityFrameworkCore.Query.ShapedQueryCompilingExpressionVisitor.SingleOrDefaultAsync[TSource](IAsyncEnumerable`1 asyncEnumerable, CancellationToken cancellationToken)
   at Water.Bill.API.Security.AuthoritySessionCookieEvents.ValidatePrincipal(CookieValidatePrincipalContext context) in C:\Users\Lekesh\Prince Yadav\Vedang Projects\Water Bill\VedangSoft.BPMS\Water.Bill\src\Water.Bill.API\Security\AuthoritySessionCookieEvents.cs:line 34
   at Microsoft.AspNetCore.Authentication.Cookies.CookieAuthenticationHandler.HandleAuthenticateAsync()
   at Microsoft.AspNetCore.Authentication.AuthenticationHandler`1.AuthenticateAsync()
   at Microsoft.AspNetCore.Authentication.AuthenticationService.AuthenticateAsync(HttpContext context, String scheme)
   at Microsoft.AspNetCore.Authorization.Policy.PolicyEvaluator.AuthenticateAsync(AuthorizationPolicy policy, HttpContext context)
   at Microsoft.AspNetCore.Authorization.AuthorizationMiddleware.Invoke(HttpContext context)
   at Program.<>c.<<<Main>$>b__0_5>d.MoveNext() in C:\Users\Lekesh\Prince Yadav\Vedang Projects\Water Bill\VedangSoft.BPMS\Water.Bill\src\Water.Bill.API\Program.cs:line 107
--- End of stack trace from previous location ---
   at Microsoft.AspNetCore.Authentication.AuthenticationMiddleware.Invoke(HttpContext context)
   at Water.Bill.Infrastructure.Middleware.GlobalExceptionLoggingMiddleware.InvokeAsync(HttpContext context) in C:\Users\Lekesh\Prince Yadav\Vedang Projects\Water Bill\VedangSoft.BPMS\Water.Bill\src\Water.Bill.Infrastructure\Middleware\GlobalExceptionLoggingMiddleware.cs:line 37
2026-06-24 20:30:29.539 +05:30 [ERR] Unhandled exception captured for /Approvals/Action. TraceId: 0HNMI021ML7S2:00000093
System.Threading.Tasks.TaskCanceledException: A task was canceled.
   at Microsoft.EntityFrameworkCore.Storage.RelationalCommand.ExecuteReaderAsync(RelationalCommandParameterObject parameterObject, CancellationToken cancellationToken)
   at Microsoft.EntityFrameworkCore.Storage.RelationalCommand.ExecuteReaderAsync(RelationalCommandParameterObject parameterObject, CancellationToken cancellationToken)
   at Microsoft.EntityFrameworkCore.Query.Internal.SingleQueryingEnumerable`1.AsyncEnumerator.InitializeReaderAsync(AsyncEnumerator enumerator, CancellationToken cancellationToken)
   at Microsoft.EntityFrameworkCore.Storage.ExecutionStrategy.ExecuteAsync[TState,TResult](TState state, Func`4 operation, Func`4 verifySucceeded, CancellationToken cancellationToken)
   at Microsoft.EntityFrameworkCore.Query.Internal.SingleQueryingEnumerable`1.AsyncEnumerator.MoveNextAsync()
   at Microsoft.EntityFrameworkCore.Query.ShapedQueryCompilingExpressionVisitor.SingleOrDefaultAsync[TSource](IAsyncEnumerable`1 asyncEnumerable, CancellationToken cancellationToken)
   at Microsoft.EntityFrameworkCore.Query.ShapedQueryCompilingExpressionVisitor.SingleOrDefaultAsync[TSource](IAsyncEnumerable`1 asyncEnumerable, CancellationToken cancellationToken)
   at Water.Bill.Infrastructure.Services.WorkflowService.ResolveWorkflowDivisionDevTypeAsync(Int64 workflowInstanceId, CancellationToken ct) in C:\Users\Lekesh\Prince Yadav\Vedang Projects\Water Bill\VedangSoft.BPMS\Water.Bill\src\Water.Bill.Infrastructure\Services\WorkflowService.cs:line 1275
   at Water.Bill.Infrastructure.Services.WorkflowService.SendStageAssignmentInAppAsync(Int64 instanceId, Int64 applicationId, String applicationNo, WorkflowStage stage, DateTime now, CancellationToken ct) in C:\Users\Lekesh\Prince Yadav\Vedang Projects\Water Bill\VedangSoft.BPMS\Water.Bill\src\Water.Bill.Infrastructure\Services\WorkflowService.cs:line 1229
   at Water.Bill.Infrastructure.Services.WorkflowService.<>c__DisplayClass33_0.<<ProcessActionAsync>b__0>d.MoveNext() in C:\Users\Lekesh\Prince Yadav\Vedang Projects\Water Bill\VedangSoft.BPMS\Water.Bill\src\Water.Bill.Infrastructure\Services\WorkflowService.cs:line 366
--- End of stack trace from previous location ---
   at Water.Bill.Infrastructure.Services.WorkflowService.<>c__DisplayClass33_0.<<ProcessActionAsync>b__0>d.MoveNext() in C:\Users\Lekesh\Prince Yadav\Vedang Projects\Water Bill\VedangSoft.BPMS\Water.Bill\src\Water.Bill.Infrastructure\Services\WorkflowService.cs:line 752
--- End of stack trace from previous location ---
   at Microsoft.EntityFrameworkCore.ExecutionStrategyExtensions.<>c.<<ExecuteAsync>b__3_0>d.MoveNext()
--- End of stack trace from previous location ---
   at Microsoft.EntityFrameworkCore.Storage.ExecutionStrategy.<>c__DisplayClass30_0`2.<<ExecuteAsync>b__0>d.MoveNext()
--- End of stack trace from previous location ---
   at Microsoft.EntityFrameworkCore.Storage.ExecutionStrategy.ExecuteImplementationAsync[TState,TResult](Func`4 operation, Func`4 verifySucceeded, TState state, CancellationToken cancellationToken)
   at Microsoft.EntityFrameworkCore.Storage.ExecutionStrategy.ExecuteImplementationAsync[TState,TResult](Func`4 operation, Func`4 verifySucceeded, TState state, CancellationToken cancellationToken)
   at Microsoft.EntityFrameworkCore.Storage.ExecutionStrategy.ExecuteAsync[TState,TResult](TState state, Func`4 operation, Func`4 verifySucceeded, CancellationToken cancellationToken)
   at Water.Bill.Infrastructure.Services.WorkflowService.ProcessActionAsync(WorkflowActionRequest request, CancellationToken ct) in C:\Users\Lekesh\Prince Yadav\Vedang Projects\Water Bill\VedangSoft.BPMS\Water.Bill\src\Water.Bill.Infrastructure\Services\WorkflowService.cs:line 198
   at Water.Bill.API.Controllers.Mvc.ApprovalsController.Action(Int64 taskId, String actionType, String remarks, Nullable`1 forwardToUserId, CancellationToken ct) in C:\Users\Lekesh\Prince Yadav\Vedang Projects\Water Bill\VedangSoft.BPMS\Water.Bill\src\Water.Bill.API\Controllers\Mvc\ApprovalsController.cs:line 505
   at Microsoft.AspNetCore.Mvc.Infrastructure.ActionMethodExecutor.TaskOfIActionResultExecutor.Execute(ActionContext actionContext, IActionResultTypeMapper mapper, ObjectMethodExecutor executor, Object controller, Object[] arguments)
   at Microsoft.AspNetCore.Mvc.Infrastructure.ControllerActionInvoker.<InvokeActionMethodAsync>g__Awaited|12_0(ControllerActionInvoker invoker, ValueTask`1 actionResultValueTask)
   at Microsoft.AspNetCore.Mvc.Infrastructure.ControllerActionInvoker.<InvokeNextActionFilterAsync>g__Awaited|10_0(ControllerActionInvoker invoker, Task lastTask, State next, Scope scope, Object state, Boolean isCompleted)
   at Microsoft.AspNetCore.Mvc.Infrastructure.ControllerActionInvoker.Rethrow(ActionExecutedContextSealed context)
   at Microsoft.AspNetCore.Mvc.Infrastructure.ControllerActionInvoker.Next(State& next, Scope& scope, Object& state, Boolean& isCompleted)
   at Microsoft.AspNetCore.Mvc.Infrastructure.ControllerActionInvoker.<InvokeInnerFilterAsync>g__Awaited|13_0(ControllerActionInvoker invoker, Task lastTask, State next, Scope scope, Object state, Boolean isCompleted)
   at Microsoft.AspNetCore.Mvc.Infrastructure.ResourceInvoker.<InvokeNextResourceFilter>g__Awaited|25_0(ResourceInvoker invoker, Task lastTask, State next, Scope scope, Object state, Boolean isCompleted)
   at Microsoft.AspNetCore.Mvc.Infrastructure.ResourceInvoker.Rethrow(ResourceExecutedContextSealed context)
   at Microsoft.AspNetCore.Mvc.Infrastructure.ResourceInvoker.Next(State& next, Scope& scope, Object& state, Boolean& isCompleted)
   at Microsoft.AspNetCore.Mvc.Infrastructure.ResourceInvoker.<InvokeFilterPipelineAsync>g__Awaited|20_0(ResourceInvoker invoker, Task lastTask, State next, Scope scope, Object state, Boolean isCompleted)
   at Microsoft.AspNetCore.Mvc.Infrastructure.ResourceInvoker.<InvokeAsync>g__Awaited|17_0(ResourceInvoker invoker, Task task, IDisposable scope)
   at Microsoft.AspNetCore.Mvc.Infrastructure.ResourceInvoker.<InvokeAsync>g__Awaited|17_0(ResourceInvoker invoker, Task task, IDisposable scope)
   at Microsoft.AspNetCore.Authorization.AuthorizationMiddleware.Invoke(HttpContext context)
   at Program.<>c.<<<Main>$>b__0_5>d.MoveNext() in C:\Users\Lekesh\Prince Yadav\Vedang Projects\Water Bill\VedangSoft.BPMS\Water.Bill\src\Water.Bill.API\Program.cs:line 107
--- End of stack trace from previous location ---
   at Microsoft.AspNetCore.Authentication.AuthenticationMiddleware.Invoke(HttpContext context)
   at Water.Bill.Infrastructure.Middleware.GlobalExceptionLoggingMiddleware.InvokeAsync(HttpContext context) in C:\Users\Lekesh\Prince Yadav\Vedang Projects\Water Bill\VedangSoft.BPMS\Water.Bill\src\Water.Bill.Infrastructure\Middleware\GlobalExceptionLoggingMiddleware.cs:line 37
2026-06-24 20:33:20.508 +05:30 [ERR] Unhandled exception captured for /NotificationManagement/GetUnreadCount. TraceId: 0HNMI021ML7S7:00000005
System.OperationCanceledException: The operation was canceled.
   at System.Threading.CancellationToken.ThrowOperationCanceledException()
   at Microsoft.EntityFrameworkCore.Storage.ExecutionStrategy.ExecuteImplementationAsync[TState,TResult](Func`4 operation, Func`4 verifySucceeded, TState state, CancellationToken cancellationToken)
   at Microsoft.EntityFrameworkCore.Storage.ExecutionStrategy.ExecuteAsync[TState,TResult](TState state, Func`4 operation, Func`4 verifySucceeded, CancellationToken cancellationToken)
   at Microsoft.EntityFrameworkCore.Query.Internal.SingleQueryingEnumerable`1.AsyncEnumerator.MoveNextAsync()
   at Microsoft.EntityFrameworkCore.Query.ShapedQueryCompilingExpressionVisitor.SingleOrDefaultAsync[TSource](IAsyncEnumerable`1 asyncEnumerable, CancellationToken cancellationToken)
   at Microsoft.EntityFrameworkCore.Query.ShapedQueryCompilingExpressionVisitor.SingleOrDefaultAsync[TSource](IAsyncEnumerable`1 asyncEnumerable, CancellationToken cancellationToken)
   at Water.Bill.API.Security.AuthoritySessionCookieEvents.ValidatePrincipal(CookieValidatePrincipalContext context) in C:\Users\Lekesh\Prince Yadav\Vedang Projects\Water Bill\VedangSoft.BPMS\Water.Bill\src\Water.Bill.API\Security\AuthoritySessionCookieEvents.cs:line 34
   at Microsoft.AspNetCore.Authentication.Cookies.CookieAuthenticationHandler.HandleAuthenticateAsync()
   at Microsoft.AspNetCore.Authentication.AuthenticationHandler`1.AuthenticateAsync()
   at Microsoft.AspNetCore.Authentication.AuthenticationService.AuthenticateAsync(HttpContext context, String scheme)
   at Microsoft.AspNetCore.Authorization.Policy.PolicyEvaluator.AuthenticateAsync(AuthorizationPolicy policy, HttpContext context)
   at Microsoft.AspNetCore.Authorization.AuthorizationMiddleware.Invoke(HttpContext context)
   at Program.<>c.<<<Main>$>b__0_5>d.MoveNext() in C:\Users\Lekesh\Prince Yadav\Vedang Projects\Water Bill\VedangSoft.BPMS\Water.Bill\src\Water.Bill.API\Program.cs:line 107
--- End of stack trace from previous location ---
   at Microsoft.AspNetCore.Authentication.AuthenticationMiddleware.Invoke(HttpContext context)
   at Water.Bill.Infrastructure.Middleware.GlobalExceptionLoggingMiddleware.InvokeAsync(HttpContext context) in C:\Users\Lekesh\Prince Yadav\Vedang Projects\Water Bill\VedangSoft.BPMS\Water.Bill\src\Water.Bill.Infrastructure\Middleware\GlobalExceptionLoggingMiddleware.cs:line 37
2026-06-24 20:39:26.931 +05:30 [ERR] Unhandled exception captured for /NotificationManagement/GetUnreadCount. TraceId: 0HNMI021ML7S8:00000007
System.OperationCanceledException: The operation was canceled.
   at System.Threading.CancellationToken.ThrowOperationCanceledException()
   at System.Threading.CancellationToken.ThrowIfCancellationRequested()
   at Microsoft.EntityFrameworkCore.Storage.ExecutionStrategy.ExecuteImplementationAsync[TState,TResult](Func`4 operation, Func`4 verifySucceeded, TState state, CancellationToken cancellationToken)
   at Microsoft.EntityFrameworkCore.Storage.ExecutionStrategy.ExecuteAsync[TState,TResult](TState state, Func`4 operation, Func`4 verifySucceeded, CancellationToken cancellationToken)
   at Microsoft.EntityFrameworkCore.Query.Internal.SingleQueryingEnumerable`1.AsyncEnumerator.MoveNextAsync()
   at Microsoft.EntityFrameworkCore.Query.ShapedQueryCompilingExpressionVisitor.SingleOrDefaultAsync[TSource](IAsyncEnumerable`1 asyncEnumerable, CancellationToken cancellationToken)
   at Microsoft.EntityFrameworkCore.Query.ShapedQueryCompilingExpressionVisitor.SingleOrDefaultAsync[TSource](IAsyncEnumerable`1 asyncEnumerable, CancellationToken cancellationToken)
   at Water.Bill.API.Security.AuthoritySessionCookieEvents.ValidatePrincipal(CookieValidatePrincipalContext context) in C:\Users\Lekesh\Prince Yadav\Vedang Projects\Water Bill\VedangSoft.BPMS\Water.Bill\src\Water.Bill.API\Security\AuthoritySessionCookieEvents.cs:line 34
   at Microsoft.AspNetCore.Authentication.Cookies.CookieAuthenticationHandler.HandleAuthenticateAsync()
   at Microsoft.AspNetCore.Authentication.AuthenticationHandler`1.AuthenticateAsync()
   at Microsoft.AspNetCore.Authentication.AuthenticationService.AuthenticateAsync(HttpContext context, String scheme)
   at Microsoft.AspNetCore.Authorization.Policy.PolicyEvaluator.AuthenticateAsync(AuthorizationPolicy policy, HttpContext context)
   at Microsoft.AspNetCore.Authorization.AuthorizationMiddleware.Invoke(HttpContext context)
   at Program.<>c.<<<Main>$>b__0_5>d.MoveNext() in C:\Users\Lekesh\Prince Yadav\Vedang Projects\Water Bill\VedangSoft.BPMS\Water.Bill\src\Water.Bill.API\Program.cs:line 107
--- End of stack trace from previous location ---
   at Microsoft.AspNetCore.Authentication.AuthenticationMiddleware.Invoke(HttpContext context)
   at Water.Bill.Infrastructure.Middleware.GlobalExceptionLoggingMiddleware.InvokeAsync(HttpContext context) in C:\Users\Lekesh\Prince Yadav\Vedang Projects\Water Bill\VedangSoft.BPMS\Water.Bill\src\Water.Bill.Infrastructure\Middleware\GlobalExceptionLoggingMiddleware.cs:line 37
2026-06-24 20:39:35.525 +05:30 [ERR] Unhandled exception captured for /NotificationManagement/GetUnreadCount. TraceId: 0HNMI021ML7SB:00000007
System.OperationCanceledException: The operation was canceled.
   at System.Threading.CancellationToken.ThrowOperationCanceledException()
   at System.Threading.CancellationToken.ThrowIfCancellationRequested()
   at Microsoft.EntityFrameworkCore.Storage.ExecutionStrategy.ExecuteImplementationAsync[TState,TResult](Func`4 operation, Func`4 verifySucceeded, TState state, CancellationToken cancellationToken)
   at Microsoft.EntityFrameworkCore.Storage.ExecutionStrategy.ExecuteAsync[TState,TResult](TState state, Func`4 operation, Func`4 verifySucceeded, CancellationToken cancellationToken)
   at Microsoft.EntityFrameworkCore.Query.Internal.SingleQueryingEnumerable`1.AsyncEnumerator.MoveNextAsync()
   at Microsoft.EntityFrameworkCore.Query.ShapedQueryCompilingExpressionVisitor.SingleOrDefaultAsync[TSource](IAsyncEnumerable`1 asyncEnumerable, CancellationToken cancellationToken)
   at Microsoft.EntityFrameworkCore.Query.ShapedQueryCompilingExpressionVisitor.SingleOrDefaultAsync[TSource](IAsyncEnumerable`1 asyncEnumerable, CancellationToken cancellationToken)
   at Water.Bill.API.Security.AuthoritySessionCookieEvents.ValidatePrincipal(CookieValidatePrincipalContext context) in C:\Users\Lekesh\Prince Yadav\Vedang Projects\Water Bill\VedangSoft.BPMS\Water.Bill\src\Water.Bill.API\Security\AuthoritySessionCookieEvents.cs:line 34
   at Microsoft.AspNetCore.Authentication.Cookies.CookieAuthenticationHandler.HandleAuthenticateAsync()
   at Microsoft.AspNetCore.Authentication.AuthenticationHandler`1.AuthenticateAsync()
   at Microsoft.AspNetCore.Authentication.AuthenticationService.AuthenticateAsync(HttpContext context, String scheme)
   at Microsoft.AspNetCore.Authorization.Policy.PolicyEvaluator.AuthenticateAsync(AuthorizationPolicy policy, HttpContext context)
   at Microsoft.AspNetCore.Authorization.AuthorizationMiddleware.Invoke(HttpContext context)
   at Program.<>c.<<<Main>$>b__0_5>d.MoveNext() in C:\Users\Lekesh\Prince Yadav\Vedang Projects\Water Bill\VedangSoft.BPMS\Water.Bill\src\Water.Bill.API\Program.cs:line 107
--- End of stack trace from previous location ---
   at Microsoft.AspNetCore.Authentication.AuthenticationMiddleware.Invoke(HttpContext context)
   at Water.Bill.Infrastructure.Middleware.GlobalExceptionLoggingMiddleware.InvokeAsync(HttpContext context) in C:\Users\Lekesh\Prince Yadav\Vedang Projects\Water Bill\VedangSoft.BPMS\Water.Bill\src\Water.Bill.Infrastructure\Middleware\GlobalExceptionLoggingMiddleware.cs:line 37
2026-06-24 20:39:51.346 +05:30 [WRN] Savepoints are disabled because Multiple Active Result Sets (MARS) is enabled. If 'SaveChanges' fails, then the transaction cannot be automatically rolled back to a known clean state. Instead, the transaction should be rolled back by the application before retrying 'SaveChanges'. See https://go.microsoft.com/fwlink/?linkid=2149338 for more information and examples. To identify the code which triggers this warning, call 'ConfigureWarnings(w => w.Throw(SqlServerEventId.SavepointsDisabledBecauseOfMARS))'.
2026-06-24 20:40:25.486 +05:30 [INF] Email sent successfully. Host=smtp.gmail.com, Port=587, EnableSsl=true, FromEmail=vedangofficeserver@gmail.com, RecipientEmail=princetest33@gmail.com, Subject=Application NC20260624180839174766 forwarded
2026-06-24 21:13:50.225 +05:30 [INF] Now listening on: https://localhost:7183
2026-06-24 21:13:50.393 +05:30 [INF] Now listening on: http://localhost:5264
2026-06-24 21:13:50.670 +05:30 [INF] Application started. Press Ctrl+C to shut down.
2026-06-24 21:13:50.672 +05:30 [INF] Hosting environment: Development
2026-06-24 21:13:50.674 +05:30 [INF] Content root path: C:\Users\Lekesh\Prince Yadav\Vedang Projects\Water Bill\VedangSoft.BPMS\Water.Bill\src\Water.Bill.API
2026-06-24 21:14:01.489 +05:30 [WRN] The 'bool' property 'IsActive' on entity type 'AuthorityLoginOtpVerification' is configured with a database-generated default, but has no configured sentinel value. The database-generated default will always be used for inserts when the property has the value 'False', since this is the CLR default for the 'bool' type. Consider using a nullable type, using a nullable backing field, or setting the sentinel value for the property to ensure the database default is used when, and only when, appropriate. See https://aka.ms/efcore-docs-default-values for more information.
2026-06-24 21:14:01.520 +05:30 [WRN] The 'bool' property 'IsDeleted' on entity type 'AuthorityLoginOtpVerification' is configured with a database-generated default, but has no configured sentinel value. The database-generated default will always be used for inserts when the property has the value 'False', since this is the CLR default for the 'bool' type. Consider using a nullable type, using a nullable backing field, or setting the sentinel value for the property to ensure the database default is used when, and only when, appropriate. See https://aka.ms/efcore-docs-default-values for more information.
2026-06-24 21:14:01.539 +05:30 [WRN] The 'bool' property 'IsActive' on entity type 'CommunicationPurpose' is configured with a database-generated default, but has no configured sentinel value. The database-generated default will always be used for inserts when the property has the value 'False', since this is the CLR default for the 'bool' type. Consider using a nullable type, using a nullable backing field, or setting the sentinel value for the property to ensure the database default is used when, and only when, appropriate. See https://aka.ms/efcore-docs-default-values for more information.
2026-06-24 21:14:01.569 +05:30 [WRN] The 'bool' property 'IsSystem' on entity type 'CommunicationPurpose' is configured with a database-generated default, but has no configured sentinel value. The database-generated default will always be used for inserts when the property has the value 'False', since this is the CLR default for the 'bool' type. Consider using a nullable type, using a nullable backing field, or setting the sentinel value for the property to ensure the database default is used when, and only when, appropriate. See https://aka.ms/efcore-docs-default-values for more information.
2026-06-24 21:14:01.605 +05:30 [WRN] The 'bool' property 'IsActive' on entity type 'CommunicationTemplate' is configured with a database-generated default, but has no configured sentinel value. The database-generated default will always be used for inserts when the property has the value 'False', since this is the CLR default for the 'bool' type. Consider using a nullable type, using a nullable backing field, or setting the sentinel value for the property to ensure the database default is used when, and only when, appropriate. See https://aka.ms/efcore-docs-default-values for more information.
2026-06-24 21:14:01.628 +05:30 [WRN] The 'bool' property 'IsDefault' on entity type 'CommunicationTemplate' is configured with a database-generated default, but has no configured sentinel value. The database-generated default will always be used for inserts when the property has the value 'False', since this is the CLR default for the 'bool' type. Consider using a nullable type, using a nullable backing field, or setting the sentinel value for the property to ensure the database default is used when, and only when, appropriate. See https://aka.ms/efcore-docs-default-values for more information.
2026-06-24 21:14:01.677 +05:30 [WRN] The 'bool' property 'IsDeleted' on entity type 'CommunicationTemplate' is configured with a database-generated default, but has no configured sentinel value. The database-generated default will always be used for inserts when the property has the value 'False', since this is the CLR default for the 'bool' type. Consider using a nullable type, using a nullable backing field, or setting the sentinel value for the property to ensure the database default is used when, and only when, appropriate. See https://aka.ms/efcore-docs-default-values for more information.
2026-06-24 21:14:01.855 +05:30 [WRN] The 'bool' property 'IsActive' on entity type 'ConsumerOtpVerification' is configured with a database-generated default, but has no configured sentinel value. The database-generated default will always be used for inserts when the property has the value 'False', since this is the CLR default for the 'bool' type. Consider using a nullable type, using a nullable backing field, or setting the sentinel value for the property to ensure the database default is used when, and only when, appropriate. See https://aka.ms/efcore-docs-default-values for more information.
2026-06-24 21:14:01.952 +05:30 [WRN] The 'bool' property 'IsDeleted' on entity type 'ConsumerOtpVerification' is configured with a database-generated default, but has no configured sentinel value. The database-generated default will always be used for inserts when the property has the value 'False', since this is the CLR default for the 'bool' type. Consider using a nullable type, using a nullable backing field, or setting the sentinel value for the property to ensure the database default is used when, and only when, appropriate. See https://aka.ms/efcore-docs-default-values for more information.
2026-06-24 21:14:02.003 +05:30 [WRN] The 'bool' property 'IsDeleted' on entity type 'InAppNotification' is configured with a database-generated default, but has no configured sentinel value. The database-generated default will always be used for inserts when the property has the value 'False', since this is the CLR default for the 'bool' type. Consider using a nullable type, using a nullable backing field, or setting the sentinel value for the property to ensure the database default is used when, and only when, appropriate. See https://aka.ms/efcore-docs-default-values for more information.
2026-06-24 21:14:02.012 +05:30 [WRN] The 'bool' property 'IsRead' on entity type 'InAppNotification' is configured with a database-generated default, but has no configured sentinel value. The database-generated default will always be used for inserts when the property has the value 'False', since this is the CLR default for the 'bool' type. Consider using a nullable type, using a nullable backing field, or setting the sentinel value for the property to ensure the database default is used when, and only when, appropriate. See https://aka.ms/efcore-docs-default-values for more information.
2026-06-24 21:14:02.018 +05:30 [WRN] The 'bool' property 'ShowInSidebar' on entity type 'Menuitem' is configured with a database-generated default, but has no configured sentinel value. The database-generated default will always be used for inserts when the property has the value 'False', since this is the CLR default for the 'bool' type. Consider using a nullable type, using a nullable backing field, or setting the sentinel value for the property to ensure the database default is used when, and only when, appropriate. See https://aka.ms/efcore-docs-default-values for more information.
2026-06-24 21:14:02.028 +05:30 [WRN] The 'bool' property 'IsActive' on entity type 'PermissionModule' is configured with a database-generated default, but has no configured sentinel value. The database-generated default will always be used for inserts when the property has the value 'False', since this is the CLR default for the 'bool' type. Consider using a nullable type, using a nullable backing field, or setting the sentinel value for the property to ensure the database default is used when, and only when, appropriate. See https://aka.ms/efcore-docs-default-values for more information.
2026-06-24 21:14:02.088 +05:30 [WRN] The 'bool' property 'IsDeleted' on entity type 'PermissionModule' is configured with a database-generated default, but has no configured sentinel value. The database-generated default will always be used for inserts when the property has the value 'False', since this is the CLR default for the 'bool' type. Consider using a nullable type, using a nullable backing field, or setting the sentinel value for the property to ensure the database default is used when, and only when, appropriate. See https://aka.ms/efcore-docs-default-values for more information.
2026-06-24 22:00:29.033 +05:30 [INF] Now listening on: https://localhost:7183
2026-06-24 22:00:29.231 +05:30 [INF] Now listening on: http://localhost:5264
2026-06-24 22:00:29.973 +05:30 [INF] Application started. Press Ctrl+C to shut down.
2026-06-24 22:00:30.060 +05:30 [INF] Hosting environment: Development
2026-06-24 22:00:30.062 +05:30 [INF] Content root path: C:\Users\Lekesh\Prince Yadav\Vedang Projects\Water Bill\VedangSoft.BPMS\Water.Bill\src\Water.Bill.API
2026-06-24 22:00:41.036 +05:30 [WRN] The 'bool' property 'IsActive' on entity type 'AuthorityLoginOtpVerification' is configured with a database-generated default, but has no configured sentinel value. The database-generated default will always be used for inserts when the property has the value 'False', since this is the CLR default for the 'bool' type. Consider using a nullable type, using a nullable backing field, or setting the sentinel value for the property to ensure the database default is used when, and only when, appropriate. See https://aka.ms/efcore-docs-default-values for more information.
2026-06-24 22:00:41.468 +05:30 [WRN] The 'bool' property 'IsDeleted' on entity type 'AuthorityLoginOtpVerification' is configured with a database-generated default, but has no configured sentinel value. The database-generated default will always be used for inserts when the property has the value 'False', since this is the CLR default for the 'bool' type. Consider using a nullable type, using a nullable backing field, or setting the sentinel value for the property to ensure the database default is used when, and only when, appropriate. See https://aka.ms/efcore-docs-default-values for more information.
2026-06-24 22:00:42.585 +05:30 [WRN] The 'bool' property 'IsActive' on entity type 'CommunicationPurpose' is configured with a database-generated default, but has no configured sentinel value. The database-generated default will always be used for inserts when the property has the value 'False', since this is the CLR default for the 'bool' type. Consider using a nullable type, using a nullable backing field, or setting the sentinel value for the property to ensure the database default is used when, and only when, appropriate. See https://aka.ms/efcore-docs-default-values for more information.
2026-06-24 22:00:43.248 +05:30 [WRN] The 'bool' property 'IsSystem' on entity type 'CommunicationPurpose' is configured with a database-generated default, but has no configured sentinel value. The database-generated default will always be used for inserts when the property has the value 'False', since this is the CLR default for the 'bool' type. Consider using a nullable type, using a nullable backing field, or setting the sentinel value for the property to ensure the database default is used when, and only when, appropriate. See https://aka.ms/efcore-docs-default-values for more information.
2026-06-24 22:00:44.089 +05:30 [WRN] The 'bool' property 'IsActive' on entity type 'CommunicationTemplate' is configured with a database-generated default, but has no configured sentinel value. The database-generated default will always be used for inserts when the property has the value 'False', since this is the CLR default for the 'bool' type. Consider using a nullable type, using a nullable backing field, or setting the sentinel value for the property to ensure the database default is used when, and only when, appropriate. See https://aka.ms/efcore-docs-default-values for more information.
2026-06-24 22:00:45.928 +05:30 [WRN] The 'bool' property 'IsDefault' on entity type 'CommunicationTemplate' is configured with a database-generated default, but has no configured sentinel value. The database-generated default will always be used for inserts when the property has the value 'False', since this is the CLR default for the 'bool' type. Consider using a nullable type, using a nullable backing field, or setting the sentinel value for the property to ensure the database default is used when, and only when, appropriate. See https://aka.ms/efcore-docs-default-values for more information.
2026-06-24 22:00:46.312 +05:30 [WRN] The 'bool' property 'IsDeleted' on entity type 'CommunicationTemplate' is configured with a database-generated default, but has no configured sentinel value. The database-generated default will always be used for inserts when the property has the value 'False', since this is the CLR default for the 'bool' type. Consider using a nullable type, using a nullable backing field, or setting the sentinel value for the property to ensure the database default is used when, and only when, appropriate. See https://aka.ms/efcore-docs-default-values for more information.
2026-06-24 22:00:46.646 +05:30 [WRN] The 'bool' property 'IsActive' on entity type 'ConsumerOtpVerification' is configured with a database-generated default, but has no configured sentinel value. The database-generated default will always be used for inserts when the property has the value 'False', since this is the CLR default for the 'bool' type. Consider using a nullable type, using a nullable backing field, or setting the sentinel value for the property to ensure the database default is used when, and only when, appropriate. See https://aka.ms/efcore-docs-default-values for more information.
2026-06-24 22:00:46.779 +05:30 [WRN] The 'bool' property 'IsDeleted' on entity type 'ConsumerOtpVerification' is configured with a database-generated default, but has no configured sentinel value. The database-generated default will always be used for inserts when the property has the value 'False', since this is the CLR default for the 'bool' type. Consider using a nullable type, using a nullable backing field, or setting the sentinel value for the property to ensure the database default is used when, and only when, appropriate. See https://aka.ms/efcore-docs-default-values for more information.
2026-06-24 22:00:46.840 +05:30 [WRN] The 'bool' property 'IsDeleted' on entity type 'InAppNotification' is configured with a database-generated default, but has no configured sentinel value. The database-generated default will always be used for inserts when the property has the value 'False', since this is the CLR default for the 'bool' type. Consider using a nullable type, using a nullable backing field, or setting the sentinel value for the property to ensure the database default is used when, and only when, appropriate. See https://aka.ms/efcore-docs-default-values for more information.
2026-06-24 22:00:46.877 +05:30 [WRN] The 'bool' property 'IsRead' on entity type 'InAppNotification' is configured with a database-generated default, but has no configured sentinel value. The database-generated default will always be used for inserts when the property has the value 'False', since this is the CLR default for the 'bool' type. Consider using a nullable type, using a nullable backing field, or setting the sentinel value for the property to ensure the database default is used when, and only when, appropriate. See https://aka.ms/efcore-docs-default-values for more information.
2026-06-24 22:00:46.899 +05:30 [WRN] The 'bool' property 'ShowInSidebar' on entity type 'Menuitem' is configured with a database-generated default, but has no configured sentinel value. The database-generated default will always be used for inserts when the property has the value 'False', since this is the CLR default for the 'bool' type. Consider using a nullable type, using a nullable backing field, or setting the sentinel value for the property to ensure the database default is used when, and only when, appropriate. See https://aka.ms/efcore-docs-default-values for more information.
2026-06-24 22:00:46.913 +05:30 [WRN] The 'bool' property 'IsActive' on entity type 'PermissionModule' is configured with a database-generated default, but has no configured sentinel value. The database-generated default will always be used for inserts when the property has the value 'False', since this is the CLR default for the 'bool' type. Consider using a nullable type, using a nullable backing field, or setting the sentinel value for the property to ensure the database default is used when, and only when, appropriate. See https://aka.ms/efcore-docs-default-values for more information.
2026-06-24 22:00:46.955 +05:30 [WRN] The 'bool' property 'IsDeleted' on entity type 'PermissionModule' is configured with a database-generated default, but has no configured sentinel value. The database-generated default will always be used for inserts when the property has the value 'False', since this is the CLR default for the 'bool' type. Consider using a nullable type, using a nullable backing field, or setting the sentinel value for the property to ensure the database default is used when, and only when, appropriate. See https://aka.ms/efcore-docs-default-values for more information.
2026-06-24 22:41:36.026 +05:30 [INF] Now listening on: https://localhost:7183
2026-06-24 22:41:36.340 +05:30 [INF] Now listening on: http://localhost:5264
2026-06-24 22:41:36.658 +05:30 [INF] Application started. Press Ctrl+C to shut down.
2026-06-24 22:41:36.669 +05:30 [INF] Hosting environment: Development
2026-06-24 22:41:36.672 +05:30 [INF] Content root path: C:\Users\Lekesh\Prince Yadav\Vedang Projects\Water Bill\VedangSoft.BPMS\Water.Bill\src\Water.Bill.API
