2026-06-23 00:00:39.305 +05:30 [WRN] Authority login 2FA OTP could not be delivered for user 4/praveenyadav. Reasons: SMS: SMS provider is not configured.
2026-06-23 00:00:39.342 +05:30 [WRN] Authority login 2FA fell back to development OTP for user 4/praveenyadav.
2026-06-23 00:01:11.936 +05:30 [WRN] The query uses the 'Distinct' operator after applying an ordering. If there are any row limiting operation used before 'Distinct' and after ordering then ordering will be used for it. Ordering(s) will be erased after 'Distinct' and results afterwards would be unordered.
2026-06-23 00:16:36.360 +05:30 [INF] Now listening on: https://localhost:7183
2026-06-23 00:16:36.524 +05:30 [INF] Now listening on: http://localhost:5264
2026-06-23 00:16:38.115 +05:30 [INF] Application started. Press Ctrl+C to shut down.
2026-06-23 00:16:38.242 +05:30 [INF] Hosting environment: Development
2026-06-23 00:16:38.283 +05:30 [INF] Content root path: C:\Users\Lekesh\Prince Yadav\Vedang Projects\Water Bill\VedangSoft.BPMS\Water.Bill\src\Water.Bill.API
2026-06-23 00:16:50.403 +05:30 [WRN] The 'bool' property 'IsActive' on entity type 'AuthorityLoginOtpVerification' is configured with a database-generated default, but has no configured sentinel value. The database-generated default will always be used for inserts when the property has the value 'False', since this is the CLR default for the 'bool' type. Consider using a nullable type, using a nullable backing field, or setting the sentinel value for the property to ensure the database default is used when, and only when, appropriate. See https://aka.ms/efcore-docs-default-values for more information.
2026-06-23 00:16:51.183 +05:30 [WRN] The 'bool' property 'IsDeleted' on entity type 'AuthorityLoginOtpVerification' is configured with a database-generated default, but has no configured sentinel value. The database-generated default will always be used for inserts when the property has the value 'False', since this is the CLR default for the 'bool' type. Consider using a nullable type, using a nullable backing field, or setting the sentinel value for the property to ensure the database default is used when, and only when, appropriate. See https://aka.ms/efcore-docs-default-values for more information.
2026-06-23 00:16:51.245 +05:30 [WRN] The 'bool' property 'IsActive' on entity type 'CommunicationPurpose' is configured with a database-generated default, but has no configured sentinel value. The database-generated default will always be used for inserts when the property has the value 'False', since this is the CLR default for the 'bool' type. Consider using a nullable type, using a nullable backing field, or setting the sentinel value for the property to ensure the database default is used when, and only when, appropriate. See https://aka.ms/efcore-docs-default-values for more information.
2026-06-23 00:16:51.459 +05:30 [WRN] The 'bool' property 'IsSystem' on entity type 'CommunicationPurpose' is configured with a database-generated default, but has no configured sentinel value. The database-generated default will always be used for inserts when the property has the value 'False', since this is the CLR default for the 'bool' type. Consider using a nullable type, using a nullable backing field, or setting the sentinel value for the property to ensure the database default is used when, and only when, appropriate. See https://aka.ms/efcore-docs-default-values for more information.
2026-06-23 00:16:51.778 +05:30 [WRN] The 'bool' property 'IsActive' on entity type 'CommunicationTemplate' is configured with a database-generated default, but has no configured sentinel value. The database-generated default will always be used for inserts when the property has the value 'False', since this is the CLR default for the 'bool' type. Consider using a nullable type, using a nullable backing field, or setting the sentinel value for the property to ensure the database default is used when, and only when, appropriate. See https://aka.ms/efcore-docs-default-values for more information.
2026-06-23 00:16:51.940 +05:30 [WRN] The 'bool' property 'IsDefault' on entity type 'CommunicationTemplate' is configured with a database-generated default, but has no configured sentinel value. The database-generated default will always be used for inserts when the property has the value 'False', since this is the CLR default for the 'bool' type. Consider using a nullable type, using a nullable backing field, or setting the sentinel value for the property to ensure the database default is used when, and only when, appropriate. See https://aka.ms/efcore-docs-default-values for more information.
2026-06-23 00:16:51.966 +05:30 [WRN] The 'bool' property 'IsDeleted' on entity type 'CommunicationTemplate' is configured with a database-generated default, but has no configured sentinel value. The database-generated default will always be used for inserts when the property has the value 'False', since this is the CLR default for the 'bool' type. Consider using a nullable type, using a nullable backing field, or setting the sentinel value for the property to ensure the database default is used when, and only when, appropriate. See https://aka.ms/efcore-docs-default-values for more information.
2026-06-23 00:16:51.975 +05:30 [WRN] The 'bool' property 'IsActive' on entity type 'ConsumerOtpVerification' is configured with a database-generated default, but has no configured sentinel value. The database-generated default will always be used for inserts when the property has the value 'False', since this is the CLR default for the 'bool' type. Consider using a nullable type, using a nullable backing field, or setting the sentinel value for the property to ensure the database default is used when, and only when, appropriate. See https://aka.ms/efcore-docs-default-values for more information.
2026-06-23 00:16:51.980 +05:30 [WRN] The 'bool' property 'IsDeleted' on entity type 'ConsumerOtpVerification' is configured with a database-generated default, but has no configured sentinel value. The database-generated default will always be used for inserts when the property has the value 'False', since this is the CLR default for the 'bool' type. Consider using a nullable type, using a nullable backing field, or setting the sentinel value for the property to ensure the database default is used when, and only when, appropriate. See https://aka.ms/efcore-docs-default-values for more information.
2026-06-23 00:16:51.987 +05:30 [WRN] The 'bool' property 'IsDeleted' on entity type 'InAppNotification' is configured with a database-generated default, but has no configured sentinel value. The database-generated default will always be used for inserts when the property has the value 'False', since this is the CLR default for the 'bool' type. Consider using a nullable type, using a nullable backing field, or setting the sentinel value for the property to ensure the database default is used when, and only when, appropriate. See https://aka.ms/efcore-docs-default-values for more information.
2026-06-23 00:16:51.993 +05:30 [WRN] The 'bool' property 'IsRead' on entity type 'InAppNotification' is configured with a database-generated default, but has no configured sentinel value. The database-generated default will always be used for inserts when the property has the value 'False', since this is the CLR default for the 'bool' type. Consider using a nullable type, using a nullable backing field, or setting the sentinel value for the property to ensure the database default is used when, and only when, appropriate. See https://aka.ms/efcore-docs-default-values for more information.
2026-06-23 00:16:51.999 +05:30 [WRN] The 'bool' property 'ShowInSidebar' on entity type 'Menuitem' is configured with a database-generated default, but has no configured sentinel value. The database-generated default will always be used for inserts when the property has the value 'False', since this is the CLR default for the 'bool' type. Consider using a nullable type, using a nullable backing field, or setting the sentinel value for the property to ensure the database default is used when, and only when, appropriate. See https://aka.ms/efcore-docs-default-values for more information.
2026-06-23 00:16:52.007 +05:30 [WRN] The 'bool' property 'IsActive' on entity type 'PermissionModule' is configured with a database-generated default, but has no configured sentinel value. The database-generated default will always be used for inserts when the property has the value 'False', since this is the CLR default for the 'bool' type. Consider using a nullable type, using a nullable backing field, or setting the sentinel value for the property to ensure the database default is used when, and only when, appropriate. See https://aka.ms/efcore-docs-default-values for more information.
2026-06-23 00:16:52.012 +05:30 [WRN] The 'bool' property 'IsDeleted' on entity type 'PermissionModule' is configured with a database-generated default, but has no configured sentinel value. The database-generated default will always be used for inserts when the property has the value 'False', since this is the CLR default for the 'bool' type. Consider using a nullable type, using a nullable backing field, or setting the sentinel value for the property to ensure the database default is used when, and only when, appropriate. See https://aka.ms/efcore-docs-default-values for more information.
2026-06-23 00:20:26.519 +05:30 [WRN] Authority login 2FA OTP could not be delivered for user 7/mpsharma. Reasons: SMS: SMS provider is not configured.
2026-06-23 00:20:26.554 +05:30 [WRN] Authority login 2FA fell back to development OTP for user 7/mpsharma.
2026-06-23 00:22:29.830 +05:30 [WRN] Authority login 2FA OTP could not be delivered for user 5/amitkumar. Reasons: SMS: SMS provider is not configured.
2026-06-23 00:22:29.845 +05:30 [WRN] Authority login 2FA fell back to development OTP for user 5/amitkumar.
2026-06-23 00:23:45.932 +05:30 [WRN] Authority login 2FA OTP could not be delivered for user 2/sachin. Reasons: SMS: SMS provider is not configured.
2026-06-23 00:23:45.947 +05:30 [WRN] Authority login 2FA fell back to development OTP for user 2/sachin.
2026-06-23 00:27:36.992 +05:30 [INF] Email sent successfully. Host=smtp.gmail.com, Port=587, EnableSsl=true, FromEmail=vedangofficeserver@gmail.com, RecipientEmail=princeyada332@gmail.com, Subject=Your Noida Jal authority login OTP
2026-06-23 00:43:10.542 +05:30 [INF] Email sent successfully. Host=smtp.gmail.com, Port=587, EnableSsl=true, FromEmail=vedangofficeserver@gmail.com, RecipientEmail=princeyada332@gmail.com, Subject=Your Noida Jal authority login OTP
2026-06-23 00:45:38.387 +05:30 [ERR] Unhandled exception captured for /dashboard. TraceId: 0HNMGHQBBJMBA:00000165
System.Threading.Tasks.TaskCanceledException: A task was canceled.
   at Microsoft.EntityFrameworkCore.Query.Internal.BufferedDataReader.BufferedDataRecord.InitializeAsync(DbDataReader reader, IReadOnlyList`1 columns, CancellationToken cancellationToken)
   at Microsoft.EntityFrameworkCore.Query.Internal.BufferedDataReader.InitializeAsync(IReadOnlyList`1 columns, CancellationToken cancellationToken)
   at Microsoft.EntityFrameworkCore.Query.Internal.BufferedDataReader.InitializeAsync(IReadOnlyList`1 columns, CancellationToken cancellationToken)
   at Microsoft.EntityFrameworkCore.Storage.RelationalCommand.ExecuteReaderAsync(RelationalCommandParameterObject parameterObject, CancellationToken cancellationToken)
   at Microsoft.EntityFrameworkCore.Storage.RelationalCommand.ExecuteReaderAsync(RelationalCommandParameterObject parameterObject, CancellationToken cancellationToken)
   at Microsoft.EntityFrameworkCore.Query.Internal.SingleQueryingEnumerable`1.AsyncEnumerator.InitializeReaderAsync(AsyncEnumerator enumerator, CancellationToken cancellationToken)
   at Microsoft.EntityFrameworkCore.Storage.ExecutionStrategy.<>c__DisplayClass30_0`2.<<ExecuteAsync>b__0>d.MoveNext()
--- End of stack trace from previous location ---
   at Microsoft.EntityFrameworkCore.Storage.ExecutionStrategy.ExecuteImplementationAsync[TState,TResult](Func`4 operation, Func`4 verifySucceeded, TState state, CancellationToken cancellationToken)
   at Microsoft.EntityFrameworkCore.Storage.ExecutionStrategy.ExecuteImplementationAsync[TState,TResult](Func`4 operation, Func`4 verifySucceeded, TState state, CancellationToken cancellationToken)
   at Microsoft.EntityFrameworkCore.Storage.ExecutionStrategy.ExecuteAsync[TState,TResult](TState state, Func`4 operation, Func`4 verifySucceeded, CancellationToken cancellationToken)
   at Microsoft.EntityFrameworkCore.Query.Internal.SingleQueryingEnumerable`1.AsyncEnumerator.MoveNextAsync()
   at Microsoft.EntityFrameworkCore.Query.ShapedQueryCompilingExpressionVisitor.SingleAsync[TSource](IAsyncEnumerable`1 asyncEnumerable, CancellationToken cancellationToken)
   at Microsoft.EntityFrameworkCore.Query.ShapedQueryCompilingExpressionVisitor.SingleAsync[TSource](IAsyncEnumerable`1 asyncEnumerable, CancellationToken cancellationToken)
   at Water.Bill.API.Controllers.Mvc.DashboardController.BuildAdminDashboardAsync(String userName, String roleName, Nullable`1 defaulterThreshold, CancellationToken ct) in C:\Users\Lekesh\Prince Yadav\Vedang Projects\Water Bill\VedangSoft.BPMS\Water.Bill\src\Water.Bill.API\Controllers\Mvc\DashboardController.cs:line 76
   at Water.Bill.API.Controllers.Mvc.DashboardController.Index(Nullable`1 defaulterThreshold, CancellationToken ct) in C:\Users\Lekesh\Prince Yadav\Vedang Projects\Water Bill\VedangSoft.BPMS\Water.Bill\src\Water.Bill.API\Controllers\Mvc\DashboardController.cs:line 53
   at Microsoft.AspNetCore.Mvc.Infrastructure.ActionMethodExecutor.TaskOfIActionResultExecutor.Execute(ActionContext actionContext, IActionResultTypeMapper mapper, ObjectMethodExecutor executor, Object controller, Object[] arguments)
   at Microsoft.AspNetCore.Mvc.Infrastructure.ControllerActionInvoker.<InvokeActionMethodAsync>g__Awaited|12_0(ControllerActionInvoker invoker, ValueTask`1 actionResultValueTask)
   at Microsoft.AspNetCore.Mvc.Infrastructure.ControllerActionInvoker.<InvokeNextActionFilterAsync>g__Awaited|10_0(ControllerActionInvoker invoker, Task lastTask, State next, Scope scope, Object state, Boolean isCompleted)
   at Microsoft.AspNetCore.Mvc.Infrastructure.ControllerActionInvoker.Rethrow(ActionExecutedContextSealed context)
   at Microsoft.AspNetCore.Mvc.Infrastructure.ControllerActionInvoker.Next(State& next, Scope& scope, Object& state, Boolean& isCompleted)
   at Microsoft.AspNetCore.Mvc.Infrastructure.ControllerActionInvoker.<InvokeInnerFilterAsync>g__Awaited|13_0(ControllerActionInvoker invoker, Task lastTask, State next, Scope scope, Object state, Boolean isCompleted)
   at Microsoft.AspNetCore.Mvc.Infrastructure.ResourceInvoker.<InvokeNextResourceFilter>g__Awaited|25_0(ResourceInvoker invoker, Task lastTask, State next, Scope scope, Object state, Boolean isCompleted)
   at Microsoft.AspNetCore.Mvc.Infrastructure.ResourceInvoker.Rethrow(ResourceExecutedContextSealed context)
   at Microsoft.AspNetCore.Mvc.Infrastructure.ResourceInvoker.Next(State& next, Scope& scope, Object& state, Boolean& isCompleted)
   at Microsoft.AspNetCore.Mvc.Infrastructure.ResourceInvoker.<InvokeFilterPipelineAsync>g__Awaited|20_0(ResourceInvoker invoker, Task lastTask, State next, Scope scope, Object state, Boolean isCompleted)
   at Microsoft.AspNetCore.Mvc.Infrastructure.ResourceInvoker.<InvokeAsync>g__Awaited|17_0(ResourceInvoker invoker, Task task, IDisposable scope)
   at Microsoft.AspNetCore.Mvc.Infrastructure.ResourceInvoker.<InvokeAsync>g__Awaited|17_0(ResourceInvoker invoker, Task task, IDisposable scope)
   at Microsoft.AspNetCore.Authorization.AuthorizationMiddleware.Invoke(HttpContext context)
   at Program.<>c.<<<Main>$>b__0_5>d.MoveNext() in C:\Users\Lekesh\Prince Yadav\Vedang Projects\Water Bill\VedangSoft.BPMS\Water.Bill\src\Water.Bill.API\Program.cs:line 104
--- End of stack trace from previous location ---
   at Microsoft.AspNetCore.Authentication.AuthenticationMiddleware.Invoke(HttpContext context)
   at Water.Bill.Infrastructure.Middleware.GlobalExceptionLoggingMiddleware.InvokeAsync(HttpContext context) in C:\Users\Lekesh\Prince Yadav\Vedang Projects\Water Bill\VedangSoft.BPMS\Water.Bill\src\Water.Bill.Infrastructure\Middleware\GlobalExceptionLoggingMiddleware.cs:line 37
2026-06-23 00:45:39.878 +05:30 [ERR] Unhandled exception captured for /dashboard. TraceId: 0HNMGHQBBJMBA:0000016D
System.Threading.Tasks.TaskCanceledException: A task was canceled.
   at Microsoft.EntityFrameworkCore.Query.Internal.BufferedDataReader.BufferedDataRecord.InitializeAsync(DbDataReader reader, IReadOnlyList`1 columns, CancellationToken cancellationToken)
   at Microsoft.EntityFrameworkCore.Query.Internal.BufferedDataReader.InitializeAsync(IReadOnlyList`1 columns, CancellationToken cancellationToken)
   at Microsoft.EntityFrameworkCore.Query.Internal.BufferedDataReader.InitializeAsync(IReadOnlyList`1 columns, CancellationToken cancellationToken)
   at Microsoft.EntityFrameworkCore.Storage.RelationalCommand.ExecuteReaderAsync(RelationalCommandParameterObject parameterObject, CancellationToken cancellationToken)
   at Microsoft.EntityFrameworkCore.Storage.RelationalCommand.ExecuteReaderAsync(RelationalCommandParameterObject parameterObject, CancellationToken cancellationToken)
   at Microsoft.EntityFrameworkCore.Query.Internal.SingleQueryingEnumerable`1.AsyncEnumerator.InitializeReaderAsync(AsyncEnumerator enumerator, CancellationToken cancellationToken)
   at Microsoft.EntityFrameworkCore.Storage.ExecutionStrategy.<>c__DisplayClass30_0`2.<<ExecuteAsync>b__0>d.MoveNext()
--- End of stack trace from previous location ---
   at Microsoft.EntityFrameworkCore.Storage.ExecutionStrategy.ExecuteImplementationAsync[TState,TResult](Func`4 operation, Func`4 verifySucceeded, TState state, CancellationToken cancellationToken)
   at Microsoft.EntityFrameworkCore.Storage.ExecutionStrategy.ExecuteImplementationAsync[TState,TResult](Func`4 operation, Func`4 verifySucceeded, TState state, CancellationToken cancellationToken)
   at Microsoft.EntityFrameworkCore.Storage.ExecutionStrategy.ExecuteAsync[TState,TResult](TState state, Func`4 operation, Func`4 verifySucceeded, CancellationToken cancellationToken)
   at Microsoft.EntityFrameworkCore.Query.Internal.SingleQueryingEnumerable`1.AsyncEnumerator.MoveNextAsync()
   at Microsoft.EntityFrameworkCore.Query.ShapedQueryCompilingExpressionVisitor.SingleAsync[TSource](IAsyncEnumerable`1 asyncEnumerable, CancellationToken cancellationToken)
   at Microsoft.EntityFrameworkCore.Query.ShapedQueryCompilingExpressionVisitor.SingleAsync[TSource](IAsyncEnumerable`1 asyncEnumerable, CancellationToken cancellationToken)
   at Water.Bill.API.Controllers.Mvc.DashboardController.BuildAdminDashboardAsync(String userName, String roleName, Nullable`1 defaulterThreshold, CancellationToken ct) in C:\Users\Lekesh\Prince Yadav\Vedang Projects\Water Bill\VedangSoft.BPMS\Water.Bill\src\Water.Bill.API\Controllers\Mvc\DashboardController.cs:line 76
   at Water.Bill.API.Controllers.Mvc.DashboardController.Index(Nullable`1 defaulterThreshold, CancellationToken ct) in C:\Users\Lekesh\Prince Yadav\Vedang Projects\Water Bill\VedangSoft.BPMS\Water.Bill\src\Water.Bill.API\Controllers\Mvc\DashboardController.cs:line 53
   at Microsoft.AspNetCore.Mvc.Infrastructure.ActionMethodExecutor.TaskOfIActionResultExecutor.Execute(ActionContext actionContext, IActionResultTypeMapper mapper, ObjectMethodExecutor executor, Object controller, Object[] arguments)
   at Microsoft.AspNetCore.Mvc.Infrastructure.ControllerActionInvoker.<InvokeActionMethodAsync>g__Awaited|12_0(ControllerActionInvoker invoker, ValueTask`1 actionResultValueTask)
   at Microsoft.AspNetCore.Mvc.Infrastructure.ControllerActionInvoker.<InvokeNextActionFilterAsync>g__Awaited|10_0(ControllerActionInvoker invoker, Task lastTask, State next, Scope scope, Object state, Boolean isCompleted)
   at Microsoft.AspNetCore.Mvc.Infrastructure.ControllerActionInvoker.Rethrow(ActionExecutedContextSealed context)
   at Microsoft.AspNetCore.Mvc.Infrastructure.ControllerActionInvoker.Next(State& next, Scope& scope, Object& state, Boolean& isCompleted)
   at Microsoft.AspNetCore.Mvc.Infrastructure.ControllerActionInvoker.<InvokeInnerFilterAsync>g__Awaited|13_0(ControllerActionInvoker invoker, Task lastTask, State next, Scope scope, Object state, Boolean isCompleted)
   at Microsoft.AspNetCore.Mvc.Infrastructure.ResourceInvoker.<InvokeNextResourceFilter>g__Awaited|25_0(ResourceInvoker invoker, Task lastTask, State next, Scope scope, Object state, Boolean isCompleted)
   at Microsoft.AspNetCore.Mvc.Infrastructure.ResourceInvoker.Rethrow(ResourceExecutedContextSealed context)
   at Microsoft.AspNetCore.Mvc.Infrastructure.ResourceInvoker.Next(State& next, Scope& scope, Object& state, Boolean& isCompleted)
   at Microsoft.AspNetCore.Mvc.Infrastructure.ResourceInvoker.<InvokeFilterPipelineAsync>g__Awaited|20_0(ResourceInvoker invoker, Task lastTask, State next, Scope scope, Object state, Boolean isCompleted)
   at Microsoft.AspNetCore.Mvc.Infrastructure.ResourceInvoker.<InvokeAsync>g__Awaited|17_0(ResourceInvoker invoker, Task task, IDisposable scope)
   at Microsoft.AspNetCore.Mvc.Infrastructure.ResourceInvoker.<InvokeAsync>g__Awaited|17_0(ResourceInvoker invoker, Task task, IDisposable scope)
   at Microsoft.AspNetCore.Authorization.AuthorizationMiddleware.Invoke(HttpContext context)
   at Program.<>c.<<<Main>$>b__0_5>d.MoveNext() in C:\Users\Lekesh\Prince Yadav\Vedang Projects\Water Bill\VedangSoft.BPMS\Water.Bill\src\Water.Bill.API\Program.cs:line 104
--- End of stack trace from previous location ---
   at Microsoft.AspNetCore.Authentication.AuthenticationMiddleware.Invoke(HttpContext context)
   at Water.Bill.Infrastructure.Middleware.GlobalExceptionLoggingMiddleware.InvokeAsync(HttpContext context) in C:\Users\Lekesh\Prince Yadav\Vedang Projects\Water Bill\VedangSoft.BPMS\Water.Bill\src\Water.Bill.Infrastructure\Middleware\GlobalExceptionLoggingMiddleware.cs:line 37
2026-06-23 01:52:29.633 +05:30 [INF] Now listening on: https://localhost:7183
2026-06-23 01:52:30.044 +05:30 [INF] Now listening on: http://localhost:5264
2026-06-23 01:52:30.824 +05:30 [INF] Application started. Press Ctrl+C to shut down.
2026-06-23 01:52:32.278 +05:30 [INF] Hosting environment: Development
2026-06-23 01:52:32.402 +05:30 [INF] Content root path: C:\Users\Lekesh\Prince Yadav\Vedang Projects\Water Bill\VedangSoft.BPMS\Water.Bill\src\Water.Bill.API
2026-06-23 01:52:48.593 +05:30 [WRN] The 'bool' property 'IsActive' on entity type 'AuthorityLoginOtpVerification' is configured with a database-generated default, but has no configured sentinel value. The database-generated default will always be used for inserts when the property has the value 'False', since this is the CLR default for the 'bool' type. Consider using a nullable type, using a nullable backing field, or setting the sentinel value for the property to ensure the database default is used when, and only when, appropriate. See https://aka.ms/efcore-docs-default-values for more information.
2026-06-23 01:52:48.666 +05:30 [WRN] The 'bool' property 'IsDeleted' on entity type 'AuthorityLoginOtpVerification' is configured with a database-generated default, but has no configured sentinel value. The database-generated default will always be used for inserts when the property has the value 'False', since this is the CLR default for the 'bool' type. Consider using a nullable type, using a nullable backing field, or setting the sentinel value for the property to ensure the database default is used when, and only when, appropriate. See https://aka.ms/efcore-docs-default-values for more information.
2026-06-23 01:52:48.725 +05:30 [WRN] The 'bool' property 'IsActive' on entity type 'CommunicationPurpose' is configured with a database-generated default, but has no configured sentinel value. The database-generated default will always be used for inserts when the property has the value 'False', since this is the CLR default for the 'bool' type. Consider using a nullable type, using a nullable backing field, or setting the sentinel value for the property to ensure the database default is used when, and only when, appropriate. See https://aka.ms/efcore-docs-default-values for more information.
2026-06-23 01:52:48.729 +05:30 [WRN] The 'bool' property 'IsSystem' on entity type 'CommunicationPurpose' is configured with a database-generated default, but has no configured sentinel value. The database-generated default will always be used for inserts when the property has the value 'False', since this is the CLR default for the 'bool' type. Consider using a nullable type, using a nullable backing field, or setting the sentinel value for the property to ensure the database default is used when, and only when, appropriate. See https://aka.ms/efcore-docs-default-values for more information.
2026-06-23 01:52:48.825 +05:30 [WRN] The 'bool' property 'IsActive' on entity type 'CommunicationTemplate' is configured with a database-generated default, but has no configured sentinel value. The database-generated default will always be used for inserts when the property has the value 'False', since this is the CLR default for the 'bool' type. Consider using a nullable type, using a nullable backing field, or setting the sentinel value for the property to ensure the database default is used when, and only when, appropriate. See https://aka.ms/efcore-docs-default-values for more information.
2026-06-23 01:52:48.891 +05:30 [WRN] The 'bool' property 'IsDefault' on entity type 'CommunicationTemplate' is configured with a database-generated default, but has no configured sentinel value. The database-generated default will always be used for inserts when the property has the value 'False', since this is the CLR default for the 'bool' type. Consider using a nullable type, using a nullable backing field, or setting the sentinel value for the property to ensure the database default is used when, and only when, appropriate. See https://aka.ms/efcore-docs-default-values for more information.
2026-06-23 01:52:48.914 +05:30 [WRN] The 'bool' property 'IsDeleted' on entity type 'CommunicationTemplate' is configured with a database-generated default, but has no configured sentinel value. The database-generated default will always be used for inserts when the property has the value 'False', since this is the CLR default for the 'bool' type. Consider using a nullable type, using a nullable backing field, or setting the sentinel value for the property to ensure the database default is used when, and only when, appropriate. See https://aka.ms/efcore-docs-default-values for more information.
2026-06-23 01:52:48.932 +05:30 [WRN] The 'bool' property 'IsActive' on entity type 'ConsumerOtpVerification' is configured with a database-generated default, but has no configured sentinel value. The database-generated default will always be used for inserts when the property has the value 'False', since this is the CLR default for the 'bool' type. Consider using a nullable type, using a nullable backing field, or setting the sentinel value for the property to ensure the database default is used when, and only when, appropriate. See https://aka.ms/efcore-docs-default-values for more information.
2026-06-23 01:52:48.948 +05:30 [WRN] The 'bool' property 'IsDeleted' on entity type 'ConsumerOtpVerification' is configured with a database-generated default, but has no configured sentinel value. The database-generated default will always be used for inserts when the property has the value 'False', since this is the CLR default for the 'bool' type. Consider using a nullable type, using a nullable backing field, or setting the sentinel value for the property to ensure the database default is used when, and only when, appropriate. See https://aka.ms/efcore-docs-default-values for more information.
2026-06-23 01:52:48.964 +05:30 [WRN] The 'bool' property 'IsDeleted' on entity type 'InAppNotification' is configured with a database-generated default, but has no configured sentinel value. The database-generated default will always be used for inserts when the property has the value 'False', since this is the CLR default for the 'bool' type. Consider using a nullable type, using a nullable backing field, or setting the sentinel value for the property to ensure the database default is used when, and only when, appropriate. See https://aka.ms/efcore-docs-default-values for more information.
2026-06-23 01:52:48.982 +05:30 [WRN] The 'bool' property 'IsRead' on entity type 'InAppNotification' is configured with a database-generated default, but has no configured sentinel value. The database-generated default will always be used for inserts when the property has the value 'False', since this is the CLR default for the 'bool' type. Consider using a nullable type, using a nullable backing field, or setting the sentinel value for the property to ensure the database default is used when, and only when, appropriate. See https://aka.ms/efcore-docs-default-values for more information.
2026-06-23 01:52:49.031 +05:30 [WRN] The 'bool' property 'ShowInSidebar' on entity type 'Menuitem' is configured with a database-generated default, but has no configured sentinel value. The database-generated default will always be used for inserts when the property has the value 'False', since this is the CLR default for the 'bool' type. Consider using a nullable type, using a nullable backing field, or setting the sentinel value for the property to ensure the database default is used when, and only when, appropriate. See https://aka.ms/efcore-docs-default-values for more information.
2026-06-23 01:52:49.252 +05:30 [WRN] The 'bool' property 'IsActive' on entity type 'PermissionModule' is configured with a database-generated default, but has no configured sentinel value. The database-generated default will always be used for inserts when the property has the value 'False', since this is the CLR default for the 'bool' type. Consider using a nullable type, using a nullable backing field, or setting the sentinel value for the property to ensure the database default is used when, and only when, appropriate. See https://aka.ms/efcore-docs-default-values for more information.
2026-06-23 01:52:49.276 +05:30 [WRN] The 'bool' property 'IsDeleted' on entity type 'PermissionModule' is configured with a database-generated default, but has no configured sentinel value. The database-generated default will always be used for inserts when the property has the value 'False', since this is the CLR default for the 'bool' type. Consider using a nullable type, using a nullable backing field, or setting the sentinel value for the property to ensure the database default is used when, and only when, appropriate. See https://aka.ms/efcore-docs-default-values for more information.
2026-06-23 01:52:58.601 +05:30 [ERR] An exception occurred while iterating over the results of a query for context type 'Water.Bill.Infrastructure.Data.ApplicationDbContext'.
System.InvalidOperationException: A second operation was started on this context instance before a previous operation completed. This is usually caused by different threads concurrently using the same instance of DbContext. For more information on how to avoid threading issues with DbContext, see https://go.microsoft.com/fwlink/?linkid=2097913.
   at Microsoft.EntityFrameworkCore.Infrastructure.Internal.ConcurrencyDetector.EnterCriticalSection()
   at Microsoft.EntityFrameworkCore.Query.Internal.SingleQueryingEnumerable`1.AsyncEnumerator.MoveNextAsync()
System.InvalidOperationException: A second operation was started on this context instance before a previous operation completed. This is usually caused by different threads concurrently using the same instance of DbContext. For more information on how to avoid threading issues with DbContext, see https://go.microsoft.com/fwlink/?linkid=2097913.
   at Microsoft.EntityFrameworkCore.Infrastructure.Internal.ConcurrencyDetector.EnterCriticalSection()
   at Microsoft.EntityFrameworkCore.Query.Internal.SingleQueryingEnumerable`1.AsyncEnumerator.MoveNextAsync()
2026-06-23 01:52:58.736 +05:30 [ERR] An exception occurred while iterating over the results of a query for context type 'Water.Bill.Infrastructure.Data.ApplicationDbContext'.
System.InvalidOperationException: A second operation was started on this context instance before a previous operation completed. This is usually caused by different threads concurrently using the same instance of DbContext. For more information on how to avoid threading issues with DbContext, see https://go.microsoft.com/fwlink/?linkid=2097913.
   at Microsoft.EntityFrameworkCore.Infrastructure.Internal.ConcurrencyDetector.EnterCriticalSection()
   at Microsoft.EntityFrameworkCore.Query.Internal.SingleQueryingEnumerable`1.AsyncEnumerator.MoveNextAsync()
System.InvalidOperationException: A second operation was started on this context instance before a previous operation completed. This is usually caused by different threads concurrently using the same instance of DbContext. For more information on how to avoid threading issues with DbContext, see https://go.microsoft.com/fwlink/?linkid=2097913.
   at Microsoft.EntityFrameworkCore.Infrastructure.Internal.ConcurrencyDetector.EnterCriticalSection()
   at Microsoft.EntityFrameworkCore.Query.Internal.SingleQueryingEnumerable`1.AsyncEnumerator.MoveNextAsync()
2026-06-23 01:52:58.871 +05:30 [ERR] An exception occurred while iterating over the results of a query for context type 'Water.Bill.Infrastructure.Data.ApplicationDbContext'.
System.InvalidOperationException: A second operation was started on this context instance before a previous operation completed. This is usually caused by different threads concurrently using the same instance of DbContext. For more information on how to avoid threading issues with DbContext, see https://go.microsoft.com/fwlink/?linkid=2097913.
   at Microsoft.EntityFrameworkCore.Infrastructure.Internal.ConcurrencyDetector.EnterCriticalSection()
   at Microsoft.EntityFrameworkCore.Query.Internal.SingleQueryingEnumerable`1.AsyncEnumerator.MoveNextAsync()
System.InvalidOperationException: A second operation was started on this context instance before a previous operation completed. This is usually caused by different threads concurrently using the same instance of DbContext. For more information on how to avoid threading issues with DbContext, see https://go.microsoft.com/fwlink/?linkid=2097913.
   at Microsoft.EntityFrameworkCore.Infrastructure.Internal.ConcurrencyDetector.EnterCriticalSection()
   at Microsoft.EntityFrameworkCore.Query.Internal.SingleQueryingEnumerable`1.AsyncEnumerator.MoveNextAsync()
2026-06-23 01:52:59.075 +05:30 [ERR] An exception occurred while iterating over the results of a query for context type 'Water.Bill.Infrastructure.Data.ApplicationDbContext'.
System.InvalidOperationException: A second operation was started on this context instance before a previous operation completed. This is usually caused by different threads concurrently using the same instance of DbContext. For more information on how to avoid threading issues with DbContext, see https://go.microsoft.com/fwlink/?linkid=2097913.
   at Microsoft.EntityFrameworkCore.Infrastructure.Internal.ConcurrencyDetector.EnterCriticalSection()
   at Microsoft.EntityFrameworkCore.Query.Internal.SingleQueryingEnumerable`1.AsyncEnumerator.MoveNextAsync()
System.InvalidOperationException: A second operation was started on this context instance before a previous operation completed. This is usually caused by different threads concurrently using the same instance of DbContext. For more information on how to avoid threading issues with DbContext, see https://go.microsoft.com/fwlink/?linkid=2097913.
   at Microsoft.EntityFrameworkCore.Infrastructure.Internal.ConcurrencyDetector.EnterCriticalSection()
   at Microsoft.EntityFrameworkCore.Query.Internal.SingleQueryingEnumerable`1.AsyncEnumerator.MoveNextAsync()
2026-06-23 01:52:59.230 +05:30 [ERR] An exception occurred while iterating over the results of a query for context type 'Water.Bill.Infrastructure.Data.ApplicationDbContext'.
System.InvalidOperationException: A second operation was started on this context instance before a previous operation completed. This is usually caused by different threads concurrently using the same instance of DbContext. For more information on how to avoid threading issues with DbContext, see https://go.microsoft.com/fwlink/?linkid=2097913.
   at Microsoft.EntityFrameworkCore.Infrastructure.Internal.ConcurrencyDetector.EnterCriticalSection()
   at Microsoft.EntityFrameworkCore.Query.Internal.SingleQueryingEnumerable`1.AsyncEnumerator.MoveNextAsync()
System.InvalidOperationException: A second operation was started on this context instance before a previous operation completed. This is usually caused by different threads concurrently using the same instance of DbContext. For more information on how to avoid threading issues with DbContext, see https://go.microsoft.com/fwlink/?linkid=2097913.
   at Microsoft.EntityFrameworkCore.Infrastructure.Internal.ConcurrencyDetector.EnterCriticalSection()
   at Microsoft.EntityFrameworkCore.Query.Internal.SingleQueryingEnumerable`1.AsyncEnumerator.MoveNextAsync()
2026-06-23 01:52:59.394 +05:30 [ERR] An exception occurred while iterating over the results of a query for context type 'Water.Bill.Infrastructure.Data.ApplicationDbContext'.
System.InvalidOperationException: A second operation was started on this context instance before a previous operation completed. This is usually caused by different threads concurrently using the same instance of DbContext. For more information on how to avoid threading issues with DbContext, see https://go.microsoft.com/fwlink/?linkid=2097913.
   at Microsoft.EntityFrameworkCore.Infrastructure.Internal.ConcurrencyDetector.EnterCriticalSection()
   at Microsoft.EntityFrameworkCore.Query.Internal.SingleQueryingEnumerable`1.AsyncEnumerator.MoveNextAsync()
System.InvalidOperationException: A second operation was started on this context instance before a previous operation completed. This is usually caused by different threads concurrently using the same instance of DbContext. For more information on how to avoid threading issues with DbContext, see https://go.microsoft.com/fwlink/?linkid=2097913.
   at Microsoft.EntityFrameworkCore.Infrastructure.Internal.ConcurrencyDetector.EnterCriticalSection()
   at Microsoft.EntityFrameworkCore.Query.Internal.SingleQueryingEnumerable`1.AsyncEnumerator.MoveNextAsync()
2026-06-23 01:53:08.388 +05:30 [ERR] Unhandled exception captured for /Dashboard. TraceId: 0HNMGJFTVC3UG:00000003
System.InvalidOperationException: A second operation was started on this context instance before a previous operation completed. This is usually caused by different threads concurrently using the same instance of DbContext. For more information on how to avoid threading issues with DbContext, see https://go.microsoft.com/fwlink/?linkid=2097913.
   at Microsoft.EntityFrameworkCore.Infrastructure.Internal.ConcurrencyDetector.EnterCriticalSection()
   at Microsoft.EntityFrameworkCore.Query.Internal.SingleQueryingEnumerable`1.AsyncEnumerator.MoveNextAsync()
   at Microsoft.EntityFrameworkCore.Query.ShapedQueryCompilingExpressionVisitor.SingleAsync[TSource](IAsyncEnumerable`1 asyncEnumerable, CancellationToken cancellationToken)
   at Microsoft.EntityFrameworkCore.Query.ShapedQueryCompilingExpressionVisitor.SingleAsync[TSource](IAsyncEnumerable`1 asyncEnumerable, CancellationToken cancellationToken)
   at Water.Bill.API.Controllers.Mvc.DashboardController.BuildAdminSummaryCardsAsync(IQueryable`1 pendingTaskQuery, CancellationToken ct) in C:\Users\Lekesh\Prince Yadav\Vedang Projects\Water Bill\VedangSoft.BPMS\Water.Bill\src\Water.Bill.API\Controllers\Mvc\DashboardController.cs:line 392
   at Water.Bill.API.Controllers.Mvc.DashboardController.GetCachedDashboardValueAsync[T](String key, Func`1 factory) in C:\Users\Lekesh\Prince Yadav\Vedang Projects\Water Bill\VedangSoft.BPMS\Water.Bill\src\Water.Bill.API\Controllers\Mvc\DashboardController.cs:line 915
   at Water.Bill.API.Controllers.Mvc.DashboardController.BuildAdminDashboardAsync(String userName, String roleName, Nullable`1 defaulterThreshold, CancellationToken ct) in C:\Users\Lekesh\Prince Yadav\Vedang Projects\Water Bill\VedangSoft.BPMS\Water.Bill\src\Water.Bill.API\Controllers\Mvc\DashboardController.cs:line 67
   at Water.Bill.API.Controllers.Mvc.DashboardController.Index(Nullable`1 defaulterThreshold, CancellationToken ct) in C:\Users\Lekesh\Prince Yadav\Vedang Projects\Water Bill\VedangSoft.BPMS\Water.Bill\src\Water.Bill.API\Controllers\Mvc\DashboardController.cs:line 57
   at Microsoft.AspNetCore.Mvc.Infrastructure.ActionMethodExecutor.TaskOfIActionResultExecutor.Execute(ActionContext actionContext, IActionResultTypeMapper mapper, ObjectMethodExecutor executor, Object controller, Object[] arguments)
   at Microsoft.AspNetCore.Mvc.Infrastructure.ControllerActionInvoker.<InvokeActionMethodAsync>g__Awaited|12_0(ControllerActionInvoker invoker, ValueTask`1 actionResultValueTask)
   at Microsoft.AspNetCore.Mvc.Infrastructure.ControllerActionInvoker.<InvokeNextActionFilterAsync>g__Awaited|10_0(ControllerActionInvoker invoker, Task lastTask, State next, Scope scope, Object state, Boolean isCompleted)
   at Microsoft.AspNetCore.Mvc.Infrastructure.ControllerActionInvoker.Rethrow(ActionExecutedContextSealed context)
   at Microsoft.AspNetCore.Mvc.Infrastructure.ControllerActionInvoker.Next(State& next, Scope& scope, Object& state, Boolean& isCompleted)
   at Microsoft.AspNetCore.Mvc.Infrastructure.ControllerActionInvoker.<InvokeInnerFilterAsync>g__Awaited|13_0(ControllerActionInvoker invoker, Task lastTask, State next, Scope scope, Object state, Boolean isCompleted)
   at Microsoft.AspNetCore.Mvc.Infrastructure.ResourceInvoker.<InvokeNextResourceFilter>g__Awaited|25_0(ResourceInvoker invoker, Task lastTask, State next, Scope scope, Object state, Boolean isCompleted)
   at Microsoft.AspNetCore.Mvc.Infrastructure.ResourceInvoker.Rethrow(ResourceExecutedContextSealed context)
   at Microsoft.AspNetCore.Mvc.Infrastructure.ResourceInvoker.Next(State& next, Scope& scope, Object& state, Boolean& isCompleted)
   at Microsoft.AspNetCore.Mvc.Infrastructure.ResourceInvoker.<InvokeFilterPipelineAsync>g__Awaited|20_0(ResourceInvoker invoker, Task lastTask, State next, Scope scope, Object state, Boolean isCompleted)
   at Microsoft.AspNetCore.Mvc.Infrastructure.ResourceInvoker.<InvokeAsync>g__Awaited|17_0(ResourceInvoker invoker, Task task, IDisposable scope)
   at Microsoft.AspNetCore.Mvc.Infrastructure.ResourceInvoker.<InvokeAsync>g__Awaited|17_0(ResourceInvoker invoker, Task task, IDisposable scope)
   at Microsoft.AspNetCore.Authorization.AuthorizationMiddleware.Invoke(HttpContext context)
   at Program.<>c.<<<Main>$>b__0_5>d.MoveNext() in C:\Users\Lekesh\Prince Yadav\Vedang Projects\Water Bill\VedangSoft.BPMS\Water.Bill\src\Water.Bill.API\Program.cs:line 104
--- End of stack trace from previous location ---
   at Microsoft.AspNetCore.Authentication.AuthenticationMiddleware.Invoke(HttpContext context)
   at Water.Bill.Infrastructure.Middleware.GlobalExceptionLoggingMiddleware.InvokeAsync(HttpContext context) in C:\Users\Lekesh\Prince Yadav\Vedang Projects\Water Bill\VedangSoft.BPMS\Water.Bill\src\Water.Bill.Infrastructure\Middleware\GlobalExceptionLoggingMiddleware.cs:line 37
2026-06-23 01:58:37.039 +05:30 [INF] Now listening on: https://localhost:7183
2026-06-23 01:58:38.945 +05:30 [INF] Now listening on: http://localhost:5264
2026-06-23 01:58:39.672 +05:30 [INF] Application started. Press Ctrl+C to shut down.
2026-06-23 01:58:39.703 +05:30 [INF] Hosting environment: Development
2026-06-23 01:58:39.705 +05:30 [INF] Content root path: C:\Users\Lekesh\Prince Yadav\Vedang Projects\Water Bill\VedangSoft.BPMS\Water.Bill\src\Water.Bill.API
2026-06-23 01:58:49.687 +05:30 [WRN] The 'bool' property 'IsActive' on entity type 'AuthorityLoginOtpVerification' is configured with a database-generated default, but has no configured sentinel value. The database-generated default will always be used for inserts when the property has the value 'False', since this is the CLR default for the 'bool' type. Consider using a nullable type, using a nullable backing field, or setting the sentinel value for the property to ensure the database default is used when, and only when, appropriate. See https://aka.ms/efcore-docs-default-values for more information.
2026-06-23 01:58:49.701 +05:30 [WRN] The 'bool' property 'IsDeleted' on entity type 'AuthorityLoginOtpVerification' is configured with a database-generated default, but has no configured sentinel value. The database-generated default will always be used for inserts when the property has the value 'False', since this is the CLR default for the 'bool' type. Consider using a nullable type, using a nullable backing field, or setting the sentinel value for the property to ensure the database default is used when, and only when, appropriate. See https://aka.ms/efcore-docs-default-values for more information.
2026-06-23 01:58:49.706 +05:30 [WRN] The 'bool' property 'IsActive' on entity type 'CommunicationPurpose' is configured with a database-generated default, but has no configured sentinel value. The database-generated default will always be used for inserts when the property has the value 'False', since this is the CLR default for the 'bool' type. Consider using a nullable type, using a nullable backing field, or setting the sentinel value for the property to ensure the database default is used when, and only when, appropriate. See https://aka.ms/efcore-docs-default-values for more information.
2026-06-23 01:58:49.711 +05:30 [WRN] The 'bool' property 'IsSystem' on entity type 'CommunicationPurpose' is configured with a database-generated default, but has no configured sentinel value. The database-generated default will always be used for inserts when the property has the value 'False', since this is the CLR default for the 'bool' type. Consider using a nullable type, using a nullable backing field, or setting the sentinel value for the property to ensure the database default is used when, and only when, appropriate. See https://aka.ms/efcore-docs-default-values for more information.
2026-06-23 01:58:49.717 +05:30 [WRN] The 'bool' property 'IsActive' on entity type 'CommunicationTemplate' is configured with a database-generated default, but has no configured sentinel value. The database-generated default will always be used for inserts when the property has the value 'False', since this is the CLR default for the 'bool' type. Consider using a nullable type, using a nullable backing field, or setting the sentinel value for the property to ensure the database default is used when, and only when, appropriate. See https://aka.ms/efcore-docs-default-values for more information.
2026-06-23 01:58:49.722 +05:30 [WRN] The 'bool' property 'IsDefault' on entity type 'CommunicationTemplate' is configured with a database-generated default, but has no configured sentinel value. The database-generated default will always be used for inserts when the property has the value 'False', since this is the CLR default for the 'bool' type. Consider using a nullable type, using a nullable backing field, or setting the sentinel value for the property to ensure the database default is used when, and only when, appropriate. See https://aka.ms/efcore-docs-default-values for more information.
2026-06-23 01:58:49.730 +05:30 [WRN] The 'bool' property 'IsDeleted' on entity type 'CommunicationTemplate' is configured with a database-generated default, but has no configured sentinel value. The database-generated default will always be used for inserts when the property has the value 'False', since this is the CLR default for the 'bool' type. Consider using a nullable type, using a nullable backing field, or setting the sentinel value for the property to ensure the database default is used when, and only when, appropriate. See https://aka.ms/efcore-docs-default-values for more information.
2026-06-23 01:58:49.737 +05:30 [WRN] The 'bool' property 'IsActive' on entity type 'ConsumerOtpVerification' is configured with a database-generated default, but has no configured sentinel value. The database-generated default will always be used for inserts when the property has the value 'False', since this is the CLR default for the 'bool' type. Consider using a nullable type, using a nullable backing field, or setting the sentinel value for the property to ensure the database default is used when, and only when, appropriate. See https://aka.ms/efcore-docs-default-values for more information.
2026-06-23 01:58:49.746 +05:30 [WRN] The 'bool' property 'IsDeleted' on entity type 'ConsumerOtpVerification' is configured with a database-generated default, but has no configured sentinel value. The database-generated default will always be used for inserts when the property has the value 'False', since this is the CLR default for the 'bool' type. Consider using a nullable type, using a nullable backing field, or setting the sentinel value for the property to ensure the database default is used when, and only when, appropriate. See https://aka.ms/efcore-docs-default-values for more information.
2026-06-23 01:58:49.754 +05:30 [WRN] The 'bool' property 'IsDeleted' on entity type 'InAppNotification' is configured with a database-generated default, but has no configured sentinel value. The database-generated default will always be used for inserts when the property has the value 'False', since this is the CLR default for the 'bool' type. Consider using a nullable type, using a nullable backing field, or setting the sentinel value for the property to ensure the database default is used when, and only when, appropriate. See https://aka.ms/efcore-docs-default-values for more information.
2026-06-23 01:58:49.762 +05:30 [WRN] The 'bool' property 'IsRead' on entity type 'InAppNotification' is configured with a database-generated default, but has no configured sentinel value. The database-generated default will always be used for inserts when the property has the value 'False', since this is the CLR default for the 'bool' type. Consider using a nullable type, using a nullable backing field, or setting the sentinel value for the property to ensure the database default is used when, and only when, appropriate. See https://aka.ms/efcore-docs-default-values for more information.
2026-06-23 01:58:49.776 +05:30 [WRN] The 'bool' property 'ShowInSidebar' on entity type 'Menuitem' is configured with a database-generated default, but has no configured sentinel value. The database-generated default will always be used for inserts when the property has the value 'False', since this is the CLR default for the 'bool' type. Consider using a nullable type, using a nullable backing field, or setting the sentinel value for the property to ensure the database default is used when, and only when, appropriate. See https://aka.ms/efcore-docs-default-values for more information.
2026-06-23 01:58:49.788 +05:30 [WRN] The 'bool' property 'IsActive' on entity type 'PermissionModule' is configured with a database-generated default, but has no configured sentinel value. The database-generated default will always be used for inserts when the property has the value 'False', since this is the CLR default for the 'bool' type. Consider using a nullable type, using a nullable backing field, or setting the sentinel value for the property to ensure the database default is used when, and only when, appropriate. See https://aka.ms/efcore-docs-default-values for more information.
2026-06-23 01:58:49.796 +05:30 [WRN] The 'bool' property 'IsDeleted' on entity type 'PermissionModule' is configured with a database-generated default, but has no configured sentinel value. The database-generated default will always be used for inserts when the property has the value 'False', since this is the CLR default for the 'bool' type. Consider using a nullable type, using a nullable backing field, or setting the sentinel value for the property to ensure the database default is used when, and only when, appropriate. See https://aka.ms/efcore-docs-default-values for more information.
2026-06-23 01:59:22.960 +05:30 [ERR] Unhandled exception captured for /Dashboard/AdminWidgets. TraceId: 0HNMGJJBC1A2L:0000000D
System.Threading.Tasks.TaskCanceledException: A task was canceled.
   at Water.Bill.API.Controllers.Mvc.DashboardController.BuildDefaulterWidgetAsync(Int32 totalConsumers, Nullable`1 defaulterThreshold, CancellationToken ct) in C:\Users\Lekesh\Prince Yadav\Vedang Projects\Water Bill\VedangSoft.BPMS\Water.Bill\src\Water.Bill.API\Controllers\Mvc\DashboardController.cs:line 502
   at Water.Bill.API.Controllers.Mvc.DashboardController.BuildDefaulterWidgetAsync(Int32 totalConsumers, Nullable`1 defaulterThreshold, CancellationToken ct) in C:\Users\Lekesh\Prince Yadav\Vedang Projects\Water Bill\VedangSoft.BPMS\Water.Bill\src\Water.Bill.API\Controllers\Mvc\DashboardController.cs:line 506
   at Water.Bill.API.Controllers.Mvc.DashboardController.BuildDefaulterWidgetAsync(Int32 totalConsumers, Nullable`1 defaulterThreshold, CancellationToken ct) in C:\Users\Lekesh\Prince Yadav\Vedang Projects\Water Bill\VedangSoft.BPMS\Water.Bill\src\Water.Bill.API\Controllers\Mvc\DashboardController.cs:line 506
   at Water.Bill.API.Controllers.Mvc.DashboardController.BuildDefaulterWidgetAsync(Int32 totalConsumers, Nullable`1 defaulterThreshold, CancellationToken ct) in C:\Users\Lekesh\Prince Yadav\Vedang Projects\Water Bill\VedangSoft.BPMS\Water.Bill\src\Water.Bill.API\Controllers\Mvc\DashboardController.cs:line 512
   at Water.Bill.API.Controllers.Mvc.DashboardController.BuildAdminWidgetsAsync(Nullable`1 defaulterThreshold, CancellationToken ct) in C:\Users\Lekesh\Prince Yadav\Vedang Projects\Water Bill\VedangSoft.BPMS\Water.Bill\src\Water.Bill.API\Controllers\Mvc\DashboardController.cs:line 345
   at Water.Bill.API.Controllers.Mvc.DashboardController.GetCachedDashboardValueAsync[T](String key, Func`1 factory) in C:\Users\Lekesh\Prince Yadav\Vedang Projects\Water Bill\VedangSoft.BPMS\Water.Bill\src\Water.Bill.API\Controllers\Mvc\DashboardController.cs:line 889
   at Water.Bill.API.Controllers.Mvc.DashboardController.AdminWidgets(Nullable`1 defaulterThreshold, CancellationToken ct) in C:\Users\Lekesh\Prince Yadav\Vedang Projects\Water Bill\VedangSoft.BPMS\Water.Bill\src\Water.Bill.API\Controllers\Mvc\DashboardController.cs:line 111
   at Microsoft.AspNetCore.Mvc.Infrastructure.ActionMethodExecutor.TaskOfIActionResultExecutor.Execute(ActionContext actionContext, IActionResultTypeMapper mapper, ObjectMethodExecutor executor, Object controller, Object[] arguments)
   at Microsoft.AspNetCore.Mvc.Infrastructure.ControllerActionInvoker.<InvokeActionMethodAsync>g__Awaited|12_0(ControllerActionInvoker invoker, ValueTask`1 actionResultValueTask)
   at Microsoft.AspNetCore.Mvc.Infrastructure.ControllerActionInvoker.<InvokeNextActionFilterAsync>g__Awaited|10_0(ControllerActionInvoker invoker, Task lastTask, State next, Scope scope, Object state, Boolean isCompleted)
   at Microsoft.AspNetCore.Mvc.Infrastructure.ControllerActionInvoker.Rethrow(ActionExecutedContextSealed context)
   at Microsoft.AspNetCore.Mvc.Infrastructure.ControllerActionInvoker.Next(State& next, Scope& scope, Object& state, Boolean& isCompleted)
   at Microsoft.AspNetCore.Mvc.Infrastructure.ControllerActionInvoker.<InvokeInnerFilterAsync>g__Awaited|13_0(ControllerActionInvoker invoker, Task lastTask, State next, Scope scope, Object state, Boolean isCompleted)
   at Microsoft.AspNetCore.Mvc.Infrastructure.ResourceInvoker.<InvokeNextResourceFilter>g__Awaited|25_0(ResourceInvoker invoker, Task lastTask, State next, Scope scope, Object state, Boolean isCompleted)
   at Microsoft.AspNetCore.Mvc.Infrastructure.ResourceInvoker.Rethrow(ResourceExecutedContextSealed context)
   at Microsoft.AspNetCore.Mvc.Infrastructure.ResourceInvoker.Next(State& next, Scope& scope, Object& state, Boolean& isCompleted)
   at Microsoft.AspNetCore.Mvc.Infrastructure.ResourceInvoker.<InvokeFilterPipelineAsync>g__Awaited|20_0(ResourceInvoker invoker, Task lastTask, State next, Scope scope, Object state, Boolean isCompleted)
   at Microsoft.AspNetCore.Mvc.Infrastructure.ResourceInvoker.<InvokeAsync>g__Awaited|17_0(ResourceInvoker invoker, Task task, IDisposable scope)
   at Microsoft.AspNetCore.Mvc.Infrastructure.ResourceInvoker.<InvokeAsync>g__Awaited|17_0(ResourceInvoker invoker, Task task, IDisposable scope)
   at Microsoft.AspNetCore.Authorization.AuthorizationMiddleware.Invoke(HttpContext context)
   at Program.<>c.<<<Main>$>b__0_5>d.MoveNext() in C:\Users\Lekesh\Prince Yadav\Vedang Projects\Water Bill\VedangSoft.BPMS\Water.Bill\src\Water.Bill.API\Program.cs:line 104
--- End of stack trace from previous location ---
   at Microsoft.AspNetCore.Authentication.AuthenticationMiddleware.Invoke(HttpContext context)
   at Water.Bill.Infrastructure.Middleware.GlobalExceptionLoggingMiddleware.InvokeAsync(HttpContext context) in C:\Users\Lekesh\Prince Yadav\Vedang Projects\Water Bill\VedangSoft.BPMS\Water.Bill\src\Water.Bill.Infrastructure\Middleware\GlobalExceptionLoggingMiddleware.cs:line 37
2026-06-23 02:00:23.989 +05:30 [ERR] Unhandled exception captured for /Dashboard. TraceId: 0HNMGJJBC1A2M:00000011
System.Threading.Tasks.TaskCanceledException: A task was canceled.
   at Microsoft.EntityFrameworkCore.Query.Internal.BufferedDataReader.BufferedDataRecord.InitializeAsync(DbDataReader reader, IReadOnlyList`1 columns, CancellationToken cancellationToken)
   at Microsoft.EntityFrameworkCore.Query.Internal.BufferedDataReader.InitializeAsync(IReadOnlyList`1 columns, CancellationToken cancellationToken)
   at Microsoft.EntityFrameworkCore.Query.Internal.BufferedDataReader.InitializeAsync(IReadOnlyList`1 columns, CancellationToken cancellationToken)
   at Microsoft.EntityFrameworkCore.Storage.RelationalCommand.ExecuteReaderAsync(RelationalCommandParameterObject parameterObject, CancellationToken cancellationToken)
   at Microsoft.EntityFrameworkCore.Storage.RelationalCommand.ExecuteReaderAsync(RelationalCommandParameterObject parameterObject, CancellationToken cancellationToken)
   at Microsoft.EntityFrameworkCore.Query.Internal.SingleQueryingEnumerable`1.AsyncEnumerator.InitializeReaderAsync(AsyncEnumerator enumerator, CancellationToken cancellationToken)
   at Microsoft.EntityFrameworkCore.Storage.ExecutionStrategy.<>c__DisplayClass30_0`2.<<ExecuteAsync>b__0>d.MoveNext()
--- End of stack trace from previous location ---
   at Microsoft.EntityFrameworkCore.Storage.ExecutionStrategy.ExecuteImplementationAsync[TState,TResult](Func`4 operation, Func`4 verifySucceeded, TState state, CancellationToken cancellationToken)
   at Microsoft.EntityFrameworkCore.Storage.ExecutionStrategy.ExecuteImplementationAsync[TState,TResult](Func`4 operation, Func`4 verifySucceeded, TState state, CancellationToken cancellationToken)
   at Microsoft.EntityFrameworkCore.Storage.ExecutionStrategy.ExecuteAsync[TState,TResult](TState state, Func`4 operation, Func`4 verifySucceeded, CancellationToken cancellationToken)
   at Microsoft.EntityFrameworkCore.Query.Internal.SingleQueryingEnumerable`1.AsyncEnumerator.MoveNextAsync()
   at Microsoft.EntityFrameworkCore.EntityFrameworkQueryableExtensions.ToListAsync[TSource](IQueryable`1 source, CancellationToken cancellationToken)
   at Microsoft.EntityFrameworkCore.EntityFrameworkQueryableExtensions.ToListAsync[TSource](IQueryable`1 source, CancellationToken cancellationToken)
   at Water.Bill.API.Controllers.Mvc.DashboardController.BuildRecentChallansAsync(IQueryable`1 query, CancellationToken ct, Int32 take) in C:\Users\Lekesh\Prince Yadav\Vedang Projects\Water Bill\VedangSoft.BPMS\Water.Bill\src\Water.Bill.API\Controllers\Mvc\DashboardController.cs:line 803
   at Water.Bill.API.Controllers.Mvc.DashboardController.BuildStaffDashboardAsync(Int32 userId, Int32 roleId, String username, String userName, String roleName, Nullable`1 departmentId, CancellationToken ct) in C:\Users\Lekesh\Prince Yadav\Vedang Projects\Water Bill\VedangSoft.BPMS\Water.Bill\src\Water.Bill.API\Controllers\Mvc\DashboardController.cs:line 198
   at Water.Bill.API.Controllers.Mvc.DashboardController.Index(Nullable`1 defaulterThreshold, CancellationToken ct) in C:\Users\Lekesh\Prince Yadav\Vedang Projects\Water Bill\VedangSoft.BPMS\Water.Bill\src\Water.Bill.API\Controllers\Mvc\DashboardController.cs:line 57
   at Microsoft.AspNetCore.Mvc.Infrastructure.ActionMethodExecutor.TaskOfIActionResultExecutor.Execute(ActionContext actionContext, IActionResultTypeMapper mapper, ObjectMethodExecutor executor, Object controller, Object[] arguments)
   at Microsoft.AspNetCore.Mvc.Infrastructure.ControllerActionInvoker.<InvokeActionMethodAsync>g__Awaited|12_0(ControllerActionInvoker invoker, ValueTask`1 actionResultValueTask)
   at Microsoft.AspNetCore.Mvc.Infrastructure.ControllerActionInvoker.<InvokeNextActionFilterAsync>g__Awaited|10_0(ControllerActionInvoker invoker, Task lastTask, State next, Scope scope, Object state, Boolean isCompleted)
   at Microsoft.AspNetCore.Mvc.Infrastructure.ControllerActionInvoker.Rethrow(ActionExecutedContextSealed context)
   at Microsoft.AspNetCore.Mvc.Infrastructure.ControllerActionInvoker.Next(State& next, Scope& scope, Object& state, Boolean& isCompleted)
   at Microsoft.AspNetCore.Mvc.Infrastructure.ControllerActionInvoker.<InvokeInnerFilterAsync>g__Awaited|13_0(ControllerActionInvoker invoker, Task lastTask, State next, Scope scope, Object state, Boolean isCompleted)
   at Microsoft.AspNetCore.Mvc.Infrastructure.ResourceInvoker.<InvokeNextResourceFilter>g__Awaited|25_0(ResourceInvoker invoker, Task lastTask, State next, Scope scope, Object state, Boolean isCompleted)
   at Microsoft.AspNetCore.Mvc.Infrastructure.ResourceInvoker.Rethrow(ResourceExecutedContextSealed context)
   at Microsoft.AspNetCore.Mvc.Infrastructure.ResourceInvoker.Next(State& next, Scope& scope, Object& state, Boolean& isCompleted)
   at Microsoft.AspNetCore.Mvc.Infrastructure.ResourceInvoker.<InvokeFilterPipelineAsync>g__Awaited|20_0(ResourceInvoker invoker, Task lastTask, State next, Scope scope, Object state, Boolean isCompleted)
   at Microsoft.AspNetCore.Mvc.Infrastructure.ResourceInvoker.<InvokeAsync>g__Awaited|17_0(ResourceInvoker invoker, Task task, IDisposable scope)
   at Microsoft.AspNetCore.Mvc.Infrastructure.ResourceInvoker.<InvokeAsync>g__Awaited|17_0(ResourceInvoker invoker, Task task, IDisposable scope)
   at Microsoft.AspNetCore.Authorization.AuthorizationMiddleware.Invoke(HttpContext context)
   at Program.<>c.<<<Main>$>b__0_5>d.MoveNext() in C:\Users\Lekesh\Prince Yadav\Vedang Projects\Water Bill\VedangSoft.BPMS\Water.Bill\src\Water.Bill.API\Program.cs:line 104
--- End of stack trace from previous location ---
   at Microsoft.AspNetCore.Authentication.AuthenticationMiddleware.Invoke(HttpContext context)
   at Water.Bill.Infrastructure.Middleware.GlobalExceptionLoggingMiddleware.InvokeAsync(HttpContext context) in C:\Users\Lekesh\Prince Yadav\Vedang Projects\Water Bill\VedangSoft.BPMS\Water.Bill\src\Water.Bill.Infrastructure\Middleware\GlobalExceptionLoggingMiddleware.cs:line 37
2026-06-23 02:04:23.222 +05:30 [ERR] Unhandled exception captured for /Dashboard. TraceId: 0HNMGJJBC1A2M:0000002F
System.OperationCanceledException: The operation was canceled.
   at System.Threading.CancellationToken.ThrowOperationCanceledException()
   at Microsoft.EntityFrameworkCore.Storage.ExecutionStrategy.ExecuteImplementationAsync[TState,TResult](Func`4 operation, Func`4 verifySucceeded, TState state, CancellationToken cancellationToken)
   at Microsoft.EntityFrameworkCore.Storage.ExecutionStrategy.ExecuteAsync[TState,TResult](TState state, Func`4 operation, Func`4 verifySucceeded, CancellationToken cancellationToken)
   at Microsoft.EntityFrameworkCore.Query.Internal.SingleQueryingEnumerable`1.AsyncEnumerator.MoveNextAsync()
   at Microsoft.EntityFrameworkCore.EntityFrameworkQueryableExtensions.ToListAsync[TSource](IQueryable`1 source, CancellationToken cancellationToken)
   at Microsoft.EntityFrameworkCore.EntityFrameworkQueryableExtensions.ToListAsync[TSource](IQueryable`1 source, CancellationToken cancellationToken)
   at Water.Bill.API.Controllers.Mvc.DashboardController.BuildStaffWorkloadChartAsync(IQueryable`1 assignedPendingQuery, CancellationToken ct) in C:\Users\Lekesh\Prince Yadav\Vedang Projects\Water Bill\VedangSoft.BPMS\Water.Bill\src\Water.Bill.API\Controllers\Mvc\DashboardController.cs:line 578
   at Water.Bill.API.Controllers.Mvc.DashboardController.BuildStaffDashboardAsync(Int32 userId, Int32 roleId, String username, String userName, String roleName, Nullable`1 departmentId, CancellationToken ct) in C:\Users\Lekesh\Prince Yadav\Vedang Projects\Water Bill\VedangSoft.BPMS\Water.Bill\src\Water.Bill.API\Controllers\Mvc\DashboardController.cs:line 197
   at Water.Bill.API.Controllers.Mvc.DashboardController.Index(Nullable`1 defaulterThreshold, CancellationToken ct) in C:\Users\Lekesh\Prince Yadav\Vedang Projects\Water Bill\VedangSoft.BPMS\Water.Bill\src\Water.Bill.API\Controllers\Mvc\DashboardController.cs:line 57
   at Microsoft.AspNetCore.Mvc.Infrastructure.ActionMethodExecutor.TaskOfIActionResultExecutor.Execute(ActionContext actionContext, IActionResultTypeMapper mapper, ObjectMethodExecutor executor, Object controller, Object[] arguments)
   at Microsoft.AspNetCore.Mvc.Infrastructure.ControllerActionInvoker.<InvokeActionMethodAsync>g__Awaited|12_0(ControllerActionInvoker invoker, ValueTask`1 actionResultValueTask)
   at Microsoft.AspNetCore.Mvc.Infrastructure.ControllerActionInvoker.<InvokeNextActionFilterAsync>g__Awaited|10_0(ControllerActionInvoker invoker, Task lastTask, State next, Scope scope, Object state, Boolean isCompleted)
   at Microsoft.AspNetCore.Mvc.Infrastructure.ControllerActionInvoker.Rethrow(ActionExecutedContextSealed context)
   at Microsoft.AspNetCore.Mvc.Infrastructure.ControllerActionInvoker.Next(State& next, Scope& scope, Object& state, Boolean& isCompleted)
   at Microsoft.AspNetCore.Mvc.Infrastructure.ControllerActionInvoker.<InvokeInnerFilterAsync>g__Awaited|13_0(ControllerActionInvoker invoker, Task lastTask, State next, Scope scope, Object state, Boolean isCompleted)
   at Microsoft.AspNetCore.Mvc.Infrastructure.ResourceInvoker.<InvokeNextResourceFilter>g__Awaited|25_0(ResourceInvoker invoker, Task lastTask, State next, Scope scope, Object state, Boolean isCompleted)
   at Microsoft.AspNetCore.Mvc.Infrastructure.ResourceInvoker.Rethrow(ResourceExecutedContextSealed context)
   at Microsoft.AspNetCore.Mvc.Infrastructure.ResourceInvoker.Next(State& next, Scope& scope, Object& state, Boolean& isCompleted)
   at Microsoft.AspNetCore.Mvc.Infrastructure.ResourceInvoker.<InvokeFilterPipelineAsync>g__Awaited|20_0(ResourceInvoker invoker, Task lastTask, State next, Scope scope, Object state, Boolean isCompleted)
   at Microsoft.AspNetCore.Mvc.Infrastructure.ResourceInvoker.<InvokeAsync>g__Awaited|17_0(ResourceInvoker invoker, Task task, IDisposable scope)
   at Microsoft.AspNetCore.Mvc.Infrastructure.ResourceInvoker.<InvokeAsync>g__Awaited|17_0(ResourceInvoker invoker, Task task, IDisposable scope)
   at Microsoft.AspNetCore.Authorization.AuthorizationMiddleware.Invoke(HttpContext context)
   at Program.<>c.<<<Main>$>b__0_5>d.MoveNext() in C:\Users\Lekesh\Prince Yadav\Vedang Projects\Water Bill\VedangSoft.BPMS\Water.Bill\src\Water.Bill.API\Program.cs:line 104
--- End of stack trace from previous location ---
   at Microsoft.AspNetCore.Authentication.AuthenticationMiddleware.Invoke(HttpContext context)
   at Water.Bill.Infrastructure.Middleware.GlobalExceptionLoggingMiddleware.InvokeAsync(HttpContext context) in C:\Users\Lekesh\Prince Yadav\Vedang Projects\Water Bill\VedangSoft.BPMS\Water.Bill\src\Water.Bill.Infrastructure\Middleware\GlobalExceptionLoggingMiddleware.cs:line 37
2026-06-23 02:04:24.550 +05:30 [ERR] Unhandled exception captured for /Dashboard. TraceId: 0HNMGJJBC1A2M:00000031
System.OperationCanceledException: The operation was canceled.
   at System.Threading.CancellationToken.ThrowOperationCanceledException()
   at Microsoft.EntityFrameworkCore.Storage.ExecutionStrategy.ExecuteImplementationAsync[TState,TResult](Func`4 operation, Func`4 verifySucceeded, TState state, CancellationToken cancellationToken)
   at Microsoft.EntityFrameworkCore.Storage.ExecutionStrategy.ExecuteAsync[TState,TResult](TState state, Func`4 operation, Func`4 verifySucceeded, CancellationToken cancellationToken)
   at Microsoft.EntityFrameworkCore.Query.Internal.SingleQueryingEnumerable`1.AsyncEnumerator.MoveNextAsync()
   at Microsoft.EntityFrameworkCore.Query.ShapedQueryCompilingExpressionVisitor.SingleAsync[TSource](IAsyncEnumerable`1 asyncEnumerable, CancellationToken cancellationToken)
   at Microsoft.EntityFrameworkCore.Query.ShapedQueryCompilingExpressionVisitor.SingleAsync[TSource](IAsyncEnumerable`1 asyncEnumerable, CancellationToken cancellationToken)
   at Water.Bill.API.Controllers.Mvc.DashboardController.BuildStaffDashboardAsync(Int32 userId, Int32 roleId, String username, String userName, String roleName, Nullable`1 departmentId, CancellationToken ct) in C:\Users\Lekesh\Prince Yadav\Vedang Projects\Water Bill\VedangSoft.BPMS\Water.Bill\src\Water.Bill.API\Controllers\Mvc\DashboardController.cs:line 162
   at Water.Bill.API.Controllers.Mvc.DashboardController.Index(Nullable`1 defaulterThreshold, CancellationToken ct) in C:\Users\Lekesh\Prince Yadav\Vedang Projects\Water Bill\VedangSoft.BPMS\Water.Bill\src\Water.Bill.API\Controllers\Mvc\DashboardController.cs:line 57
   at Microsoft.AspNetCore.Mvc.Infrastructure.ActionMethodExecutor.TaskOfIActionResultExecutor.Execute(ActionContext actionContext, IActionResultTypeMapper mapper, ObjectMethodExecutor executor, Object controller, Object[] arguments)
   at Microsoft.AspNetCore.Mvc.Infrastructure.ControllerActionInvoker.<InvokeActionMethodAsync>g__Awaited|12_0(ControllerActionInvoker invoker, ValueTask`1 actionResultValueTask)
   at Microsoft.AspNetCore.Mvc.Infrastructure.ControllerActionInvoker.<InvokeNextActionFilterAsync>g__Awaited|10_0(ControllerActionInvoker invoker, Task lastTask, State next, Scope scope, Object state, Boolean isCompleted)
   at Microsoft.AspNetCore.Mvc.Infrastructure.ControllerActionInvoker.Rethrow(ActionExecutedContextSealed context)
   at Microsoft.AspNetCore.Mvc.Infrastructure.ControllerActionInvoker.Next(State& next, Scope& scope, Object& state, Boolean& isCompleted)
   at Microsoft.AspNetCore.Mvc.Infrastructure.ControllerActionInvoker.<InvokeInnerFilterAsync>g__Awaited|13_0(ControllerActionInvoker invoker, Task lastTask, State next, Scope scope, Object state, Boolean isCompleted)
   at Microsoft.AspNetCore.Mvc.Infrastructure.ResourceInvoker.<InvokeNextResourceFilter>g__Awaited|25_0(ResourceInvoker invoker, Task lastTask, State next, Scope scope, Object state, Boolean isCompleted)
   at Microsoft.AspNetCore.Mvc.Infrastructure.ResourceInvoker.Rethrow(ResourceExecutedContextSealed context)
   at Microsoft.AspNetCore.Mvc.Infrastructure.ResourceInvoker.Next(State& next, Scope& scope, Object& state, Boolean& isCompleted)
   at Microsoft.AspNetCore.Mvc.Infrastructure.ResourceInvoker.<InvokeFilterPipelineAsync>g__Awaited|20_0(ResourceInvoker invoker, Task lastTask, State next, Scope scope, Object state, Boolean isCompleted)
   at Microsoft.AspNetCore.Mvc.Infrastructure.ResourceInvoker.<InvokeAsync>g__Awaited|17_0(ResourceInvoker invoker, Task task, IDisposable scope)
   at Microsoft.AspNetCore.Mvc.Infrastructure.ResourceInvoker.<InvokeAsync>g__Awaited|17_0(ResourceInvoker invoker, Task task, IDisposable scope)
   at Microsoft.AspNetCore.Authorization.AuthorizationMiddleware.Invoke(HttpContext context)
   at Program.<>c.<<<Main>$>b__0_5>d.MoveNext() in C:\Users\Lekesh\Prince Yadav\Vedang Projects\Water Bill\VedangSoft.BPMS\Water.Bill\src\Water.Bill.API\Program.cs:line 104
--- End of stack trace from previous location ---
   at Microsoft.AspNetCore.Authentication.AuthenticationMiddleware.Invoke(HttpContext context)
   at Water.Bill.Infrastructure.Middleware.GlobalExceptionLoggingMiddleware.InvokeAsync(HttpContext context) in C:\Users\Lekesh\Prince Yadav\Vedang Projects\Water Bill\VedangSoft.BPMS\Water.Bill\src\Water.Bill.Infrastructure\Middleware\GlobalExceptionLoggingMiddleware.cs:line 37
2026-06-23 02:07:44.289 +05:30 [INF] Now listening on: https://localhost:7183
2026-06-23 02:07:46.498 +05:30 [INF] Now listening on: http://localhost:5264
2026-06-23 02:07:47.174 +05:30 [INF] Application started. Press Ctrl+C to shut down.
2026-06-23 02:07:47.416 +05:30 [INF] Hosting environment: Development
2026-06-23 02:07:47.438 +05:30 [INF] Content root path: C:\Users\Lekesh\Prince Yadav\Vedang Projects\Water Bill\VedangSoft.BPMS\Water.Bill\src\Water.Bill.API
2026-06-23 02:07:56.508 +05:30 [WRN] The 'bool' property 'IsActive' on entity type 'AuthorityLoginOtpVerification' is configured with a database-generated default, but has no configured sentinel value. The database-generated default will always be used for inserts when the property has the value 'False', since this is the CLR default for the 'bool' type. Consider using a nullable type, using a nullable backing field, or setting the sentinel value for the property to ensure the database default is used when, and only when, appropriate. See https://aka.ms/efcore-docs-default-values for more information.
2026-06-23 02:07:56.516 +05:30 [WRN] The 'bool' property 'IsDeleted' on entity type 'AuthorityLoginOtpVerification' is configured with a database-generated default, but has no configured sentinel value. The database-generated default will always be used for inserts when the property has the value 'False', since this is the CLR default for the 'bool' type. Consider using a nullable type, using a nullable backing field, or setting the sentinel value for the property to ensure the database default is used when, and only when, appropriate. See https://aka.ms/efcore-docs-default-values for more information.
2026-06-23 02:07:56.525 +05:30 [WRN] The 'bool' property 'IsActive' on entity type 'CommunicationPurpose' is configured with a database-generated default, but has no configured sentinel value. The database-generated default will always be used for inserts when the property has the value 'False', since this is the CLR default for the 'bool' type. Consider using a nullable type, using a nullable backing field, or setting the sentinel value for the property to ensure the database default is used when, and only when, appropriate. See https://aka.ms/efcore-docs-default-values for more information.
2026-06-23 02:07:56.529 +05:30 [WRN] The 'bool' property 'IsSystem' on entity type 'CommunicationPurpose' is configured with a database-generated default, but has no configured sentinel value. The database-generated default will always be used for inserts when the property has the value 'False', since this is the CLR default for the 'bool' type. Consider using a nullable type, using a nullable backing field, or setting the sentinel value for the property to ensure the database default is used when, and only when, appropriate. See https://aka.ms/efcore-docs-default-values for more information.
2026-06-23 02:07:56.534 +05:30 [WRN] The 'bool' property 'IsActive' on entity type 'CommunicationTemplate' is configured with a database-generated default, but has no configured sentinel value. The database-generated default will always be used for inserts when the property has the value 'False', since this is the CLR default for the 'bool' type. Consider using a nullable type, using a nullable backing field, or setting the sentinel value for the property to ensure the database default is used when, and only when, appropriate. See https://aka.ms/efcore-docs-default-values for more information.
2026-06-23 02:07:56.544 +05:30 [WRN] The 'bool' property 'IsDefault' on entity type 'CommunicationTemplate' is configured with a database-generated default, but has no configured sentinel value. The database-generated default will always be used for inserts when the property has the value 'False', since this is the CLR default for the 'bool' type. Consider using a nullable type, using a nullable backing field, or setting the sentinel value for the property to ensure the database default is used when, and only when, appropriate. See https://aka.ms/efcore-docs-default-values for more information.
2026-06-23 02:07:56.561 +05:30 [WRN] The 'bool' property 'IsDeleted' on entity type 'CommunicationTemplate' is configured with a database-generated default, but has no configured sentinel value. The database-generated default will always be used for inserts when the property has the value 'False', since this is the CLR default for the 'bool' type. Consider using a nullable type, using a nullable backing field, or setting the sentinel value for the property to ensure the database default is used when, and only when, appropriate. See https://aka.ms/efcore-docs-default-values for more information.
2026-06-23 02:07:56.574 +05:30 [WRN] The 'bool' property 'IsActive' on entity type 'ConsumerOtpVerification' is configured with a database-generated default, but has no configured sentinel value. The database-generated default will always be used for inserts when the property has the value 'False', since this is the CLR default for the 'bool' type. Consider using a nullable type, using a nullable backing field, or setting the sentinel value for the property to ensure the database default is used when, and only when, appropriate. See https://aka.ms/efcore-docs-default-values for more information.
2026-06-23 02:07:56.579 +05:30 [WRN] The 'bool' property 'IsDeleted' on entity type 'ConsumerOtpVerification' is configured with a database-generated default, but has no configured sentinel value. The database-generated default will always be used for inserts when the property has the value 'False', since this is the CLR default for the 'bool' type. Consider using a nullable type, using a nullable backing field, or setting the sentinel value for the property to ensure the database default is used when, and only when, appropriate. See https://aka.ms/efcore-docs-default-values for more information.
2026-06-23 02:07:56.587 +05:30 [WRN] The 'bool' property 'IsDeleted' on entity type 'InAppNotification' is configured with a database-generated default, but has no configured sentinel value. The database-generated default will always be used for inserts when the property has the value 'False', since this is the CLR default for the 'bool' type. Consider using a nullable type, using a nullable backing field, or setting the sentinel value for the property to ensure the database default is used when, and only when, appropriate. See https://aka.ms/efcore-docs-default-values for more information.
2026-06-23 02:07:56.594 +05:30 [WRN] The 'bool' property 'IsRead' on entity type 'InAppNotification' is configured with a database-generated default, but has no configured sentinel value. The database-generated default will always be used for inserts when the property has the value 'False', since this is the CLR default for the 'bool' type. Consider using a nullable type, using a nullable backing field, or setting the sentinel value for the property to ensure the database default is used when, and only when, appropriate. See https://aka.ms/efcore-docs-default-values for more information.
2026-06-23 02:07:56.601 +05:30 [WRN] The 'bool' property 'ShowInSidebar' on entity type 'Menuitem' is configured with a database-generated default, but has no configured sentinel value. The database-generated default will always be used for inserts when the property has the value 'False', since this is the CLR default for the 'bool' type. Consider using a nullable type, using a nullable backing field, or setting the sentinel value for the property to ensure the database default is used when, and only when, appropriate. See https://aka.ms/efcore-docs-default-values for more information.
2026-06-23 02:07:56.610 +05:30 [WRN] The 'bool' property 'IsActive' on entity type 'PermissionModule' is configured with a database-generated default, but has no configured sentinel value. The database-generated default will always be used for inserts when the property has the value 'False', since this is the CLR default for the 'bool' type. Consider using a nullable type, using a nullable backing field, or setting the sentinel value for the property to ensure the database default is used when, and only when, appropriate. See https://aka.ms/efcore-docs-default-values for more information.
2026-06-23 02:07:56.617 +05:30 [WRN] The 'bool' property 'IsDeleted' on entity type 'PermissionModule' is configured with a database-generated default, but has no configured sentinel value. The database-generated default will always be used for inserts when the property has the value 'False', since this is the CLR default for the 'bool' type. Consider using a nullable type, using a nullable backing field, or setting the sentinel value for the property to ensure the database default is used when, and only when, appropriate. See https://aka.ms/efcore-docs-default-values for more information.
2026-06-23 02:10:21.791 +05:30 [WRN] The query uses the 'Distinct' operator after applying an ordering. If there are any row limiting operation used before 'Distinct' and after ordering then ordering will be used for it. Ordering(s) will be erased after 'Distinct' and results afterwards would be unordered.
2026-06-23 02:21:10.468 +05:30 [INF] Now listening on: https://localhost:7183
2026-06-23 02:21:12.784 +05:30 [INF] Now listening on: http://localhost:5264
2026-06-23 02:21:13.625 +05:30 [INF] Application started. Press Ctrl+C to shut down.
2026-06-23 02:21:13.640 +05:30 [INF] Hosting environment: Development
2026-06-23 02:21:13.654 +05:30 [INF] Content root path: C:\Users\Lekesh\Prince Yadav\Vedang Projects\Water Bill\VedangSoft.BPMS\Water.Bill\src\Water.Bill.API
2026-06-23 02:21:24.710 +05:30 [WRN] The 'bool' property 'IsActive' on entity type 'AuthorityLoginOtpVerification' is configured with a database-generated default, but has no configured sentinel value. The database-generated default will always be used for inserts when the property has the value 'False', since this is the CLR default for the 'bool' type. Consider using a nullable type, using a nullable backing field, or setting the sentinel value for the property to ensure the database default is used when, and only when, appropriate. See https://aka.ms/efcore-docs-default-values for more information.
2026-06-23 02:21:24.721 +05:30 [WRN] The 'bool' property 'IsDeleted' on entity type 'AuthorityLoginOtpVerification' is configured with a database-generated default, but has no configured sentinel value. The database-generated default will always be used for inserts when the property has the value 'False', since this is the CLR default for the 'bool' type. Consider using a nullable type, using a nullable backing field, or setting the sentinel value for the property to ensure the database default is used when, and only when, appropriate. See https://aka.ms/efcore-docs-default-values for more information.
2026-06-23 02:21:24.729 +05:30 [WRN] The 'bool' property 'IsActive' on entity type 'CommunicationPurpose' is configured with a database-generated default, but has no configured sentinel value. The database-generated default will always be used for inserts when the property has the value 'False', since this is the CLR default for the 'bool' type. Consider using a nullable type, using a nullable backing field, or setting the sentinel value for the property to ensure the database default is used when, and only when, appropriate. See https://aka.ms/efcore-docs-default-values for more information.
2026-06-23 02:21:24.735 +05:30 [WRN] The 'bool' property 'IsSystem' on entity type 'CommunicationPurpose' is configured with a database-generated default, but has no configured sentinel value. The database-generated default will always be used for inserts when the property has the value 'False', since this is the CLR default for the 'bool' type. Consider using a nullable type, using a nullable backing field, or setting the sentinel value for the property to ensure the database default is used when, and only when, appropriate. See https://aka.ms/efcore-docs-default-values for more information.
2026-06-23 02:21:24.744 +05:30 [WRN] The 'bool' property 'IsActive' on entity type 'CommunicationTemplate' is configured with a database-generated default, but has no configured sentinel value. The database-generated default will always be used for inserts when the property has the value 'False', since this is the CLR default for the 'bool' type. Consider using a nullable type, using a nullable backing field, or setting the sentinel value for the property to ensure the database default is used when, and only when, appropriate. See https://aka.ms/efcore-docs-default-values for more information.
2026-06-23 02:21:24.761 +05:30 [WRN] The 'bool' property 'IsDefault' on entity type 'CommunicationTemplate' is configured with a database-generated default, but has no configured sentinel value. The database-generated default will always be used for inserts when the property has the value 'False', since this is the CLR default for the 'bool' type. Consider using a nullable type, using a nullable backing field, or setting the sentinel value for the property to ensure the database default is used when, and only when, appropriate. See https://aka.ms/efcore-docs-default-values for more information.
2026-06-23 02:21:24.776 +05:30 [WRN] The 'bool' property 'IsDeleted' on entity type 'CommunicationTemplate' is configured with a database-generated default, but has no configured sentinel value. The database-generated default will always be used for inserts when the property has the value 'False', since this is the CLR default for the 'bool' type. Consider using a nullable type, using a nullable backing field, or setting the sentinel value for the property to ensure the database default is used when, and only when, appropriate. See https://aka.ms/efcore-docs-default-values for more information.
2026-06-23 02:21:24.805 +05:30 [WRN] The 'bool' property 'IsActive' on entity type 'ConsumerOtpVerification' is configured with a database-generated default, but has no configured sentinel value. The database-generated default will always be used for inserts when the property has the value 'False', since this is the CLR default for the 'bool' type. Consider using a nullable type, using a nullable backing field, or setting the sentinel value for the property to ensure the database default is used when, and only when, appropriate. See https://aka.ms/efcore-docs-default-values for more information.
2026-06-23 02:21:24.826 +05:30 [WRN] The 'bool' property 'IsDeleted' on entity type 'ConsumerOtpVerification' is configured with a database-generated default, but has no configured sentinel value. The database-generated default will always be used for inserts when the property has the value 'False', since this is the CLR default for the 'bool' type. Consider using a nullable type, using a nullable backing field, or setting the sentinel value for the property to ensure the database default is used when, and only when, appropriate. See https://aka.ms/efcore-docs-default-values for more information.
2026-06-23 02:21:24.839 +05:30 [WRN] The 'bool' property 'IsDeleted' on entity type 'InAppNotification' is configured with a database-generated default, but has no configured sentinel value. The database-generated default will always be used for inserts when the property has the value 'False', since this is the CLR default for the 'bool' type. Consider using a nullable type, using a nullable backing field, or setting the sentinel value for the property to ensure the database default is used when, and only when, appropriate. See https://aka.ms/efcore-docs-default-values for more information.
2026-06-23 02:21:24.885 +05:30 [WRN] The 'bool' property 'IsRead' on entity type 'InAppNotification' is configured with a database-generated default, but has no configured sentinel value. The database-generated default will always be used for inserts when the property has the value 'False', since this is the CLR default for the 'bool' type. Consider using a nullable type, using a nullable backing field, or setting the sentinel value for the property to ensure the database default is used when, and only when, appropriate. See https://aka.ms/efcore-docs-default-values for more information.
2026-06-23 02:21:24.903 +05:30 [WRN] The 'bool' property 'ShowInSidebar' on entity type 'Menuitem' is configured with a database-generated default, but has no configured sentinel value. The database-generated default will always be used for inserts when the property has the value 'False', since this is the CLR default for the 'bool' type. Consider using a nullable type, using a nullable backing field, or setting the sentinel value for the property to ensure the database default is used when, and only when, appropriate. See https://aka.ms/efcore-docs-default-values for more information.
2026-06-23 02:21:24.919 +05:30 [WRN] The 'bool' property 'IsActive' on entity type 'PermissionModule' is configured with a database-generated default, but has no configured sentinel value. The database-generated default will always be used for inserts when the property has the value 'False', since this is the CLR default for the 'bool' type. Consider using a nullable type, using a nullable backing field, or setting the sentinel value for the property to ensure the database default is used when, and only when, appropriate. See https://aka.ms/efcore-docs-default-values for more information.
2026-06-23 02:21:25.049 +05:30 [WRN] The 'bool' property 'IsDeleted' on entity type 'PermissionModule' is configured with a database-generated default, but has no configured sentinel value. The database-generated default will always be used for inserts when the property has the value 'False', since this is the CLR default for the 'bool' type. Consider using a nullable type, using a nullable backing field, or setting the sentinel value for the property to ensure the database default is used when, and only when, appropriate. See https://aka.ms/efcore-docs-default-values for more information.
2026-06-23 02:29:30.242 +05:30 [INF] Now listening on: https://localhost:7183
2026-06-23 02:29:33.117 +05:30 [INF] Now listening on: http://localhost:5264
2026-06-23 02:29:34.398 +05:30 [INF] Application started. Press Ctrl+C to shut down.
2026-06-23 02:29:39.832 +05:30 [INF] Hosting environment: Development
2026-06-23 02:29:40.136 +05:30 [INF] Content root path: C:\Users\Lekesh\Prince Yadav\Vedang Projects\Water Bill\VedangSoft.BPMS\Water.Bill\src\Water.Bill.API
2026-06-23 02:29:56.418 +05:30 [WRN] The 'bool' property 'IsActive' on entity type 'AuthorityLoginOtpVerification' is configured with a database-generated default, but has no configured sentinel value. The database-generated default will always be used for inserts when the property has the value 'False', since this is the CLR default for the 'bool' type. Consider using a nullable type, using a nullable backing field, or setting the sentinel value for the property to ensure the database default is used when, and only when, appropriate. See https://aka.ms/efcore-docs-default-values for more information.
2026-06-23 02:29:59.471 +05:30 [WRN] The 'bool' property 'IsDeleted' on entity type 'AuthorityLoginOtpVerification' is configured with a database-generated default, but has no configured sentinel value. The database-generated default will always be used for inserts when the property has the value 'False', since this is the CLR default for the 'bool' type. Consider using a nullable type, using a nullable backing field, or setting the sentinel value for the property to ensure the database default is used when, and only when, appropriate. See https://aka.ms/efcore-docs-default-values for more information.
2026-06-23 02:30:00.468 +05:30 [WRN] The 'bool' property 'IsActive' on entity type 'CommunicationPurpose' is configured with a database-generated default, but has no configured sentinel value. The database-generated default will always be used for inserts when the property has the value 'False', since this is the CLR default for the 'bool' type. Consider using a nullable type, using a nullable backing field, or setting the sentinel value for the property to ensure the database default is used when, and only when, appropriate. See https://aka.ms/efcore-docs-default-values for more information.
2026-06-23 02:30:01.211 +05:30 [WRN] The 'bool' property 'IsSystem' on entity type 'CommunicationPurpose' is configured with a database-generated default, but has no configured sentinel value. The database-generated default will always be used for inserts when the property has the value 'False', since this is the CLR default for the 'bool' type. Consider using a nullable type, using a nullable backing field, or setting the sentinel value for the property to ensure the database default is used when, and only when, appropriate. See https://aka.ms/efcore-docs-default-values for more information.
2026-06-23 02:30:01.546 +05:30 [WRN] The 'bool' property 'IsActive' on entity type 'CommunicationTemplate' is configured with a database-generated default, but has no configured sentinel value. The database-generated default will always be used for inserts when the property has the value 'False', since this is the CLR default for the 'bool' type. Consider using a nullable type, using a nullable backing field, or setting the sentinel value for the property to ensure the database default is used when, and only when, appropriate. See https://aka.ms/efcore-docs-default-values for more information.
2026-06-23 02:30:01.568 +05:30 [WRN] The 'bool' property 'IsDefault' on entity type 'CommunicationTemplate' is configured with a database-generated default, but has no configured sentinel value. The database-generated default will always be used for inserts when the property has the value 'False', since this is the CLR default for the 'bool' type. Consider using a nullable type, using a nullable backing field, or setting the sentinel value for the property to ensure the database default is used when, and only when, appropriate. See https://aka.ms/efcore-docs-default-values for more information.
2026-06-23 02:30:01.611 +05:30 [WRN] The 'bool' property 'IsDeleted' on entity type 'CommunicationTemplate' is configured with a database-generated default, but has no configured sentinel value. The database-generated default will always be used for inserts when the property has the value 'False', since this is the CLR default for the 'bool' type. Consider using a nullable type, using a nullable backing field, or setting the sentinel value for the property to ensure the database default is used when, and only when, appropriate. See https://aka.ms/efcore-docs-default-values for more information.
2026-06-23 02:30:01.618 +05:30 [WRN] The 'bool' property 'IsActive' on entity type 'ConsumerOtpVerification' is configured with a database-generated default, but has no configured sentinel value. The database-generated default will always be used for inserts when the property has the value 'False', since this is the CLR default for the 'bool' type. Consider using a nullable type, using a nullable backing field, or setting the sentinel value for the property to ensure the database default is used when, and only when, appropriate. See https://aka.ms/efcore-docs-default-values for more information.
2026-06-23 02:30:01.623 +05:30 [WRN] The 'bool' property 'IsDeleted' on entity type 'ConsumerOtpVerification' is configured with a database-generated default, but has no configured sentinel value. The database-generated default will always be used for inserts when the property has the value 'False', since this is the CLR default for the 'bool' type. Consider using a nullable type, using a nullable backing field, or setting the sentinel value for the property to ensure the database default is used when, and only when, appropriate. See https://aka.ms/efcore-docs-default-values for more information.
2026-06-23 02:30:01.628 +05:30 [WRN] The 'bool' property 'IsDeleted' on entity type 'InAppNotification' is configured with a database-generated default, but has no configured sentinel value. The database-generated default will always be used for inserts when the property has the value 'False', since this is the CLR default for the 'bool' type. Consider using a nullable type, using a nullable backing field, or setting the sentinel value for the property to ensure the database default is used when, and only when, appropriate. See https://aka.ms/efcore-docs-default-values for more information.
2026-06-23 02:30:01.634 +05:30 [WRN] The 'bool' property 'IsRead' on entity type 'InAppNotification' is configured with a database-generated default, but has no configured sentinel value. The database-generated default will always be used for inserts when the property has the value 'False', since this is the CLR default for the 'bool' type. Consider using a nullable type, using a nullable backing field, or setting the sentinel value for the property to ensure the database default is used when, and only when, appropriate. See https://aka.ms/efcore-docs-default-values for more information.
2026-06-23 02:30:01.640 +05:30 [WRN] The 'bool' property 'ShowInSidebar' on entity type 'Menuitem' is configured with a database-generated default, but has no configured sentinel value. The database-generated default will always be used for inserts when the property has the value 'False', since this is the CLR default for the 'bool' type. Consider using a nullable type, using a nullable backing field, or setting the sentinel value for the property to ensure the database default is used when, and only when, appropriate. See https://aka.ms/efcore-docs-default-values for more information.
2026-06-23 02:30:01.647 +05:30 [WRN] The 'bool' property 'IsActive' on entity type 'PermissionModule' is configured with a database-generated default, but has no configured sentinel value. The database-generated default will always be used for inserts when the property has the value 'False', since this is the CLR default for the 'bool' type. Consider using a nullable type, using a nullable backing field, or setting the sentinel value for the property to ensure the database default is used when, and only when, appropriate. See https://aka.ms/efcore-docs-default-values for more information.
2026-06-23 02:30:01.653 +05:30 [WRN] The 'bool' property 'IsDeleted' on entity type 'PermissionModule' is configured with a database-generated default, but has no configured sentinel value. The database-generated default will always be used for inserts when the property has the value 'False', since this is the CLR default for the 'bool' type. Consider using a nullable type, using a nullable backing field, or setting the sentinel value for the property to ensure the database default is used when, and only when, appropriate. See https://aka.ms/efcore-docs-default-values for more information.
2026-06-23 02:37:49.513 +05:30 [INF] Now listening on: https://localhost:7183
2026-06-23 02:37:49.845 +05:30 [INF] Now listening on: http://localhost:5264
2026-06-23 02:37:51.030 +05:30 [INF] Application started. Press Ctrl+C to shut down.
2026-06-23 02:37:52.448 +05:30 [INF] Hosting environment: Development
2026-06-23 02:37:52.513 +05:30 [INF] Content root path: C:\Users\Lekesh\Prince Yadav\Vedang Projects\Water Bill\VedangSoft.BPMS\Water.Bill\src\Water.Bill.API
2026-06-23 02:38:01.337 +05:30 [WRN] The 'bool' property 'IsActive' on entity type 'AuthorityLoginOtpVerification' is configured with a database-generated default, but has no configured sentinel value. The database-generated default will always be used for inserts when the property has the value 'False', since this is the CLR default for the 'bool' type. Consider using a nullable type, using a nullable backing field, or setting the sentinel value for the property to ensure the database default is used when, and only when, appropriate. See https://aka.ms/efcore-docs-default-values for more information.
2026-06-23 02:38:01.349 +05:30 [WRN] The 'bool' property 'IsDeleted' on entity type 'AuthorityLoginOtpVerification' is configured with a database-generated default, but has no configured sentinel value. The database-generated default will always be used for inserts when the property has the value 'False', since this is the CLR default for the 'bool' type. Consider using a nullable type, using a nullable backing field, or setting the sentinel value for the property to ensure the database default is used when, and only when, appropriate. See https://aka.ms/efcore-docs-default-values for more information.
2026-06-23 02:38:01.360 +05:30 [WRN] The 'bool' property 'IsActive' on entity type 'CommunicationPurpose' is configured with a database-generated default, but has no configured sentinel value. The database-generated default will always be used for inserts when the property has the value 'False', since this is the CLR default for the 'bool' type. Consider using a nullable type, using a nullable backing field, or setting the sentinel value for the property to ensure the database default is used when, and only when, appropriate. See https://aka.ms/efcore-docs-default-values for more information.
2026-06-23 02:38:01.365 +05:30 [WRN] The 'bool' property 'IsSystem' on entity type 'CommunicationPurpose' is configured with a database-generated default, but has no configured sentinel value. The database-generated default will always be used for inserts when the property has the value 'False', since this is the CLR default for the 'bool' type. Consider using a nullable type, using a nullable backing field, or setting the sentinel value for the property to ensure the database default is used when, and only when, appropriate. See https://aka.ms/efcore-docs-default-values for more information.
2026-06-23 02:38:01.372 +05:30 [WRN] The 'bool' property 'IsActive' on entity type 'CommunicationTemplate' is configured with a database-generated default, but has no configured sentinel value. The database-generated default will always be used for inserts when the property has the value 'False', since this is the CLR default for the 'bool' type. Consider using a nullable type, using a nullable backing field, or setting the sentinel value for the property to ensure the database default is used when, and only when, appropriate. See https://aka.ms/efcore-docs-default-values for more information.
2026-06-23 02:38:01.378 +05:30 [WRN] The 'bool' property 'IsDefault' on entity type 'CommunicationTemplate' is configured with a database-generated default, but has no configured sentinel value. The database-generated default will always be used for inserts when the property has the value 'False', since this is the CLR default for the 'bool' type. Consider using a nullable type, using a nullable backing field, or setting the sentinel value for the property to ensure the database default is used when, and only when, appropriate. See https://aka.ms/efcore-docs-default-values for more information.
2026-06-23 02:38:01.383 +05:30 [WRN] The 'bool' property 'IsDeleted' on entity type 'CommunicationTemplate' is configured with a database-generated default, but has no configured sentinel value. The database-generated default will always be used for inserts when the property has the value 'False', since this is the CLR default for the 'bool' type. Consider using a nullable type, using a nullable backing field, or setting the sentinel value for the property to ensure the database default is used when, and only when, appropriate. See https://aka.ms/efcore-docs-default-values for more information.
2026-06-23 02:38:01.392 +05:30 [WRN] The 'bool' property 'IsActive' on entity type 'ConsumerOtpVerification' is configured with a database-generated default, but has no configured sentinel value. The database-generated default will always be used for inserts when the property has the value 'False', since this is the CLR default for the 'bool' type. Consider using a nullable type, using a nullable backing field, or setting the sentinel value for the property to ensure the database default is used when, and only when, appropriate. See https://aka.ms/efcore-docs-default-values for more information.
2026-06-23 02:38:01.401 +05:30 [WRN] The 'bool' property 'IsDeleted' on entity type 'ConsumerOtpVerification' is configured with a database-generated default, but has no configured sentinel value. The database-generated default will always be used for inserts when the property has the value 'False', since this is the CLR default for the 'bool' type. Consider using a nullable type, using a nullable backing field, or setting the sentinel value for the property to ensure the database default is used when, and only when, appropriate. See https://aka.ms/efcore-docs-default-values for more information.
2026-06-23 02:38:01.412 +05:30 [WRN] The 'bool' property 'IsDeleted' on entity type 'InAppNotification' is configured with a database-generated default, but has no configured sentinel value. The database-generated default will always be used for inserts when the property has the value 'False', since this is the CLR default for the 'bool' type. Consider using a nullable type, using a nullable backing field, or setting the sentinel value for the property to ensure the database default is used when, and only when, appropriate. See https://aka.ms/efcore-docs-default-values for more information.
2026-06-23 02:38:01.424 +05:30 [WRN] The 'bool' property 'IsRead' on entity type 'InAppNotification' is configured with a database-generated default, but has no configured sentinel value. The database-generated default will always be used for inserts when the property has the value 'False', since this is the CLR default for the 'bool' type. Consider using a nullable type, using a nullable backing field, or setting the sentinel value for the property to ensure the database default is used when, and only when, appropriate. See https://aka.ms/efcore-docs-default-values for more information.
2026-06-23 02:38:01.432 +05:30 [WRN] The 'bool' property 'ShowInSidebar' on entity type 'Menuitem' is configured with a database-generated default, but has no configured sentinel value. The database-generated default will always be used for inserts when the property has the value 'False', since this is the CLR default for the 'bool' type. Consider using a nullable type, using a nullable backing field, or setting the sentinel value for the property to ensure the database default is used when, and only when, appropriate. See https://aka.ms/efcore-docs-default-values for more information.
2026-06-23 02:38:01.442 +05:30 [WRN] The 'bool' property 'IsActive' on entity type 'PermissionModule' is configured with a database-generated default, but has no configured sentinel value. The database-generated default will always be used for inserts when the property has the value 'False', since this is the CLR default for the 'bool' type. Consider using a nullable type, using a nullable backing field, or setting the sentinel value for the property to ensure the database default is used when, and only when, appropriate. See https://aka.ms/efcore-docs-default-values for more information.
2026-06-23 02:38:01.450 +05:30 [WRN] The 'bool' property 'IsDeleted' on entity type 'PermissionModule' is configured with a database-generated default, but has no configured sentinel value. The database-generated default will always be used for inserts when the property has the value 'False', since this is the CLR default for the 'bool' type. Consider using a nullable type, using a nullable backing field, or setting the sentinel value for the property to ensure the database default is used when, and only when, appropriate. See https://aka.ms/efcore-docs-default-values for more information.
2026-06-23 02:55:25.582 +05:30 [INF] Now listening on: https://localhost:7183
2026-06-23 02:55:26.413 +05:30 [INF] Now listening on: http://localhost:5264
2026-06-23 02:55:27.619 +05:30 [INF] Application started. Press Ctrl+C to shut down.
2026-06-23 02:55:27.763 +05:30 [INF] Hosting environment: Development
2026-06-23 02:55:27.796 +05:30 [INF] Content root path: C:\Users\Lekesh\Prince Yadav\Vedang Projects\Water Bill\VedangSoft.BPMS\Water.Bill\src\Water.Bill.API
2026-06-23 02:55:36.978 +05:30 [WRN] The 'bool' property 'IsActive' on entity type 'AuthorityLoginOtpVerification' is configured with a database-generated default, but has no configured sentinel value. The database-generated default will always be used for inserts when the property has the value 'False', since this is the CLR default for the 'bool' type. Consider using a nullable type, using a nullable backing field, or setting the sentinel value for the property to ensure the database default is used when, and only when, appropriate. See https://aka.ms/efcore-docs-default-values for more information.
2026-06-23 02:55:36.994 +05:30 [WRN] The 'bool' property 'IsDeleted' on entity type 'AuthorityLoginOtpVerification' is configured with a database-generated default, but has no configured sentinel value. The database-generated default will always be used for inserts when the property has the value 'False', since this is the CLR default for the 'bool' type. Consider using a nullable type, using a nullable backing field, or setting the sentinel value for the property to ensure the database default is used when, and only when, appropriate. See https://aka.ms/efcore-docs-default-values for more information.
2026-06-23 02:55:37.003 +05:30 [WRN] The 'bool' property 'IsActive' on entity type 'CommunicationPurpose' is configured with a database-generated default, but has no configured sentinel value. The database-generated default will always be used for inserts when the property has the value 'False', since this is the CLR default for the 'bool' type. Consider using a nullable type, using a nullable backing field, or setting the sentinel value for the property to ensure the database default is used when, and only when, appropriate. See https://aka.ms/efcore-docs-default-values for more information.
2026-06-23 02:55:37.029 +05:30 [WRN] The 'bool' property 'IsSystem' on entity type 'CommunicationPurpose' is configured with a database-generated default, but has no configured sentinel value. The database-generated default will always be used for inserts when the property has the value 'False', since this is the CLR default for the 'bool' type. Consider using a nullable type, using a nullable backing field, or setting the sentinel value for the property to ensure the database default is used when, and only when, appropriate. See https://aka.ms/efcore-docs-default-values for more information.
2026-06-23 02:55:37.035 +05:30 [WRN] The 'bool' property 'IsActive' on entity type 'CommunicationTemplate' is configured with a database-generated default, but has no configured sentinel value. The database-generated default will always be used for inserts when the property has the value 'False', since this is the CLR default for the 'bool' type. Consider using a nullable type, using a nullable backing field, or setting the sentinel value for the property to ensure the database default is used when, and only when, appropriate. See https://aka.ms/efcore-docs-default-values for more information.
2026-06-23 02:55:37.082 +05:30 [WRN] The 'bool' property 'IsDefault' on entity type 'CommunicationTemplate' is configured with a database-generated default, but has no configured sentinel value. The database-generated default will always be used for inserts when the property has the value 'False', since this is the CLR default for the 'bool' type. Consider using a nullable type, using a nullable backing field, or setting the sentinel value for the property to ensure the database default is used when, and only when, appropriate. See https://aka.ms/efcore-docs-default-values for more information.
2026-06-23 02:55:37.098 +05:30 [WRN] The 'bool' property 'IsDeleted' on entity type 'CommunicationTemplate' is configured with a database-generated default, but has no configured sentinel value. The database-generated default will always be used for inserts when the property has the value 'False', since this is the CLR default for the 'bool' type. Consider using a nullable type, using a nullable backing field, or setting the sentinel value for the property to ensure the database default is used when, and only when, appropriate. See https://aka.ms/efcore-docs-default-values for more information.
2026-06-23 02:55:37.116 +05:30 [WRN] The 'bool' property 'IsActive' on entity type 'ConsumerOtpVerification' is configured with a database-generated default, but has no configured sentinel value. The database-generated default will always be used for inserts when the property has the value 'False', since this is the CLR default for the 'bool' type. Consider using a nullable type, using a nullable backing field, or setting the sentinel value for the property to ensure the database default is used when, and only when, appropriate. See https://aka.ms/efcore-docs-default-values for more information.
2026-06-23 02:55:37.135 +05:30 [WRN] The 'bool' property 'IsDeleted' on entity type 'ConsumerOtpVerification' is configured with a database-generated default, but has no configured sentinel value. The database-generated default will always be used for inserts when the property has the value 'False', since this is the CLR default for the 'bool' type. Consider using a nullable type, using a nullable backing field, or setting the sentinel value for the property to ensure the database default is used when, and only when, appropriate. See https://aka.ms/efcore-docs-default-values for more information.
2026-06-23 02:55:37.151 +05:30 [WRN] The 'bool' property 'IsDeleted' on entity type 'InAppNotification' is configured with a database-generated default, but has no configured sentinel value. The database-generated default will always be used for inserts when the property has the value 'False', since this is the CLR default for the 'bool' type. Consider using a nullable type, using a nullable backing field, or setting the sentinel value for the property to ensure the database default is used when, and only when, appropriate. See https://aka.ms/efcore-docs-default-values for more information.
2026-06-23 02:55:37.179 +05:30 [WRN] The 'bool' property 'IsRead' on entity type 'InAppNotification' is configured with a database-generated default, but has no configured sentinel value. The database-generated default will always be used for inserts when the property has the value 'False', since this is the CLR default for the 'bool' type. Consider using a nullable type, using a nullable backing field, or setting the sentinel value for the property to ensure the database default is used when, and only when, appropriate. See https://aka.ms/efcore-docs-default-values for more information.
2026-06-23 02:55:37.193 +05:30 [WRN] The 'bool' property 'ShowInSidebar' on entity type 'Menuitem' is configured with a database-generated default, but has no configured sentinel value. The database-generated default will always be used for inserts when the property has the value 'False', since this is the CLR default for the 'bool' type. Consider using a nullable type, using a nullable backing field, or setting the sentinel value for the property to ensure the database default is used when, and only when, appropriate. See https://aka.ms/efcore-docs-default-values for more information.
2026-06-23 02:55:37.401 +05:30 [WRN] The 'bool' property 'IsActive' on entity type 'PermissionModule' is configured with a database-generated default, but has no configured sentinel value. The database-generated default will always be used for inserts when the property has the value 'False', since this is the CLR default for the 'bool' type. Consider using a nullable type, using a nullable backing field, or setting the sentinel value for the property to ensure the database default is used when, and only when, appropriate. See https://aka.ms/efcore-docs-default-values for more information.
2026-06-23 02:55:37.579 +05:30 [WRN] The 'bool' property 'IsDeleted' on entity type 'PermissionModule' is configured with a database-generated default, but has no configured sentinel value. The database-generated default will always be used for inserts when the property has the value 'False', since this is the CLR default for the 'bool' type. Consider using a nullable type, using a nullable backing field, or setting the sentinel value for the property to ensure the database default is used when, and only when, appropriate. See https://aka.ms/efcore-docs-default-values for more information.
2026-06-23 02:57:18.988 +05:30 [ERR] Unhandled exception captured for /Dashboard/AdminWidgets. TraceId: 0HNMGKJ389RVG:0000000F
System.Threading.Tasks.TaskCanceledException: A task was canceled.
   at Water.Bill.API.Controllers.Mvc.DashboardController.BuildDefaulterWidgetAsync(Int32 totalConsumers, Nullable`1 defaulterThreshold, CancellationToken ct) in C:\Users\Lekesh\Prince Yadav\Vedang Projects\Water Bill\VedangSoft.BPMS\Water.Bill\src\Water.Bill.API\Controllers\Mvc\DashboardController.cs:line 502
   at Water.Bill.API.Controllers.Mvc.DashboardController.BuildDefaulterWidgetAsync(Int32 totalConsumers, Nullable`1 defaulterThreshold, CancellationToken ct) in C:\Users\Lekesh\Prince Yadav\Vedang Projects\Water Bill\VedangSoft.BPMS\Water.Bill\src\Water.Bill.API\Controllers\Mvc\DashboardController.cs:line 506
   at Water.Bill.API.Controllers.Mvc.DashboardController.BuildDefaulterWidgetAsync(Int32 totalConsumers, Nullable`1 defaulterThreshold, CancellationToken ct) in C:\Users\Lekesh\Prince Yadav\Vedang Projects\Water Bill\VedangSoft.BPMS\Water.Bill\src\Water.Bill.API\Controllers\Mvc\DashboardController.cs:line 506
   at Water.Bill.API.Controllers.Mvc.DashboardController.BuildDefaulterWidgetAsync(Int32 totalConsumers, Nullable`1 defaulterThreshold, CancellationToken ct) in C:\Users\Lekesh\Prince Yadav\Vedang Projects\Water Bill\VedangSoft.BPMS\Water.Bill\src\Water.Bill.API\Controllers\Mvc\DashboardController.cs:line 512
   at Water.Bill.API.Controllers.Mvc.DashboardController.BuildAdminWidgetsAsync(Nullable`1 defaulterThreshold, CancellationToken ct) in C:\Users\Lekesh\Prince Yadav\Vedang Projects\Water Bill\VedangSoft.BPMS\Water.Bill\src\Water.Bill.API\Controllers\Mvc\DashboardController.cs:line 345
   at Water.Bill.API.Controllers.Mvc.DashboardController.GetCachedDashboardValueAsync[T](String key, Func`1 factory) in C:\Users\Lekesh\Prince Yadav\Vedang Projects\Water Bill\VedangSoft.BPMS\Water.Bill\src\Water.Bill.API\Controllers\Mvc\DashboardController.cs:line 889
   at Water.Bill.API.Controllers.Mvc.DashboardController.AdminWidgets(Nullable`1 defaulterThreshold, CancellationToken ct) in C:\Users\Lekesh\Prince Yadav\Vedang Projects\Water Bill\VedangSoft.BPMS\Water.Bill\src\Water.Bill.API\Controllers\Mvc\DashboardController.cs:line 111
   at Microsoft.AspNetCore.Mvc.Infrastructure.ActionMethodExecutor.TaskOfIActionResultExecutor.Execute(ActionContext actionContext, IActionResultTypeMapper mapper, ObjectMethodExecutor executor, Object controller, Object[] arguments)
   at Microsoft.AspNetCore.Mvc.Infrastructure.ControllerActionInvoker.<InvokeActionMethodAsync>g__Awaited|12_0(ControllerActionInvoker invoker, ValueTask`1 actionResultValueTask)
   at Microsoft.AspNetCore.Mvc.Infrastructure.ControllerActionInvoker.<InvokeNextActionFilterAsync>g__Awaited|10_0(ControllerActionInvoker invoker, Task lastTask, State next, Scope scope, Object state, Boolean isCompleted)
   at Microsoft.AspNetCore.Mvc.Infrastructure.ControllerActionInvoker.Rethrow(ActionExecutedContextSealed context)
   at Microsoft.AspNetCore.Mvc.Infrastructure.ControllerActionInvoker.Next(State& next, Scope& scope, Object& state, Boolean& isCompleted)
   at Microsoft.AspNetCore.Mvc.Infrastructure.ControllerActionInvoker.<InvokeInnerFilterAsync>g__Awaited|13_0(ControllerActionInvoker invoker, Task lastTask, State next, Scope scope, Object state, Boolean isCompleted)
   at Microsoft.AspNetCore.Mvc.Infrastructure.ResourceInvoker.<InvokeNextResourceFilter>g__Awaited|25_0(ResourceInvoker invoker, Task lastTask, State next, Scope scope, Object state, Boolean isCompleted)
   at Microsoft.AspNetCore.Mvc.Infrastructure.ResourceInvoker.Rethrow(ResourceExecutedContextSealed context)
   at Microsoft.AspNetCore.Mvc.Infrastructure.ResourceInvoker.Next(State& next, Scope& scope, Object& state, Boolean& isCompleted)
   at Microsoft.AspNetCore.Mvc.Infrastructure.ResourceInvoker.<InvokeFilterPipelineAsync>g__Awaited|20_0(ResourceInvoker invoker, Task lastTask, State next, Scope scope, Object state, Boolean isCompleted)
   at Microsoft.AspNetCore.Mvc.Infrastructure.ResourceInvoker.<InvokeAsync>g__Awaited|17_0(ResourceInvoker invoker, Task task, IDisposable scope)
   at Microsoft.AspNetCore.Mvc.Infrastructure.ResourceInvoker.<InvokeAsync>g__Awaited|17_0(ResourceInvoker invoker, Task task, IDisposable scope)
   at Microsoft.AspNetCore.Authorization.AuthorizationMiddleware.Invoke(HttpContext context)
   at Program.<>c.<<<Main>$>b__0_5>d.MoveNext() in C:\Users\Lekesh\Prince Yadav\Vedang Projects\Water Bill\VedangSoft.BPMS\Water.Bill\src\Water.Bill.API\Program.cs:line 104
--- End of stack trace from previous location ---
   at Microsoft.AspNetCore.Authentication.AuthenticationMiddleware.Invoke(HttpContext context)
   at Water.Bill.Infrastructure.Middleware.GlobalExceptionLoggingMiddleware.InvokeAsync(HttpContext context) in C:\Users\Lekesh\Prince Yadav\Vedang Projects\Water Bill\VedangSoft.BPMS\Water.Bill\src\Water.Bill.Infrastructure\Middleware\GlobalExceptionLoggingMiddleware.cs:line 37
2026-06-23 02:57:43.193 +05:30 [ERR] Unhandled exception captured for /Dashboard/AdminWidgets. TraceId: 0HNMGKJ389RVH:0000000F
System.Threading.Tasks.TaskCanceledException: A task was canceled.
   at Water.Bill.API.Controllers.Mvc.DashboardController.BuildDefaulterWidgetAsync(Int32 totalConsumers, Nullable`1 defaulterThreshold, CancellationToken ct) in C:\Users\Lekesh\Prince Yadav\Vedang Projects\Water Bill\VedangSoft.BPMS\Water.Bill\src\Water.Bill.API\Controllers\Mvc\DashboardController.cs:line 502
   at Water.Bill.API.Controllers.Mvc.DashboardController.BuildDefaulterWidgetAsync(Int32 totalConsumers, Nullable`1 defaulterThreshold, CancellationToken ct) in C:\Users\Lekesh\Prince Yadav\Vedang Projects\Water Bill\VedangSoft.BPMS\Water.Bill\src\Water.Bill.API\Controllers\Mvc\DashboardController.cs:line 506
   at Water.Bill.API.Controllers.Mvc.DashboardController.BuildDefaulterWidgetAsync(Int32 totalConsumers, Nullable`1 defaulterThreshold, CancellationToken ct) in C:\Users\Lekesh\Prince Yadav\Vedang Projects\Water Bill\VedangSoft.BPMS\Water.Bill\src\Water.Bill.API\Controllers\Mvc\DashboardController.cs:line 506
   at Water.Bill.API.Controllers.Mvc.DashboardController.BuildDefaulterWidgetAsync(Int32 totalConsumers, Nullable`1 defaulterThreshold, CancellationToken ct) in C:\Users\Lekesh\Prince Yadav\Vedang Projects\Water Bill\VedangSoft.BPMS\Water.Bill\src\Water.Bill.API\Controllers\Mvc\DashboardController.cs:line 512
   at Water.Bill.API.Controllers.Mvc.DashboardController.BuildAdminWidgetsAsync(Nullable`1 defaulterThreshold, CancellationToken ct) in C:\Users\Lekesh\Prince Yadav\Vedang Projects\Water Bill\VedangSoft.BPMS\Water.Bill\src\Water.Bill.API\Controllers\Mvc\DashboardController.cs:line 345
   at Water.Bill.API.Controllers.Mvc.DashboardController.GetCachedDashboardValueAsync[T](String key, Func`1 factory) in C:\Users\Lekesh\Prince Yadav\Vedang Projects\Water Bill\VedangSoft.BPMS\Water.Bill\src\Water.Bill.API\Controllers\Mvc\DashboardController.cs:line 889
   at Water.Bill.API.Controllers.Mvc.DashboardController.AdminWidgets(Nullable`1 defaulterThreshold, CancellationToken ct) in C:\Users\Lekesh\Prince Yadav\Vedang Projects\Water Bill\VedangSoft.BPMS\Water.Bill\src\Water.Bill.API\Controllers\Mvc\DashboardController.cs:line 111
   at Microsoft.AspNetCore.Mvc.Infrastructure.ActionMethodExecutor.TaskOfIActionResultExecutor.Execute(ActionContext actionContext, IActionResultTypeMapper mapper, ObjectMethodExecutor executor, Object controller, Object[] arguments)
   at Microsoft.AspNetCore.Mvc.Infrastructure.ControllerActionInvoker.<InvokeActionMethodAsync>g__Awaited|12_0(ControllerActionInvoker invoker, ValueTask`1 actionResultValueTask)
   at Microsoft.AspNetCore.Mvc.Infrastructure.ControllerActionInvoker.<InvokeNextActionFilterAsync>g__Awaited|10_0(ControllerActionInvoker invoker, Task lastTask, State next, Scope scope, Object state, Boolean isCompleted)
   at Microsoft.AspNetCore.Mvc.Infrastructure.ControllerActionInvoker.Rethrow(ActionExecutedContextSealed context)
   at Microsoft.AspNetCore.Mvc.Infrastructure.ControllerActionInvoker.Next(State& next, Scope& scope, Object& state, Boolean& isCompleted)
   at Microsoft.AspNetCore.Mvc.Infrastructure.ControllerActionInvoker.<InvokeInnerFilterAsync>g__Awaited|13_0(ControllerActionInvoker invoker, Task lastTask, State next, Scope scope, Object state, Boolean isCompleted)
   at Microsoft.AspNetCore.Mvc.Infrastructure.ResourceInvoker.<InvokeNextResourceFilter>g__Awaited|25_0(ResourceInvoker invoker, Task lastTask, State next, Scope scope, Object state, Boolean isCompleted)
   at Microsoft.AspNetCore.Mvc.Infrastructure.ResourceInvoker.Rethrow(ResourceExecutedContextSealed context)
   at Microsoft.AspNetCore.Mvc.Infrastructure.ResourceInvoker.Next(State& next, Scope& scope, Object& state, Boolean& isCompleted)
   at Microsoft.AspNetCore.Mvc.Infrastructure.ResourceInvoker.<InvokeFilterPipelineAsync>g__Awaited|20_0(ResourceInvoker invoker, Task lastTask, State next, Scope scope, Object state, Boolean isCompleted)
   at Microsoft.AspNetCore.Mvc.Infrastructure.ResourceInvoker.<InvokeAsync>g__Awaited|17_0(ResourceInvoker invoker, Task task, IDisposable scope)
   at Microsoft.AspNetCore.Mvc.Infrastructure.ResourceInvoker.<InvokeAsync>g__Awaited|17_0(ResourceInvoker invoker, Task task, IDisposable scope)
   at Microsoft.AspNetCore.Authorization.AuthorizationMiddleware.Invoke(HttpContext context)
   at Program.<>c.<<<Main>$>b__0_5>d.MoveNext() in C:\Users\Lekesh\Prince Yadav\Vedang Projects\Water Bill\VedangSoft.BPMS\Water.Bill\src\Water.Bill.API\Program.cs:line 104
--- End of stack trace from previous location ---
   at Microsoft.AspNetCore.Authentication.AuthenticationMiddleware.Invoke(HttpContext context)
   at Water.Bill.Infrastructure.Middleware.GlobalExceptionLoggingMiddleware.InvokeAsync(HttpContext context) in C:\Users\Lekesh\Prince Yadav\Vedang Projects\Water Bill\VedangSoft.BPMS\Water.Bill\src\Water.Bill.Infrastructure\Middleware\GlobalExceptionLoggingMiddleware.cs:line 37
2026-06-23 02:57:49.159 +05:30 [ERR] Unhandled exception captured for /Dashboard/AdminWidgets. TraceId: 0HNMGKJ389RVH:00000023
System.Threading.Tasks.TaskCanceledException: A task was canceled.
   at Water.Bill.API.Controllers.Mvc.DashboardController.BuildDefaulterWidgetAsync(Int32 totalConsumers, Nullable`1 defaulterThreshold, CancellationToken ct) in C:\Users\Lekesh\Prince Yadav\Vedang Projects\Water Bill\VedangSoft.BPMS\Water.Bill\src\Water.Bill.API\Controllers\Mvc\DashboardController.cs:line 502
   at Water.Bill.API.Controllers.Mvc.DashboardController.BuildDefaulterWidgetAsync(Int32 totalConsumers, Nullable`1 defaulterThreshold, CancellationToken ct) in C:\Users\Lekesh\Prince Yadav\Vedang Projects\Water Bill\VedangSoft.BPMS\Water.Bill\src\Water.Bill.API\Controllers\Mvc\DashboardController.cs:line 506
   at Water.Bill.API.Controllers.Mvc.DashboardController.BuildDefaulterWidgetAsync(Int32 totalConsumers, Nullable`1 defaulterThreshold, CancellationToken ct) in C:\Users\Lekesh\Prince Yadav\Vedang Projects\Water Bill\VedangSoft.BPMS\Water.Bill\src\Water.Bill.API\Controllers\Mvc\DashboardController.cs:line 506
   at Water.Bill.API.Controllers.Mvc.DashboardController.BuildDefaulterWidgetAsync(Int32 totalConsumers, Nullable`1 defaulterThreshold, CancellationToken ct) in C:\Users\Lekesh\Prince Yadav\Vedang Projects\Water Bill\VedangSoft.BPMS\Water.Bill\src\Water.Bill.API\Controllers\Mvc\DashboardController.cs:line 512
   at Water.Bill.API.Controllers.Mvc.DashboardController.BuildAdminWidgetsAsync(Nullable`1 defaulterThreshold, CancellationToken ct) in C:\Users\Lekesh\Prince Yadav\Vedang Projects\Water Bill\VedangSoft.BPMS\Water.Bill\src\Water.Bill.API\Controllers\Mvc\DashboardController.cs:line 345
   at Water.Bill.API.Controllers.Mvc.DashboardController.GetCachedDashboardValueAsync[T](String key, Func`1 factory) in C:\Users\Lekesh\Prince Yadav\Vedang Projects\Water Bill\VedangSoft.BPMS\Water.Bill\src\Water.Bill.API\Controllers\Mvc\DashboardController.cs:line 889
   at Water.Bill.API.Controllers.Mvc.DashboardController.AdminWidgets(Nullable`1 defaulterThreshold, CancellationToken ct) in C:\Users\Lekesh\Prince Yadav\Vedang Projects\Water Bill\VedangSoft.BPMS\Water.Bill\src\Water.Bill.API\Controllers\Mvc\DashboardController.cs:line 111
   at Microsoft.AspNetCore.Mvc.Infrastructure.ActionMethodExecutor.TaskOfIActionResultExecutor.Execute(ActionContext actionContext, IActionResultTypeMapper mapper, ObjectMethodExecutor executor, Object controller, Object[] arguments)
   at Microsoft.AspNetCore.Mvc.Infrastructure.ControllerActionInvoker.<InvokeActionMethodAsync>g__Awaited|12_0(ControllerActionInvoker invoker, ValueTask`1 actionResultValueTask)
   at Microsoft.AspNetCore.Mvc.Infrastructure.ControllerActionInvoker.<InvokeNextActionFilterAsync>g__Awaited|10_0(ControllerActionInvoker invoker, Task lastTask, State next, Scope scope, Object state, Boolean isCompleted)
   at Microsoft.AspNetCore.Mvc.Infrastructure.ControllerActionInvoker.Rethrow(ActionExecutedContextSealed context)
   at Microsoft.AspNetCore.Mvc.Infrastructure.ControllerActionInvoker.Next(State& next, Scope& scope, Object& state, Boolean& isCompleted)
   at Microsoft.AspNetCore.Mvc.Infrastructure.ControllerActionInvoker.<InvokeInnerFilterAsync>g__Awaited|13_0(ControllerActionInvoker invoker, Task lastTask, State next, Scope scope, Object state, Boolean isCompleted)
   at Microsoft.AspNetCore.Mvc.Infrastructure.ResourceInvoker.<InvokeNextResourceFilter>g__Awaited|25_0(ResourceInvoker invoker, Task lastTask, State next, Scope scope, Object state, Boolean isCompleted)
   at Microsoft.AspNetCore.Mvc.Infrastructure.ResourceInvoker.Rethrow(ResourceExecutedContextSealed context)
   at Microsoft.AspNetCore.Mvc.Infrastructure.ResourceInvoker.Next(State& next, Scope& scope, Object& state, Boolean& isCompleted)
   at Microsoft.AspNetCore.Mvc.Infrastructure.ResourceInvoker.<InvokeFilterPipelineAsync>g__Awaited|20_0(ResourceInvoker invoker, Task lastTask, State next, Scope scope, Object state, Boolean isCompleted)
   at Microsoft.AspNetCore.Mvc.Infrastructure.ResourceInvoker.<InvokeAsync>g__Awaited|17_0(ResourceInvoker invoker, Task task, IDisposable scope)
   at Microsoft.AspNetCore.Mvc.Infrastructure.ResourceInvoker.<InvokeAsync>g__Awaited|17_0(ResourceInvoker invoker, Task task, IDisposable scope)
   at Microsoft.AspNetCore.Authorization.AuthorizationMiddleware.Invoke(HttpContext context)
   at Program.<>c.<<<Main>$>b__0_5>d.MoveNext() in C:\Users\Lekesh\Prince Yadav\Vedang Projects\Water Bill\VedangSoft.BPMS\Water.Bill\src\Water.Bill.API\Program.cs:line 104
--- End of stack trace from previous location ---
   at Microsoft.AspNetCore.Authentication.AuthenticationMiddleware.Invoke(HttpContext context)
   at Water.Bill.Infrastructure.Middleware.GlobalExceptionLoggingMiddleware.InvokeAsync(HttpContext context) in C:\Users\Lekesh\Prince Yadav\Vedang Projects\Water Bill\VedangSoft.BPMS\Water.Bill\src\Water.Bill.Infrastructure\Middleware\GlobalExceptionLoggingMiddleware.cs:line 37
2026-06-23 15:11:07.584 +05:30 [INF] Now listening on: https://localhost:7183
2026-06-23 15:11:09.791 +05:30 [INF] Now listening on: http://localhost:5264
2026-06-23 15:11:10.601 +05:30 [INF] Application started. Press Ctrl+C to shut down.
2026-06-23 15:11:10.606 +05:30 [INF] Hosting environment: Development
2026-06-23 15:11:10.626 +05:30 [INF] Content root path: C:\Users\Lekesh\Prince Yadav\Vedang Projects\Water Bill\VedangSoft.BPMS\Water.Bill\src\Water.Bill.API
2026-06-23 15:11:30.869 +05:30 [WRN] The 'bool' property 'IsActive' on entity type 'AuthorityLoginOtpVerification' is configured with a database-generated default, but has no configured sentinel value. The database-generated default will always be used for inserts when the property has the value 'False', since this is the CLR default for the 'bool' type. Consider using a nullable type, using a nullable backing field, or setting the sentinel value for the property to ensure the database default is used when, and only when, appropriate. See https://aka.ms/efcore-docs-default-values for more information.
2026-06-23 15:11:30.882 +05:30 [WRN] The 'bool' property 'IsDeleted' on entity type 'AuthorityLoginOtpVerification' is configured with a database-generated default, but has no configured sentinel value. The database-generated default will always be used for inserts when the property has the value 'False', since this is the CLR default for the 'bool' type. Consider using a nullable type, using a nullable backing field, or setting the sentinel value for the property to ensure the database default is used when, and only when, appropriate. See https://aka.ms/efcore-docs-default-values for more information.
2026-06-23 15:11:30.888 +05:30 [WRN] The 'bool' property 'IsActive' on entity type 'CommunicationPurpose' is configured with a database-generated default, but has no configured sentinel value. The database-generated default will always be used for inserts when the property has the value 'False', since this is the CLR default for the 'bool' type. Consider using a nullable type, using a nullable backing field, or setting the sentinel value for the property to ensure the database default is used when, and only when, appropriate. See https://aka.ms/efcore-docs-default-values for more information.
2026-06-23 15:11:30.901 +05:30 [WRN] The 'bool' property 'IsSystem' on entity type 'CommunicationPurpose' is configured with a database-generated default, but has no configured sentinel value. The database-generated default will always be used for inserts when the property has the value 'False', since this is the CLR default for the 'bool' type. Consider using a nullable type, using a nullable backing field, or setting the sentinel value for the property to ensure the database default is used when, and only when, appropriate. See https://aka.ms/efcore-docs-default-values for more information.
2026-06-23 15:11:30.914 +05:30 [WRN] The 'bool' property 'IsActive' on entity type 'CommunicationTemplate' is configured with a database-generated default, but has no configured sentinel value. The database-generated default will always be used for inserts when the property has the value 'False', since this is the CLR default for the 'bool' type. Consider using a nullable type, using a nullable backing field, or setting the sentinel value for the property to ensure the database default is used when, and only when, appropriate. See https://aka.ms/efcore-docs-default-values for more information.
2026-06-23 15:11:30.920 +05:30 [WRN] The 'bool' property 'IsDefault' on entity type 'CommunicationTemplate' is configured with a database-generated default, but has no configured sentinel value. The database-generated default will always be used for inserts when the property has the value 'False', since this is the CLR default for the 'bool' type. Consider using a nullable type, using a nullable backing field, or setting the sentinel value for the property to ensure the database default is used when, and only when, appropriate. See https://aka.ms/efcore-docs-default-values for more information.
2026-06-23 15:11:30.929 +05:30 [WRN] The 'bool' property 'IsDeleted' on entity type 'CommunicationTemplate' is configured with a database-generated default, but has no configured sentinel value. The database-generated default will always be used for inserts when the property has the value 'False', since this is the CLR default for the 'bool' type. Consider using a nullable type, using a nullable backing field, or setting the sentinel value for the property to ensure the database default is used when, and only when, appropriate. See https://aka.ms/efcore-docs-default-values for more information.
2026-06-23 15:11:30.936 +05:30 [WRN] The 'bool' property 'IsActive' on entity type 'ConsumerOtpVerification' is configured with a database-generated default, but has no configured sentinel value. The database-generated default will always be used for inserts when the property has the value 'False', since this is the CLR default for the 'bool' type. Consider using a nullable type, using a nullable backing field, or setting the sentinel value for the property to ensure the database default is used when, and only when, appropriate. See https://aka.ms/efcore-docs-default-values for more information.
2026-06-23 15:11:30.946 +05:30 [WRN] The 'bool' property 'IsDeleted' on entity type 'ConsumerOtpVerification' is configured with a database-generated default, but has no configured sentinel value. The database-generated default will always be used for inserts when the property has the value 'False', since this is the CLR default for the 'bool' type. Consider using a nullable type, using a nullable backing field, or setting the sentinel value for the property to ensure the database default is used when, and only when, appropriate. See https://aka.ms/efcore-docs-default-values for more information.
2026-06-23 15:11:30.952 +05:30 [WRN] The 'bool' property 'IsDeleted' on entity type 'InAppNotification' is configured with a database-generated default, but has no configured sentinel value. The database-generated default will always be used for inserts when the property has the value 'False', since this is the CLR default for the 'bool' type. Consider using a nullable type, using a nullable backing field, or setting the sentinel value for the property to ensure the database default is used when, and only when, appropriate. See https://aka.ms/efcore-docs-default-values for more information.
2026-06-23 15:11:30.961 +05:30 [WRN] The 'bool' property 'IsRead' on entity type 'InAppNotification' is configured with a database-generated default, but has no configured sentinel value. The database-generated default will always be used for inserts when the property has the value 'False', since this is the CLR default for the 'bool' type. Consider using a nullable type, using a nullable backing field, or setting the sentinel value for the property to ensure the database default is used when, and only when, appropriate. See https://aka.ms/efcore-docs-default-values for more information.
2026-06-23 15:11:30.968 +05:30 [WRN] The 'bool' property 'ShowInSidebar' on entity type 'Menuitem' is configured with a database-generated default, but has no configured sentinel value. The database-generated default will always be used for inserts when the property has the value 'False', since this is the CLR default for the 'bool' type. Consider using a nullable type, using a nullable backing field, or setting the sentinel value for the property to ensure the database default is used when, and only when, appropriate. See https://aka.ms/efcore-docs-default-values for more information.
2026-06-23 15:11:30.978 +05:30 [WRN] The 'bool' property 'IsActive' on entity type 'PermissionModule' is configured with a database-generated default, but has no configured sentinel value. The database-generated default will always be used for inserts when the property has the value 'False', since this is the CLR default for the 'bool' type. Consider using a nullable type, using a nullable backing field, or setting the sentinel value for the property to ensure the database default is used when, and only when, appropriate. See https://aka.ms/efcore-docs-default-values for more information.
2026-06-23 15:11:30.985 +05:30 [WRN] The 'bool' property 'IsDeleted' on entity type 'PermissionModule' is configured with a database-generated default, but has no configured sentinel value. The database-generated default will always be used for inserts when the property has the value 'False', since this is the CLR default for the 'bool' type. Consider using a nullable type, using a nullable backing field, or setting the sentinel value for the property to ensure the database default is used when, and only when, appropriate. See https://aka.ms/efcore-docs-default-values for more information.
2026-06-23 15:12:28.254 +05:30 [WRN] The query uses the 'Distinct' operator after applying an ordering. If there are any row limiting operation used before 'Distinct' and after ordering then ordering will be used for it. Ordering(s) will be erased after 'Distinct' and results afterwards would be unordered.
2026-06-23 15:26:38.850 +05:30 [ERR] Unhandled exception captured for /Dashboard/AdminWidgets. TraceId: 0HNMH1E6FKUDO:0000001D
System.Threading.Tasks.TaskCanceledException: A task was canceled.
   at Water.Bill.API.Controllers.Mvc.DashboardController.BuildDefaulterWidgetAsync(Int32 totalConsumers, Nullable`1 defaulterThreshold, CancellationToken ct) in C:\Users\Lekesh\Prince Yadav\Vedang Projects\Water Bill\VedangSoft.BPMS\Water.Bill\src\Water.Bill.API\Controllers\Mvc\DashboardController.cs:line 502
   at Water.Bill.API.Controllers.Mvc.DashboardController.BuildDefaulterWidgetAsync(Int32 totalConsumers, Nullable`1 defaulterThreshold, CancellationToken ct) in C:\Users\Lekesh\Prince Yadav\Vedang Projects\Water Bill\VedangSoft.BPMS\Water.Bill\src\Water.Bill.API\Controllers\Mvc\DashboardController.cs:line 506
   at Water.Bill.API.Controllers.Mvc.DashboardController.BuildDefaulterWidgetAsync(Int32 totalConsumers, Nullable`1 defaulterThreshold, CancellationToken ct) in C:\Users\Lekesh\Prince Yadav\Vedang Projects\Water Bill\VedangSoft.BPMS\Water.Bill\src\Water.Bill.API\Controllers\Mvc\DashboardController.cs:line 506
   at Water.Bill.API.Controllers.Mvc.DashboardController.BuildDefaulterWidgetAsync(Int32 totalConsumers, Nullable`1 defaulterThreshold, CancellationToken ct) in C:\Users\Lekesh\Prince Yadav\Vedang Projects\Water Bill\VedangSoft.BPMS\Water.Bill\src\Water.Bill.API\Controllers\Mvc\DashboardController.cs:line 512
   at Water.Bill.API.Controllers.Mvc.DashboardController.BuildAdminWidgetsAsync(Nullable`1 defaulterThreshold, CancellationToken ct) in C:\Users\Lekesh\Prince Yadav\Vedang Projects\Water Bill\VedangSoft.BPMS\Water.Bill\src\Water.Bill.API\Controllers\Mvc\DashboardController.cs:line 345
   at Water.Bill.API.Controllers.Mvc.DashboardController.GetCachedDashboardValueAsync[T](String key, Func`1 factory) in C:\Users\Lekesh\Prince Yadav\Vedang Projects\Water Bill\VedangSoft.BPMS\Water.Bill\src\Water.Bill.API\Controllers\Mvc\DashboardController.cs:line 889
   at Water.Bill.API.Controllers.Mvc.DashboardController.AdminWidgets(Nullable`1 defaulterThreshold, CancellationToken ct) in C:\Users\Lekesh\Prince Yadav\Vedang Projects\Water Bill\VedangSoft.BPMS\Water.Bill\src\Water.Bill.API\Controllers\Mvc\DashboardController.cs:line 111
   at Microsoft.AspNetCore.Mvc.Infrastructure.ActionMethodExecutor.TaskOfIActionResultExecutor.Execute(ActionContext actionContext, IActionResultTypeMapper mapper, ObjectMethodExecutor executor, Object controller, Object[] arguments)
   at Microsoft.AspNetCore.Mvc.Infrastructure.ControllerActionInvoker.<InvokeActionMethodAsync>g__Awaited|12_0(ControllerActionInvoker invoker, ValueTask`1 actionResultValueTask)
   at Microsoft.AspNetCore.Mvc.Infrastructure.ControllerActionInvoker.<InvokeNextActionFilterAsync>g__Awaited|10_0(ControllerActionInvoker invoker, Task lastTask, State next, Scope scope, Object state, Boolean isCompleted)
   at Microsoft.AspNetCore.Mvc.Infrastructure.ControllerActionInvoker.Rethrow(ActionExecutedContextSealed context)
   at Microsoft.AspNetCore.Mvc.Infrastructure.ControllerActionInvoker.Next(State& next, Scope& scope, Object& state, Boolean& isCompleted)
   at Microsoft.AspNetCore.Mvc.Infrastructure.ControllerActionInvoker.<InvokeInnerFilterAsync>g__Awaited|13_0(ControllerActionInvoker invoker, Task lastTask, State next, Scope scope, Object state, Boolean isCompleted)
   at Microsoft.AspNetCore.Mvc.Infrastructure.ResourceInvoker.<InvokeNextResourceFilter>g__Awaited|25_0(ResourceInvoker invoker, Task lastTask, State next, Scope scope, Object state, Boolean isCompleted)
   at Microsoft.AspNetCore.Mvc.Infrastructure.ResourceInvoker.Rethrow(ResourceExecutedContextSealed context)
   at Microsoft.AspNetCore.Mvc.Infrastructure.ResourceInvoker.Next(State& next, Scope& scope, Object& state, Boolean& isCompleted)
   at Microsoft.AspNetCore.Mvc.Infrastructure.ResourceInvoker.<InvokeFilterPipelineAsync>g__Awaited|20_0(ResourceInvoker invoker, Task lastTask, State next, Scope scope, Object state, Boolean isCompleted)
   at Microsoft.AspNetCore.Mvc.Infrastructure.ResourceInvoker.<InvokeAsync>g__Awaited|17_0(ResourceInvoker invoker, Task task, IDisposable scope)
   at Microsoft.AspNetCore.Mvc.Infrastructure.ResourceInvoker.<InvokeAsync>g__Awaited|17_0(ResourceInvoker invoker, Task task, IDisposable scope)
   at Microsoft.AspNetCore.Authorization.AuthorizationMiddleware.Invoke(HttpContext context)
   at Program.<>c.<<<Main>$>b__0_5>d.MoveNext() in C:\Users\Lekesh\Prince Yadav\Vedang Projects\Water Bill\VedangSoft.BPMS\Water.Bill\src\Water.Bill.API\Program.cs:line 104
--- End of stack trace from previous location ---
   at Microsoft.AspNetCore.Authentication.AuthenticationMiddleware.Invoke(HttpContext context)
   at Water.Bill.Infrastructure.Middleware.GlobalExceptionLoggingMiddleware.InvokeAsync(HttpContext context) in C:\Users\Lekesh\Prince Yadav\Vedang Projects\Water Bill\VedangSoft.BPMS\Water.Bill\src\Water.Bill.Infrastructure\Middleware\GlobalExceptionLoggingMiddleware.cs:line 37
2026-06-23 20:00:13.865 +05:30 [INF] Now listening on: https://localhost:7183
2026-06-23 20:00:14.585 +05:30 [INF] Now listening on: http://localhost:5264
2026-06-23 20:00:15.818 +05:30 [INF] Application started. Press Ctrl+C to shut down.
2026-06-23 20:00:16.673 +05:30 [INF] Hosting environment: Development
2026-06-23 20:00:20.248 +05:30 [INF] Content root path: C:\Users\Lekesh\Prince Yadav\Vedang Projects\Water Bill\VedangSoft.BPMS\Water.Bill\src\Water.Bill.API
2026-06-23 20:00:31.792 +05:30 [WRN] The 'bool' property 'IsActive' on entity type 'AuthorityLoginOtpVerification' is configured with a database-generated default, but has no configured sentinel value. The database-generated default will always be used for inserts when the property has the value 'False', since this is the CLR default for the 'bool' type. Consider using a nullable type, using a nullable backing field, or setting the sentinel value for the property to ensure the database default is used when, and only when, appropriate. See https://aka.ms/efcore-docs-default-values for more information.
2026-06-23 20:00:31.799 +05:30 [WRN] The 'bool' property 'IsDeleted' on entity type 'AuthorityLoginOtpVerification' is configured with a database-generated default, but has no configured sentinel value. The database-generated default will always be used for inserts when the property has the value 'False', since this is the CLR default for the 'bool' type. Consider using a nullable type, using a nullable backing field, or setting the sentinel value for the property to ensure the database default is used when, and only when, appropriate. See https://aka.ms/efcore-docs-default-values for more information.
2026-06-23 20:00:31.804 +05:30 [WRN] The 'bool' property 'IsActive' on entity type 'CommunicationPurpose' is configured with a database-generated default, but has no configured sentinel value. The database-generated default will always be used for inserts when the property has the value 'False', since this is the CLR default for the 'bool' type. Consider using a nullable type, using a nullable backing field, or setting the sentinel value for the property to ensure the database default is used when, and only when, appropriate. See https://aka.ms/efcore-docs-default-values for more information.
2026-06-23 20:00:31.813 +05:30 [WRN] The 'bool' property 'IsSystem' on entity type 'CommunicationPurpose' is configured with a database-generated default, but has no configured sentinel value. The database-generated default will always be used for inserts when the property has the value 'False', since this is the CLR default for the 'bool' type. Consider using a nullable type, using a nullable backing field, or setting the sentinel value for the property to ensure the database default is used when, and only when, appropriate. See https://aka.ms/efcore-docs-default-values for more information.
2026-06-23 20:00:31.818 +05:30 [WRN] The 'bool' property 'IsActive' on entity type 'CommunicationTemplate' is configured with a database-generated default, but has no configured sentinel value. The database-generated default will always be used for inserts when the property has the value 'False', since this is the CLR default for the 'bool' type. Consider using a nullable type, using a nullable backing field, or setting the sentinel value for the property to ensure the database default is used when, and only when, appropriate. See https://aka.ms/efcore-docs-default-values for more information.
2026-06-23 20:00:31.831 +05:30 [WRN] The 'bool' property 'IsDefault' on entity type 'CommunicationTemplate' is configured with a database-generated default, but has no configured sentinel value. The database-generated default will always be used for inserts when the property has the value 'False', since this is the CLR default for the 'bool' type. Consider using a nullable type, using a nullable backing field, or setting the sentinel value for the property to ensure the database default is used when, and only when, appropriate. See https://aka.ms/efcore-docs-default-values for more information.
2026-06-23 20:00:31.836 +05:30 [WRN] The 'bool' property 'IsDeleted' on entity type 'CommunicationTemplate' is configured with a database-generated default, but has no configured sentinel value. The database-generated default will always be used for inserts when the property has the value 'False', since this is the CLR default for the 'bool' type. Consider using a nullable type, using a nullable backing field, or setting the sentinel value for the property to ensure the database default is used when, and only when, appropriate. See https://aka.ms/efcore-docs-default-values for more information.
2026-06-23 20:00:31.843 +05:30 [WRN] The 'bool' property 'IsActive' on entity type 'ConsumerOtpVerification' is configured with a database-generated default, but has no configured sentinel value. The database-generated default will always be used for inserts when the property has the value 'False', since this is the CLR default for the 'bool' type. Consider using a nullable type, using a nullable backing field, or setting the sentinel value for the property to ensure the database default is used when, and only when, appropriate. See https://aka.ms/efcore-docs-default-values for more information.
2026-06-23 20:00:31.847 +05:30 [WRN] The 'bool' property 'IsDeleted' on entity type 'ConsumerOtpVerification' is configured with a database-generated default, but has no configured sentinel value. The database-generated default will always be used for inserts when the property has the value 'False', since this is the CLR default for the 'bool' type. Consider using a nullable type, using a nullable backing field, or setting the sentinel value for the property to ensure the database default is used when, and only when, appropriate. See https://aka.ms/efcore-docs-default-values for more information.
2026-06-23 20:00:31.852 +05:30 [WRN] The 'bool' property 'IsDeleted' on entity type 'InAppNotification' is configured with a database-generated default, but has no configured sentinel value. The database-generated default will always be used for inserts when the property has the value 'False', since this is the CLR default for the 'bool' type. Consider using a nullable type, using a nullable backing field, or setting the sentinel value for the property to ensure the database default is used when, and only when, appropriate. See https://aka.ms/efcore-docs-default-values for more information.
2026-06-23 20:00:31.858 +05:30 [WRN] The 'bool' property 'IsRead' on entity type 'InAppNotification' is configured with a database-generated default, but has no configured sentinel value. The database-generated default will always be used for inserts when the property has the value 'False', since this is the CLR default for the 'bool' type. Consider using a nullable type, using a nullable backing field, or setting the sentinel value for the property to ensure the database default is used when, and only when, appropriate. See https://aka.ms/efcore-docs-default-values for more information.
2026-06-23 20:00:31.863 +05:30 [WRN] The 'bool' property 'ShowInSidebar' on entity type 'Menuitem' is configured with a database-generated default, but has no configured sentinel value. The database-generated default will always be used for inserts when the property has the value 'False', since this is the CLR default for the 'bool' type. Consider using a nullable type, using a nullable backing field, or setting the sentinel value for the property to ensure the database default is used when, and only when, appropriate. See https://aka.ms/efcore-docs-default-values for more information.
2026-06-23 20:00:31.868 +05:30 [WRN] The 'bool' property 'IsActive' on entity type 'PermissionModule' is configured with a database-generated default, but has no configured sentinel value. The database-generated default will always be used for inserts when the property has the value 'False', since this is the CLR default for the 'bool' type. Consider using a nullable type, using a nullable backing field, or setting the sentinel value for the property to ensure the database default is used when, and only when, appropriate. See https://aka.ms/efcore-docs-default-values for more information.
2026-06-23 20:00:31.877 +05:30 [WRN] The 'bool' property 'IsDeleted' on entity type 'PermissionModule' is configured with a database-generated default, but has no configured sentinel value. The database-generated default will always be used for inserts when the property has the value 'False', since this is the CLR default for the 'bool' type. Consider using a nullable type, using a nullable backing field, or setting the sentinel value for the property to ensure the database default is used when, and only when, appropriate. See https://aka.ms/efcore-docs-default-values for more information.
2026-06-23 20:07:23.281 +05:30 [ERR] An exception occurred in the database while saving changes for context type 'Water.Bill.Infrastructure.Data.ApplicationDbContext'.
Microsoft.EntityFrameworkCore.DbUpdateException: An error occurred while saving the entity changes. See the inner exception for details.
 ---> Microsoft.Data.SqlClient.SqlException (0x80131904): Violation of UNIQUE KEY constraint 'UX_AppUsers_Email'. Cannot insert duplicate key in object 'dbo.AppUsers'. The duplicate key value is (princetest33@gmail.com).
   at Microsoft.Data.SqlClient.SqlConnection.OnError(SqlException exception, Boolean breakConnection, Action`1 wrapCloseInAction)
   at Microsoft.Data.SqlClient.SqlInternalConnection.OnError(SqlException exception, Boolean breakConnection, Action`1 wrapCloseInAction)
   at Microsoft.Data.SqlClient.TdsParser.ThrowExceptionAndWarning(TdsParserStateObject stateObj, Boolean callerHasConnectionLock, Boolean asyncClose)
   at Microsoft.Data.SqlClient.TdsParser.TryRun(RunBehavior runBehavior, SqlCommand cmdHandler, SqlDataReader dataStream, BulkCopySimpleResultSet bulkCopyHandler, TdsParserStateObject stateObj, Boolean& dataReady)
   at Microsoft.Data.SqlClient.SqlDataReader.TryHasMoreRows(Boolean& moreRows)
   at Microsoft.Data.SqlClient.SqlDataReader.TryReadInternal(Boolean setTimeout, Boolean& more)
   at Microsoft.Data.SqlClient.SqlDataReader.ReadAsyncExecute(Task task, Object state)
   at Microsoft.Data.SqlClient.SqlDataReader.InvokeAsyncCall[T](SqlDataReaderBaseAsyncCallContext`1 context)
--- End of stack trace from previous location ---
   at Microsoft.EntityFrameworkCore.Update.AffectedCountModificationCommandBatch.ConsumeResultSetAsync(Int32 startCommandIndex, RelationalDataReader reader, CancellationToken cancellationToken)
ClientConnectionId:6d6b72fd-ab68-4783-9677-3664c0803f55
Error Number:2627,State:1,Class:14
   --- End of inner exception stack trace ---
   at Microsoft.EntityFrameworkCore.Update.AffectedCountModificationCommandBatch.ConsumeResultSetAsync(Int32 startCommandIndex, RelationalDataReader reader, CancellationToken cancellationToken)
   at Microsoft.EntityFrameworkCore.Update.AffectedCountModificationCommandBatch.ConsumeAsync(RelationalDataReader reader, CancellationToken cancellationToken)
   at Microsoft.EntityFrameworkCore.Update.ReaderModificationCommandBatch.ExecuteAsync(IRelationalConnection connection, CancellationToken cancellationToken)
   at Microsoft.EntityFrameworkCore.Update.ReaderModificationCommandBatch.ExecuteAsync(IRelationalConnection connection, CancellationToken cancellationToken)
   at Microsoft.EntityFrameworkCore.SqlServer.Update.Internal.SqlServerModificationCommandBatch.ExecuteAsync(IRelationalConnection connection, CancellationToken cancellationToken)
   at Microsoft.EntityFrameworkCore.Update.Internal.BatchExecutor.ExecuteAsync(IEnumerable`1 commandBatches, IRelationalConnection connection, CancellationToken cancellationToken)
   at Microsoft.EntityFrameworkCore.Update.Internal.BatchExecutor.ExecuteAsync(IEnumerable`1 commandBatches, IRelationalConnection connection, CancellationToken cancellationToken)
   at Microsoft.EntityFrameworkCore.Update.Internal.BatchExecutor.ExecuteAsync(IEnumerable`1 commandBatches, IRelationalConnection connection, CancellationToken cancellationToken)
   at Microsoft.EntityFrameworkCore.ChangeTracking.Internal.StateManager.SaveChangesAsync(IList`1 entriesToSave, CancellationToken cancellationToken)
   at Microsoft.EntityFrameworkCore.ChangeTracking.Internal.StateManager.SaveChangesAsync(StateManager stateManager, Boolean acceptAllChangesOnSuccess, CancellationToken cancellationToken)
   at Microsoft.EntityFrameworkCore.Storage.ExecutionStrategy.<>c__DisplayClass30_0`2.<<ExecuteAsync>b__0>d.MoveNext()
--- End of stack trace from previous location ---
   at Microsoft.EntityFrameworkCore.Storage.ExecutionStrategy.ExecuteImplementationAsync[TState,TResult](Func`4 operation, Func`4 verifySucceeded, TState state, CancellationToken cancellationToken)
   at Microsoft.EntityFrameworkCore.Storage.ExecutionStrategy.ExecuteImplementationAsync[TState,TResult](Func`4 operation, Func`4 verifySucceeded, TState state, CancellationToken cancellationToken)
   at Microsoft.EntityFrameworkCore.Storage.ExecutionStrategy.ExecuteAsync[TState,TResult](TState state, Func`4 operation, Func`4 verifySucceeded, CancellationToken cancellationToken)
   at Microsoft.EntityFrameworkCore.DbContext.SaveChangesAsync(Boolean acceptAllChangesOnSuccess, CancellationToken cancellationToken)
Microsoft.EntityFrameworkCore.DbUpdateException: An error occurred while saving the entity changes. See the inner exception for details.
 ---> Microsoft.Data.SqlClient.SqlException (0x80131904): Violation of UNIQUE KEY constraint 'UX_AppUsers_Email'. Cannot insert duplicate key in object 'dbo.AppUsers'. The duplicate key value is (princetest33@gmail.com).
   at Microsoft.Data.SqlClient.SqlConnection.OnError(SqlException exception, Boolean breakConnection, Action`1 wrapCloseInAction)
   at Microsoft.Data.SqlClient.SqlInternalConnection.OnError(SqlException exception, Boolean breakConnection, Action`1 wrapCloseInAction)
   at Microsoft.Data.SqlClient.TdsParser.ThrowExceptionAndWarning(TdsParserStateObject stateObj, Boolean callerHasConnectionLock, Boolean asyncClose)
   at Microsoft.Data.SqlClient.TdsParser.TryRun(RunBehavior runBehavior, SqlCommand cmdHandler, SqlDataReader dataStream, BulkCopySimpleResultSet bulkCopyHandler, TdsParserStateObject stateObj, Boolean& dataReady)
   at Microsoft.Data.SqlClient.SqlDataReader.TryHasMoreRows(Boolean& moreRows)
   at Microsoft.Data.SqlClient.SqlDataReader.TryReadInternal(Boolean setTimeout, Boolean& more)
   at Microsoft.Data.SqlClient.SqlDataReader.ReadAsyncExecute(Task task, Object state)
   at Microsoft.Data.SqlClient.SqlDataReader.InvokeAsyncCall[T](SqlDataReaderBaseAsyncCallContext`1 context)
--- End of stack trace from previous location ---
   at Microsoft.EntityFrameworkCore.Update.AffectedCountModificationCommandBatch.ConsumeResultSetAsync(Int32 startCommandIndex, RelationalDataReader reader, CancellationToken cancellationToken)
ClientConnectionId:6d6b72fd-ab68-4783-9677-3664c0803f55
Error Number:2627,State:1,Class:14
   --- End of inner exception stack trace ---
   at Microsoft.EntityFrameworkCore.Update.AffectedCountModificationCommandBatch.ConsumeResultSetAsync(Int32 startCommandIndex, RelationalDataReader reader, CancellationToken cancellationToken)
   at Microsoft.EntityFrameworkCore.Update.AffectedCountModificationCommandBatch.ConsumeAsync(RelationalDataReader reader, CancellationToken cancellationToken)
   at Microsoft.EntityFrameworkCore.Update.ReaderModificationCommandBatch.ExecuteAsync(IRelationalConnection connection, CancellationToken cancellationToken)
   at Microsoft.EntityFrameworkCore.Update.ReaderModificationCommandBatch.ExecuteAsync(IRelationalConnection connection, CancellationToken cancellationToken)
   at Microsoft.EntityFrameworkCore.SqlServer.Update.Internal.SqlServerModificationCommandBatch.ExecuteAsync(IRelationalConnection connection, CancellationToken cancellationToken)
   at Microsoft.EntityFrameworkCore.Update.Internal.BatchExecutor.ExecuteAsync(IEnumerable`1 commandBatches, IRelationalConnection connection, CancellationToken cancellationToken)
   at Microsoft.EntityFrameworkCore.Update.Internal.BatchExecutor.ExecuteAsync(IEnumerable`1 commandBatches, IRelationalConnection connection, CancellationToken cancellationToken)
   at Microsoft.EntityFrameworkCore.Update.Internal.BatchExecutor.ExecuteAsync(IEnumerable`1 commandBatches, IRelationalConnection connection, CancellationToken cancellationToken)
   at Microsoft.EntityFrameworkCore.ChangeTracking.Internal.StateManager.SaveChangesAsync(IList`1 entriesToSave, CancellationToken cancellationToken)
   at Microsoft.EntityFrameworkCore.ChangeTracking.Internal.StateManager.SaveChangesAsync(StateManager stateManager, Boolean acceptAllChangesOnSuccess, CancellationToken cancellationToken)
   at Microsoft.EntityFrameworkCore.Storage.ExecutionStrategy.<>c__DisplayClass30_0`2.<<ExecuteAsync>b__0>d.MoveNext()
--- End of stack trace from previous location ---
   at Microsoft.EntityFrameworkCore.Storage.ExecutionStrategy.ExecuteImplementationAsync[TState,TResult](Func`4 operation, Func`4 verifySucceeded, TState state, CancellationToken cancellationToken)
   at Microsoft.EntityFrameworkCore.Storage.ExecutionStrategy.ExecuteImplementationAsync[TState,TResult](Func`4 operation, Func`4 verifySucceeded, TState state, CancellationToken cancellationToken)
   at Microsoft.EntityFrameworkCore.Storage.ExecutionStrategy.ExecuteAsync[TState,TResult](TState state, Func`4 operation, Func`4 verifySucceeded, CancellationToken cancellationToken)
   at Microsoft.EntityFrameworkCore.DbContext.SaveChangesAsync(Boolean acceptAllChangesOnSuccess, CancellationToken cancellationToken)
2026-06-23 20:15:05.286 +05:30 [ERR] Failed executing DbCommand (58,141ms) [Parameters=[@__userId_0='?' (DbType = Int64)], CommandType='"Text"', CommandTimeout='30']
SELECT COUNT(*)
FROM [InAppNotifications] AS [i]
WHERE [i].[UserId] = @__userId_0 AND [i].[UserType] = N'Internal' AND [i].[IsRead] = CAST(0 AS bit) AND [i].[IsDeleted] = CAST(0 AS bit)
2026-06-23 20:15:31.744 +05:30 [ERR] Unhandled exception captured for /NotificationManagement/GetUnreadCount. TraceId: 0HNMH6FO5RTPN:00000017
System.OperationCanceledException: The operation was canceled.
   at System.Threading.CancellationToken.ThrowOperationCanceledException()
   at Microsoft.EntityFrameworkCore.Storage.ExecutionStrategy.ExecuteImplementationAsync[TState,TResult](Func`4 operation, Func`4 verifySucceeded, TState state, CancellationToken cancellationToken)
   at Microsoft.EntityFrameworkCore.Storage.ExecutionStrategy.ExecuteAsync[TState,TResult](TState state, Func`4 operation, Func`4 verifySucceeded, CancellationToken cancellationToken)
   at Microsoft.EntityFrameworkCore.Query.Internal.SingleQueryingEnumerable`1.AsyncEnumerator.MoveNextAsync()
   at Microsoft.EntityFrameworkCore.Query.ShapedQueryCompilingExpressionVisitor.SingleAsync[TSource](IAsyncEnumerable`1 asyncEnumerable, CancellationToken cancellationToken)
   at Microsoft.EntityFrameworkCore.Query.ShapedQueryCompilingExpressionVisitor.SingleAsync[TSource](IAsyncEnumerable`1 asyncEnumerable, CancellationToken cancellationToken)
   at Water.Bill.API.Controllers.Mvc.NotificationManagementController.GetUnreadCount(CancellationToken ct) in C:\Users\Lekesh\Prince Yadav\Vedang Projects\Water Bill\VedangSoft.BPMS\Water.Bill\src\Water.Bill.API\Controllers\Mvc\NotificationManagementController.cs:line 324
   at Microsoft.AspNetCore.Mvc.Infrastructure.ActionMethodExecutor.TaskOfIActionResultExecutor.Execute(ActionContext actionContext, IActionResultTypeMapper mapper, ObjectMethodExecutor executor, Object controller, Object[] arguments)
   at Microsoft.AspNetCore.Mvc.Infrastructure.ControllerActionInvoker.<InvokeActionMethodAsync>g__Awaited|12_0(ControllerActionInvoker invoker, ValueTask`1 actionResultValueTask)
   at Microsoft.AspNetCore.Mvc.Infrastructure.ControllerActionInvoker.<InvokeNextActionFilterAsync>g__Awaited|10_0(ControllerActionInvoker invoker, Task lastTask, State next, Scope scope, Object state, Boolean isCompleted)
   at Microsoft.AspNetCore.Mvc.Infrastructure.ControllerActionInvoker.Rethrow(ActionExecutedContextSealed context)
   at Microsoft.AspNetCore.Mvc.Infrastructure.ControllerActionInvoker.Next(State& next, Scope& scope, Object& state, Boolean& isCompleted)
   at Microsoft.AspNetCore.Mvc.Infrastructure.ControllerActionInvoker.InvokeInnerFilterAsync()
--- End of stack trace from previous location ---
   at Microsoft.AspNetCore.Mvc.Infrastructure.ResourceInvoker.<InvokeNextResourceFilter>g__Awaited|25_0(ResourceInvoker invoker, Task lastTask, State next, Scope scope, Object state, Boolean isCompleted)
   at Microsoft.AspNetCore.Mvc.Infrastructure.ResourceInvoker.Rethrow(ResourceExecutedContextSealed context)
   at Microsoft.AspNetCore.Mvc.Infrastructure.ResourceInvoker.Next(State& next, Scope& scope, Object& state, Boolean& isCompleted)
   at Microsoft.AspNetCore.Mvc.Infrastructure.ResourceInvoker.InvokeFilterPipelineAsync()
--- End of stack trace from previous location ---
   at Microsoft.AspNetCore.Mvc.Infrastructure.ResourceInvoker.<InvokeAsync>g__Awaited|17_0(ResourceInvoker invoker, Task task, IDisposable scope)
   at Microsoft.AspNetCore.Mvc.Infrastructure.ResourceInvoker.<InvokeAsync>g__Awaited|17_0(ResourceInvoker invoker, Task task, IDisposable scope)
   at Microsoft.AspNetCore.Authorization.AuthorizationMiddleware.Invoke(HttpContext context)
   at Program.<>c.<<<Main>$>b__0_5>d.MoveNext() in C:\Users\Lekesh\Prince Yadav\Vedang Projects\Water Bill\VedangSoft.BPMS\Water.Bill\src\Water.Bill.API\Program.cs:line 104
--- End of stack trace from previous location ---
   at Microsoft.AspNetCore.Authentication.AuthenticationMiddleware.Invoke(HttpContext context)
   at Water.Bill.Infrastructure.Middleware.GlobalExceptionLoggingMiddleware.InvokeAsync(HttpContext context) in C:\Users\Lekesh\Prince Yadav\Vedang Projects\Water Bill\VedangSoft.BPMS\Water.Bill\src\Water.Bill.Infrastructure\Middleware\GlobalExceptionLoggingMiddleware.cs:line 37
2026-06-23 20:15:33.457 +05:30 [ERR] Unhandled exception captured for /NotificationManagement/GetUnreadCount. TraceId: 0HNMH6FO5RTPM:00000091
Microsoft.Data.SqlClient.SqlException (0x80131904): Execution Timeout Expired.  The timeout period elapsed prior to completion of the operation or the server is not responding.
 ---> System.ComponentModel.Win32Exception (258): The wait operation timed out.
   at System.Threading.Tasks.ContinuationResultTaskFromResultTask`2.InnerInvoke()
   at System.Threading.ExecutionContext.RunInternal(ExecutionContext executionContext, ContextCallback callback, Object state)
--- End of stack trace from previous location ---
   at System.Threading.ExecutionContext.RunInternal(ExecutionContext executionContext, ContextCallback callback, Object state)
   at System.Threading.Tasks.Task.ExecuteWithThreadLocal(Task& currentTaskSlot, Thread threadPoolThread)
--- End of stack trace from previous location ---
   at Microsoft.EntityFrameworkCore.Storage.RelationalCommand.ExecuteReaderAsync(RelationalCommandParameterObject parameterObject, CancellationToken cancellationToken)
   at Microsoft.EntityFrameworkCore.Storage.RelationalCommand.ExecuteReaderAsync(RelationalCommandParameterObject parameterObject, CancellationToken cancellationToken)
   at Microsoft.EntityFrameworkCore.Query.Internal.SingleQueryingEnumerable`1.AsyncEnumerator.InitializeReaderAsync(AsyncEnumerator enumerator, CancellationToken cancellationToken)
   at Microsoft.EntityFrameworkCore.Storage.ExecutionStrategy.<>c__DisplayClass30_0`2.<<ExecuteAsync>b__0>d.MoveNext()
--- End of stack trace from previous location ---
   at Microsoft.EntityFrameworkCore.Storage.ExecutionStrategy.ExecuteImplementationAsync[TState,TResult](Func`4 operation, Func`4 verifySucceeded, TState state, CancellationToken cancellationToken)
   at Microsoft.EntityFrameworkCore.Storage.ExecutionStrategy.ExecuteImplementationAsync[TState,TResult](Func`4 operation, Func`4 verifySucceeded, TState state, CancellationToken cancellationToken)
   at Microsoft.EntityFrameworkCore.Storage.ExecutionStrategy.ExecuteAsync[TState,TResult](TState state, Func`4 operation, Func`4 verifySucceeded, CancellationToken cancellationToken)
   at Microsoft.EntityFrameworkCore.Query.Internal.SingleQueryingEnumerable`1.AsyncEnumerator.MoveNextAsync()
   at Microsoft.EntityFrameworkCore.Query.ShapedQueryCompilingExpressionVisitor.SingleAsync[TSource](IAsyncEnumerable`1 asyncEnumerable, CancellationToken cancellationToken)
   at Microsoft.EntityFrameworkCore.Query.ShapedQueryCompilingExpressionVisitor.SingleAsync[TSource](IAsyncEnumerable`1 asyncEnumerable, CancellationToken cancellationToken)
   at Water.Bill.API.Controllers.Mvc.NotificationManagementController.GetUnreadCount(CancellationToken ct) in C:\Users\Lekesh\Prince Yadav\Vedang Projects\Water Bill\VedangSoft.BPMS\Water.Bill\src\Water.Bill.API\Controllers\Mvc\NotificationManagementController.cs:line 324
   at Microsoft.AspNetCore.Mvc.Infrastructure.ActionMethodExecutor.TaskOfIActionResultExecutor.Execute(ActionContext actionContext, IActionResultTypeMapper mapper, ObjectMethodExecutor executor, Object controller, Object[] arguments)
   at Microsoft.AspNetCore.Mvc.Infrastructure.ControllerActionInvoker.<InvokeActionMethodAsync>g__Awaited|12_0(ControllerActionInvoker invoker, ValueTask`1 actionResultValueTask)
   at Microsoft.AspNetCore.Mvc.Infrastructure.ControllerActionInvoker.<InvokeNextActionFilterAsync>g__Awaited|10_0(ControllerActionInvoker invoker, Task lastTask, State next, Scope scope, Object state, Boolean isCompleted)
   at Microsoft.AspNetCore.Mvc.Infrastructure.ControllerActionInvoker.Rethrow(ActionExecutedContextSealed context)
   at Microsoft.AspNetCore.Mvc.Infrastructure.ControllerActionInvoker.Next(State& next, Scope& scope, Object& state, Boolean& isCompleted)
   at Microsoft.AspNetCore.Mvc.Infrastructure.ControllerActionInvoker.<InvokeInnerFilterAsync>g__Awaited|13_0(ControllerActionInvoker invoker, Task lastTask, State next, Scope scope, Object state, Boolean isCompleted)
   at Microsoft.AspNetCore.Mvc.Infrastructure.ResourceInvoker.<InvokeNextResourceFilter>g__Awaited|25_0(ResourceInvoker invoker, Task lastTask, State next, Scope scope, Object state, Boolean isCompleted)
   at Microsoft.AspNetCore.Mvc.Infrastructure.ResourceInvoker.Rethrow(ResourceExecutedContextSealed context)
   at Microsoft.AspNetCore.Mvc.Infrastructure.ResourceInvoker.Next(State& next, Scope& scope, Object& state, Boolean& isCompleted)
   at Microsoft.AspNetCore.Mvc.Infrastructure.ResourceInvoker.<InvokeFilterPipelineAsync>g__Awaited|20_0(ResourceInvoker invoker, Task lastTask, State next, Scope scope, Object state, Boolean isCompleted)
   at Microsoft.AspNetCore.Mvc.Infrastructure.ResourceInvoker.<InvokeAsync>g__Awaited|17_0(ResourceInvoker invoker, Task task, IDisposable scope)
   at Microsoft.AspNetCore.Mvc.Infrastructure.ResourceInvoker.<InvokeAsync>g__Awaited|17_0(ResourceInvoker invoker, Task task, IDisposable scope)
   at Microsoft.AspNetCore.Authorization.AuthorizationMiddleware.Invoke(HttpContext context)
   at Program.<>c.<<<Main>$>b__0_5>d.MoveNext() in C:\Users\Lekesh\Prince Yadav\Vedang Projects\Water Bill\VedangSoft.BPMS\Water.Bill\src\Water.Bill.API\Program.cs:line 104
--- End of stack trace from previous location ---
   at Microsoft.AspNetCore.Authentication.AuthenticationMiddleware.Invoke(HttpContext context)
   at Water.Bill.Infrastructure.Middleware.GlobalExceptionLoggingMiddleware.InvokeAsync(HttpContext context) in C:\Users\Lekesh\Prince Yadav\Vedang Projects\Water Bill\VedangSoft.BPMS\Water.Bill\src\Water.Bill.Infrastructure\Middleware\GlobalExceptionLoggingMiddleware.cs:line 37
ClientConnectionId:6d6b72fd-ab68-4783-9677-3664c0803f55
Error Number:-2,State:0,Class:11
2026-06-23 20:17:20.304 +05:30 [ERR] Unhandled exception captured for /NotificationManagement/GetUnreadCount. TraceId: 0HNMH6FO5RTPP:00000005
System.OperationCanceledException: The operation was canceled.
   at System.Threading.CancellationToken.ThrowOperationCanceledException()
   at Microsoft.EntityFrameworkCore.Storage.ExecutionStrategy.ExecuteImplementationAsync[TState,TResult](Func`4 operation, Func`4 verifySucceeded, TState state, CancellationToken cancellationToken)
   at Microsoft.EntityFrameworkCore.Storage.ExecutionStrategy.ExecuteAsync[TState,TResult](TState state, Func`4 operation, Func`4 verifySucceeded, CancellationToken cancellationToken)
   at Microsoft.EntityFrameworkCore.Query.Internal.SingleQueryingEnumerable`1.AsyncEnumerator.MoveNextAsync()
   at Microsoft.EntityFrameworkCore.Query.ShapedQueryCompilingExpressionVisitor.SingleAsync[TSource](IAsyncEnumerable`1 asyncEnumerable, CancellationToken cancellationToken)
   at Microsoft.EntityFrameworkCore.Query.ShapedQueryCompilingExpressionVisitor.SingleAsync[TSource](IAsyncEnumerable`1 asyncEnumerable, CancellationToken cancellationToken)
   at Water.Bill.API.Controllers.Mvc.NotificationManagementController.GetUnreadCount(CancellationToken ct) in C:\Users\Lekesh\Prince Yadav\Vedang Projects\Water Bill\VedangSoft.BPMS\Water.Bill\src\Water.Bill.API\Controllers\Mvc\NotificationManagementController.cs:line 324
   at Microsoft.AspNetCore.Mvc.Infrastructure.ActionMethodExecutor.TaskOfIActionResultExecutor.Execute(ActionContext actionContext, IActionResultTypeMapper mapper, ObjectMethodExecutor executor, Object controller, Object[] arguments)
   at Microsoft.AspNetCore.Mvc.Infrastructure.ControllerActionInvoker.<InvokeActionMethodAsync>g__Awaited|12_0(ControllerActionInvoker invoker, ValueTask`1 actionResultValueTask)
   at Microsoft.AspNetCore.Mvc.Infrastructure.ControllerActionInvoker.<InvokeNextActionFilterAsync>g__Awaited|10_0(ControllerActionInvoker invoker, Task lastTask, State next, Scope scope, Object state, Boolean isCompleted)
   at Microsoft.AspNetCore.Mvc.Infrastructure.ControllerActionInvoker.Rethrow(ActionExecutedContextSealed context)
   at Microsoft.AspNetCore.Mvc.Infrastructure.ControllerActionInvoker.Next(State& next, Scope& scope, Object& state, Boolean& isCompleted)
   at Microsoft.AspNetCore.Mvc.Infrastructure.ControllerActionInvoker.InvokeInnerFilterAsync()
--- End of stack trace from previous location ---
   at Microsoft.AspNetCore.Mvc.Infrastructure.ResourceInvoker.<InvokeNextResourceFilter>g__Awaited|25_0(ResourceInvoker invoker, Task lastTask, State next, Scope scope, Object state, Boolean isCompleted)
   at Microsoft.AspNetCore.Mvc.Infrastructure.ResourceInvoker.Rethrow(ResourceExecutedContextSealed context)
   at Microsoft.AspNetCore.Mvc.Infrastructure.ResourceInvoker.Next(State& next, Scope& scope, Object& state, Boolean& isCompleted)
   at Microsoft.AspNetCore.Mvc.Infrastructure.ResourceInvoker.InvokeFilterPipelineAsync()
--- End of stack trace from previous location ---
   at Microsoft.AspNetCore.Mvc.Infrastructure.ResourceInvoker.<InvokeAsync>g__Awaited|17_0(ResourceInvoker invoker, Task task, IDisposable scope)
   at Microsoft.AspNetCore.Mvc.Infrastructure.ResourceInvoker.<InvokeAsync>g__Awaited|17_0(ResourceInvoker invoker, Task task, IDisposable scope)
   at Microsoft.AspNetCore.Authorization.AuthorizationMiddleware.Invoke(HttpContext context)
   at Program.<>c.<<<Main>$>b__0_5>d.MoveNext() in C:\Users\Lekesh\Prince Yadav\Vedang Projects\Water Bill\VedangSoft.BPMS\Water.Bill\src\Water.Bill.API\Program.cs:line 104
--- End of stack trace from previous location ---
   at Microsoft.AspNetCore.Authentication.AuthenticationMiddleware.Invoke(HttpContext context)
   at Water.Bill.Infrastructure.Middleware.GlobalExceptionLoggingMiddleware.InvokeAsync(HttpContext context) in C:\Users\Lekesh\Prince Yadav\Vedang Projects\Water Bill\VedangSoft.BPMS\Water.Bill\src\Water.Bill.Infrastructure\Middleware\GlobalExceptionLoggingMiddleware.cs:line 37
2026-06-23 20:21:14.636 +05:30 [WRN] The query uses the 'First'/'FirstOrDefault' operator without 'OrderBy' and filter operators. This may lead to unpredictable results.
2026-06-23 21:39:36.098 +05:30 [INF] Now listening on: https://localhost:7183
2026-06-23 21:39:38.352 +05:30 [INF] Now listening on: http://localhost:5264
2026-06-23 21:39:46.623 +05:30 [INF] Application started. Press Ctrl+C to shut down.
2026-06-23 21:39:47.763 +05:30 [INF] Hosting environment: Development
2026-06-23 21:39:48.648 +05:30 [INF] Content root path: C:\Users\Lekesh\Prince Yadav\Vedang Projects\Water Bill\VedangSoft.BPMS\Water.Bill\src\Water.Bill.API
2026-06-23 21:40:04.385 +05:30 [WRN] The 'bool' property 'IsActive' on entity type 'AuthorityLoginOtpVerification' is configured with a database-generated default, but has no configured sentinel value. The database-generated default will always be used for inserts when the property has the value 'False', since this is the CLR default for the 'bool' type. Consider using a nullable type, using a nullable backing field, or setting the sentinel value for the property to ensure the database default is used when, and only when, appropriate. See https://aka.ms/efcore-docs-default-values for more information.
2026-06-23 21:40:07.207 +05:30 [WRN] The 'bool' property 'IsDeleted' on entity type 'AuthorityLoginOtpVerification' is configured with a database-generated default, but has no configured sentinel value. The database-generated default will always be used for inserts when the property has the value 'False', since this is the CLR default for the 'bool' type. Consider using a nullable type, using a nullable backing field, or setting the sentinel value for the property to ensure the database default is used when, and only when, appropriate. See https://aka.ms/efcore-docs-default-values for more information.
2026-06-23 21:40:09.272 +05:30 [WRN] The 'bool' property 'IsActive' on entity type 'CommunicationPurpose' is configured with a database-generated default, but has no configured sentinel value. The database-generated default will always be used for inserts when the property has the value 'False', since this is the CLR default for the 'bool' type. Consider using a nullable type, using a nullable backing field, or setting the sentinel value for the property to ensure the database default is used when, and only when, appropriate. See https://aka.ms/efcore-docs-default-values for more information.
2026-06-23 21:40:09.276 +05:30 [WRN] The 'bool' property 'IsSystem' on entity type 'CommunicationPurpose' is configured with a database-generated default, but has no configured sentinel value. The database-generated default will always be used for inserts when the property has the value 'False', since this is the CLR default for the 'bool' type. Consider using a nullable type, using a nullable backing field, or setting the sentinel value for the property to ensure the database default is used when, and only when, appropriate. See https://aka.ms/efcore-docs-default-values for more information.
2026-06-23 21:40:09.338 +05:30 [WRN] The 'bool' property 'IsActive' on entity type 'CommunicationTemplate' is configured with a database-generated default, but has no configured sentinel value. The database-generated default will always be used for inserts when the property has the value 'False', since this is the CLR default for the 'bool' type. Consider using a nullable type, using a nullable backing field, or setting the sentinel value for the property to ensure the database default is used when, and only when, appropriate. See https://aka.ms/efcore-docs-default-values for more information.
2026-06-23 21:40:09.343 +05:30 [WRN] The 'bool' property 'IsDefault' on entity type 'CommunicationTemplate' is configured with a database-generated default, but has no configured sentinel value. The database-generated default will always be used for inserts when the property has the value 'False', since this is the CLR default for the 'bool' type. Consider using a nullable type, using a nullable backing field, or setting the sentinel value for the property to ensure the database default is used when, and only when, appropriate. See https://aka.ms/efcore-docs-default-values for more information.
2026-06-23 21:40:09.360 +05:30 [WRN] The 'bool' property 'IsDeleted' on entity type 'CommunicationTemplate' is configured with a database-generated default, but has no configured sentinel value. The database-generated default will always be used for inserts when the property has the value 'False', since this is the CLR default for the 'bool' type. Consider using a nullable type, using a nullable backing field, or setting the sentinel value for the property to ensure the database default is used when, and only when, appropriate. See https://aka.ms/efcore-docs-default-values for more information.
2026-06-23 21:40:09.366 +05:30 [WRN] The 'bool' property 'IsActive' on entity type 'ConsumerOtpVerification' is configured with a database-generated default, but has no configured sentinel value. The database-generated default will always be used for inserts when the property has the value 'False', since this is the CLR default for the 'bool' type. Consider using a nullable type, using a nullable backing field, or setting the sentinel value for the property to ensure the database default is used when, and only when, appropriate. See https://aka.ms/efcore-docs-default-values for more information.
2026-06-23 21:40:09.372 +05:30 [WRN] The 'bool' property 'IsDeleted' on entity type 'ConsumerOtpVerification' is configured with a database-generated default, but has no configured sentinel value. The database-generated default will always be used for inserts when the property has the value 'False', since this is the CLR default for the 'bool' type. Consider using a nullable type, using a nullable backing field, or setting the sentinel value for the property to ensure the database default is used when, and only when, appropriate. See https://aka.ms/efcore-docs-default-values for more information.
2026-06-23 21:40:09.377 +05:30 [WRN] The 'bool' property 'IsDeleted' on entity type 'InAppNotification' is configured with a database-generated default, but has no configured sentinel value. The database-generated default will always be used for inserts when the property has the value 'False', since this is the CLR default for the 'bool' type. Consider using a nullable type, using a nullable backing field, or setting the sentinel value for the property to ensure the database default is used when, and only when, appropriate. See https://aka.ms/efcore-docs-default-values for more information.
2026-06-23 21:40:09.382 +05:30 [WRN] The 'bool' property 'IsRead' on entity type 'InAppNotification' is configured with a database-generated default, but has no configured sentinel value. The database-generated default will always be used for inserts when the property has the value 'False', since this is the CLR default for the 'bool' type. Consider using a nullable type, using a nullable backing field, or setting the sentinel value for the property to ensure the database default is used when, and only when, appropriate. See https://aka.ms/efcore-docs-default-values for more information.
2026-06-23 21:40:09.388 +05:30 [WRN] The 'bool' property 'ShowInSidebar' on entity type 'Menuitem' is configured with a database-generated default, but has no configured sentinel value. The database-generated default will always be used for inserts when the property has the value 'False', since this is the CLR default for the 'bool' type. Consider using a nullable type, using a nullable backing field, or setting the sentinel value for the property to ensure the database default is used when, and only when, appropriate. See https://aka.ms/efcore-docs-default-values for more information.
2026-06-23 21:40:09.394 +05:30 [WRN] The 'bool' property 'IsActive' on entity type 'PermissionModule' is configured with a database-generated default, but has no configured sentinel value. The database-generated default will always be used for inserts when the property has the value 'False', since this is the CLR default for the 'bool' type. Consider using a nullable type, using a nullable backing field, or setting the sentinel value for the property to ensure the database default is used when, and only when, appropriate. See https://aka.ms/efcore-docs-default-values for more information.
2026-06-23 21:40:09.399 +05:30 [WRN] The 'bool' property 'IsDeleted' on entity type 'PermissionModule' is configured with a database-generated default, but has no configured sentinel value. The database-generated default will always be used for inserts when the property has the value 'False', since this is the CLR default for the 'bool' type. Consider using a nullable type, using a nullable backing field, or setting the sentinel value for the property to ensure the database default is used when, and only when, appropriate. See https://aka.ms/efcore-docs-default-values for more information.
2026-06-23 22:43:54.577 +05:30 [INF] Now listening on: https://localhost:7183
2026-06-23 22:43:55.294 +05:30 [INF] Now listening on: http://localhost:5264
2026-06-23 22:43:55.739 +05:30 [INF] Application started. Press Ctrl+C to shut down.
2026-06-23 22:43:58.300 +05:30 [INF] Hosting environment: Development
2026-06-23 22:43:58.335 +05:30 [INF] Content root path: C:\Users\Lekesh\Prince Yadav\Vedang Projects\Water Bill\VedangSoft.BPMS\Water.Bill\src\Water.Bill.API
2026-06-23 22:44:08.307 +05:30 [WRN] The 'bool' property 'IsActive' on entity type 'AuthorityLoginOtpVerification' is configured with a database-generated default, but has no configured sentinel value. The database-generated default will always be used for inserts when the property has the value 'False', since this is the CLR default for the 'bool' type. Consider using a nullable type, using a nullable backing field, or setting the sentinel value for the property to ensure the database default is used when, and only when, appropriate. See https://aka.ms/efcore-docs-default-values for more information.
2026-06-23 22:44:08.316 +05:30 [WRN] The 'bool' property 'IsDeleted' on entity type 'AuthorityLoginOtpVerification' is configured with a database-generated default, but has no configured sentinel value. The database-generated default will always be used for inserts when the property has the value 'False', since this is the CLR default for the 'bool' type. Consider using a nullable type, using a nullable backing field, or setting the sentinel value for the property to ensure the database default is used when, and only when, appropriate. See https://aka.ms/efcore-docs-default-values for more information.
2026-06-23 22:44:08.320 +05:30 [WRN] The 'bool' property 'IsActive' on entity type 'CommunicationPurpose' is configured with a database-generated default, but has no configured sentinel value. The database-generated default will always be used for inserts when the property has the value 'False', since this is the CLR default for the 'bool' type. Consider using a nullable type, using a nullable backing field, or setting the sentinel value for the property to ensure the database default is used when, and only when, appropriate. See https://aka.ms/efcore-docs-default-values for more information.
2026-06-23 22:44:08.323 +05:30 [WRN] The 'bool' property 'IsSystem' on entity type 'CommunicationPurpose' is configured with a database-generated default, but has no configured sentinel value. The database-generated default will always be used for inserts when the property has the value 'False', since this is the CLR default for the 'bool' type. Consider using a nullable type, using a nullable backing field, or setting the sentinel value for the property to ensure the database default is used when, and only when, appropriate. See https://aka.ms/efcore-docs-default-values for more information.
2026-06-23 22:44:08.327 +05:30 [WRN] The 'bool' property 'IsActive' on entity type 'CommunicationTemplate' is configured with a database-generated default, but has no configured sentinel value. The database-generated default will always be used for inserts when the property has the value 'False', since this is the CLR default for the 'bool' type. Consider using a nullable type, using a nullable backing field, or setting the sentinel value for the property to ensure the database default is used when, and only when, appropriate. See https://aka.ms/efcore-docs-default-values for more information.
2026-06-23 22:44:08.331 +05:30 [WRN] The 'bool' property 'IsDefault' on entity type 'CommunicationTemplate' is configured with a database-generated default, but has no configured sentinel value. The database-generated default will always be used for inserts when the property has the value 'False', since this is the CLR default for the 'bool' type. Consider using a nullable type, using a nullable backing field, or setting the sentinel value for the property to ensure the database default is used when, and only when, appropriate. See https://aka.ms/efcore-docs-default-values for more information.
2026-06-23 22:44:08.336 +05:30 [WRN] The 'bool' property 'IsDeleted' on entity type 'CommunicationTemplate' is configured with a database-generated default, but has no configured sentinel value. The database-generated default will always be used for inserts when the property has the value 'False', since this is the CLR default for the 'bool' type. Consider using a nullable type, using a nullable backing field, or setting the sentinel value for the property to ensure the database default is used when, and only when, appropriate. See https://aka.ms/efcore-docs-default-values for more information.
2026-06-23 22:44:08.342 +05:30 [WRN] The 'bool' property 'IsActive' on entity type 'ConsumerOtpVerification' is configured with a database-generated default, but has no configured sentinel value. The database-generated default will always be used for inserts when the property has the value 'False', since this is the CLR default for the 'bool' type. Consider using a nullable type, using a nullable backing field, or setting the sentinel value for the property to ensure the database default is used when, and only when, appropriate. See https://aka.ms/efcore-docs-default-values for more information.
2026-06-23 22:44:08.347 +05:30 [WRN] The 'bool' property 'IsDeleted' on entity type 'ConsumerOtpVerification' is configured with a database-generated default, but has no configured sentinel value. The database-generated default will always be used for inserts when the property has the value 'False', since this is the CLR default for the 'bool' type. Consider using a nullable type, using a nullable backing field, or setting the sentinel value for the property to ensure the database default is used when, and only when, appropriate. See https://aka.ms/efcore-docs-default-values for more information.
2026-06-23 22:44:08.352 +05:30 [WRN] The 'bool' property 'IsDeleted' on entity type 'InAppNotification' is configured with a database-generated default, but has no configured sentinel value. The database-generated default will always be used for inserts when the property has the value 'False', since this is the CLR default for the 'bool' type. Consider using a nullable type, using a nullable backing field, or setting the sentinel value for the property to ensure the database default is used when, and only when, appropriate. See https://aka.ms/efcore-docs-default-values for more information.
2026-06-23 22:44:08.358 +05:30 [WRN] The 'bool' property 'IsRead' on entity type 'InAppNotification' is configured with a database-generated default, but has no configured sentinel value. The database-generated default will always be used for inserts when the property has the value 'False', since this is the CLR default for the 'bool' type. Consider using a nullable type, using a nullable backing field, or setting the sentinel value for the property to ensure the database default is used when, and only when, appropriate. See https://aka.ms/efcore-docs-default-values for more information.
2026-06-23 22:44:08.363 +05:30 [WRN] The 'bool' property 'ShowInSidebar' on entity type 'Menuitem' is configured with a database-generated default, but has no configured sentinel value. The database-generated default will always be used for inserts when the property has the value 'False', since this is the CLR default for the 'bool' type. Consider using a nullable type, using a nullable backing field, or setting the sentinel value for the property to ensure the database default is used when, and only when, appropriate. See https://aka.ms/efcore-docs-default-values for more information.
2026-06-23 22:44:08.368 +05:30 [WRN] The 'bool' property 'IsActive' on entity type 'PermissionModule' is configured with a database-generated default, but has no configured sentinel value. The database-generated default will always be used for inserts when the property has the value 'False', since this is the CLR default for the 'bool' type. Consider using a nullable type, using a nullable backing field, or setting the sentinel value for the property to ensure the database default is used when, and only when, appropriate. See https://aka.ms/efcore-docs-default-values for more information.
2026-06-23 22:44:08.372 +05:30 [WRN] The 'bool' property 'IsDeleted' on entity type 'PermissionModule' is configured with a database-generated default, but has no configured sentinel value. The database-generated default will always be used for inserts when the property has the value 'False', since this is the CLR default for the 'bool' type. Consider using a nullable type, using a nullable backing field, or setting the sentinel value for the property to ensure the database default is used when, and only when, appropriate. See https://aka.ms/efcore-docs-default-values for more information.
2026-06-23 23:25:29.029 +05:30 [INF] Now listening on: https://localhost:7183
2026-06-23 23:25:29.300 +05:30 [INF] Now listening on: http://localhost:5264
2026-06-23 23:25:30.571 +05:30 [INF] Application started. Press Ctrl+C to shut down.
2026-06-23 23:25:31.689 +05:30 [INF] Hosting environment: Development
2026-06-23 23:25:35.087 +05:30 [INF] Content root path: C:\Users\Lekesh\Prince Yadav\Vedang Projects\Water Bill\VedangSoft.BPMS\Water.Bill\src\Water.Bill.API
2026-06-23 23:25:54.925 +05:30 [WRN] The 'bool' property 'IsActive' on entity type 'AuthorityLoginOtpVerification' is configured with a database-generated default, but has no configured sentinel value. The database-generated default will always be used for inserts when the property has the value 'False', since this is the CLR default for the 'bool' type. Consider using a nullable type, using a nullable backing field, or setting the sentinel value for the property to ensure the database default is used when, and only when, appropriate. See https://aka.ms/efcore-docs-default-values for more information.
2026-06-23 23:25:55.258 +05:30 [WRN] The 'bool' property 'IsDeleted' on entity type 'AuthorityLoginOtpVerification' is configured with a database-generated default, but has no configured sentinel value. The database-generated default will always be used for inserts when the property has the value 'False', since this is the CLR default for the 'bool' type. Consider using a nullable type, using a nullable backing field, or setting the sentinel value for the property to ensure the database default is used when, and only when, appropriate. See https://aka.ms/efcore-docs-default-values for more information.
2026-06-23 23:25:55.296 +05:30 [WRN] The 'bool' property 'IsActive' on entity type 'CommunicationPurpose' is configured with a database-generated default, but has no configured sentinel value. The database-generated default will always be used for inserts when the property has the value 'False', since this is the CLR default for the 'bool' type. Consider using a nullable type, using a nullable backing field, or setting the sentinel value for the property to ensure the database default is used when, and only when, appropriate. See https://aka.ms/efcore-docs-default-values for more information.
2026-06-23 23:25:55.319 +05:30 [WRN] The 'bool' property 'IsSystem' on entity type 'CommunicationPurpose' is configured with a database-generated default, but has no configured sentinel value. The database-generated default will always be used for inserts when the property has the value 'False', since this is the CLR default for the 'bool' type. Consider using a nullable type, using a nullable backing field, or setting the sentinel value for the property to ensure the database default is used when, and only when, appropriate. See https://aka.ms/efcore-docs-default-values for more information.
2026-06-23 23:25:55.345 +05:30 [WRN] The 'bool' property 'IsActive' on entity type 'CommunicationTemplate' is configured with a database-generated default, but has no configured sentinel value. The database-generated default will always be used for inserts when the property has the value 'False', since this is the CLR default for the 'bool' type. Consider using a nullable type, using a nullable backing field, or setting the sentinel value for the property to ensure the database default is used when, and only when, appropriate. See https://aka.ms/efcore-docs-default-values for more information.
2026-06-23 23:25:55.375 +05:30 [WRN] The 'bool' property 'IsDefault' on entity type 'CommunicationTemplate' is configured with a database-generated default, but has no configured sentinel value. The database-generated default will always be used for inserts when the property has the value 'False', since this is the CLR default for the 'bool' type. Consider using a nullable type, using a nullable backing field, or setting the sentinel value for the property to ensure the database default is used when, and only when, appropriate. See https://aka.ms/efcore-docs-default-values for more information.
2026-06-23 23:25:55.408 +05:30 [WRN] The 'bool' property 'IsDeleted' on entity type 'CommunicationTemplate' is configured with a database-generated default, but has no configured sentinel value. The database-generated default will always be used for inserts when the property has the value 'False', since this is the CLR default for the 'bool' type. Consider using a nullable type, using a nullable backing field, or setting the sentinel value for the property to ensure the database default is used when, and only when, appropriate. See https://aka.ms/efcore-docs-default-values for more information.
2026-06-23 23:25:55.462 +05:30 [WRN] The 'bool' property 'IsActive' on entity type 'ConsumerOtpVerification' is configured with a database-generated default, but has no configured sentinel value. The database-generated default will always be used for inserts when the property has the value 'False', since this is the CLR default for the 'bool' type. Consider using a nullable type, using a nullable backing field, or setting the sentinel value for the property to ensure the database default is used when, and only when, appropriate. See https://aka.ms/efcore-docs-default-values for more information.
2026-06-23 23:25:55.754 +05:30 [WRN] The 'bool' property 'IsDeleted' on entity type 'ConsumerOtpVerification' is configured with a database-generated default, but has no configured sentinel value. The database-generated default will always be used for inserts when the property has the value 'False', since this is the CLR default for the 'bool' type. Consider using a nullable type, using a nullable backing field, or setting the sentinel value for the property to ensure the database default is used when, and only when, appropriate. See https://aka.ms/efcore-docs-default-values for more information.
2026-06-23 23:25:56.050 +05:30 [WRN] The 'bool' property 'IsDeleted' on entity type 'InAppNotification' is configured with a database-generated default, but has no configured sentinel value. The database-generated default will always be used for inserts when the property has the value 'False', since this is the CLR default for the 'bool' type. Consider using a nullable type, using a nullable backing field, or setting the sentinel value for the property to ensure the database default is used when, and only when, appropriate. See https://aka.ms/efcore-docs-default-values for more information.
2026-06-23 23:25:56.124 +05:30 [WRN] The 'bool' property 'IsRead' on entity type 'InAppNotification' is configured with a database-generated default, but has no configured sentinel value. The database-generated default will always be used for inserts when the property has the value 'False', since this is the CLR default for the 'bool' type. Consider using a nullable type, using a nullable backing field, or setting the sentinel value for the property to ensure the database default is used when, and only when, appropriate. See https://aka.ms/efcore-docs-default-values for more information.
2026-06-23 23:25:56.401 +05:30 [WRN] The 'bool' property 'ShowInSidebar' on entity type 'Menuitem' is configured with a database-generated default, but has no configured sentinel value. The database-generated default will always be used for inserts when the property has the value 'False', since this is the CLR default for the 'bool' type. Consider using a nullable type, using a nullable backing field, or setting the sentinel value for the property to ensure the database default is used when, and only when, appropriate. See https://aka.ms/efcore-docs-default-values for more information.
2026-06-23 23:25:56.511 +05:30 [WRN] The 'bool' property 'IsActive' on entity type 'PermissionModule' is configured with a database-generated default, but has no configured sentinel value. The database-generated default will always be used for inserts when the property has the value 'False', since this is the CLR default for the 'bool' type. Consider using a nullable type, using a nullable backing field, or setting the sentinel value for the property to ensure the database default is used when, and only when, appropriate. See https://aka.ms/efcore-docs-default-values for more information.
2026-06-23 23:25:56.517 +05:30 [WRN] The 'bool' property 'IsDeleted' on entity type 'PermissionModule' is configured with a database-generated default, but has no configured sentinel value. The database-generated default will always be used for inserts when the property has the value 'False', since this is the CLR default for the 'bool' type. Consider using a nullable type, using a nullable backing field, or setting the sentinel value for the property to ensure the database default is used when, and only when, appropriate. See https://aka.ms/efcore-docs-default-values for more information.
